customer_gender,customer_age,is_bank_staff,years_with_bank,sms_banking_registered,verification_method,ebanking_registration_channel,num_activity_types,num_transaction_types,avg_monthly_transactions,avg_transaction_amount_vnd,num_current_accounts,avg_current_account_balance_vnd,max_current_account_balance_vnd,min_current_account_balance_vnd,num_term_deposits,avg_term_deposit_balance_vnd,max_term_deposit_balance_vnd,min_term_deposit_balance_vnd,num_loans,avg_loan_balance_vnd,max_loan_balance_vnd,min_loan_balance_vnd,num_credit_cards,num_debit_cards,Target
0,21.4585,0,3.7361,1,1,1,2,6,12.2138,59.918,0,93.12,32.938,32.893,1,42.693,16.583,3.322,1,61.941,51.855,0.087,0,1,0
0,38.6423,0,19.988,1,1,0,8,2,15.234,15.616,0,134.455,149.193,22.724,1,46.975,24.126,9.732,1,47.969,67.347,0.462,0,1,0
1,38.9451,0,19.3687,1,1,0,2,7,17.0645,18.577,0,106.746,59.223,21.234,1,11.394,187.983,9.685,1,62.123,18.826,0.712,0,0,0
1,38.1708,0,4.9987,1,1,0,2,2,14.9079,54.84,0,126.538,18.528,23.16,1,98.664,16.595,3.732,1,43.613,70.723,0.848,0,1,0
1,38.3076,0,3.6246,1,1,0,18,7,18.4258,51.554,0,96.459,210.838,31.773,1,52.613,76.113,0.669,1,41.381,56.25,1.816,0,1,0
0,30.1093,0,19.0473,1,1,0,6,8,14.4487,42.585,0,168.05,215.274,36.636,1,40.602,80.913,5.32,1,112.689,5.626,1.979,0,0,0
1,38.2076,0,8.9009,1,1,0,4,2,16.5317,59.533,0,166.117,66.636,32.672,1,41.55,14.175,6.529,1,6.017,73.517,0.584,0,0,0
1,38.417,0,1.5648,1,1,0,2,6,10.5643,1.816,0,131.758,396.312,32.801,1,8.452,24.474,3.446,1,21.261,91.258,0.862,0,1,0
1,24.3871,0,10.3067,1,1,0,1,2,16.4992,0.34,0,73.473,110.956,39.992,1,49.021,12.234,3.141,1,81.22,28.98,0.097,0,1,0
0,38.0506,0,13.8053,1,1,0,2,3,14.1121,56.005,0,192.732,38.993,26.835,1,32.963,33.758,3.46,1,8.329,14.075,0.671,0,1,0
1,38.867,0,18.9089,1,1,0,4,2,36.0245,57.254,0,70.05,19.352,14.296,1,42.732,81.219,3.36,1,84.524,81.942,1.713,0,1,0
1,35.155,0,10.1515,0,1,1,8,5,16.4483,43.924,0,124.112,85.004,23.788,1,68.229,38.984,4.789,1,16.223,33.98,0.733,0,1,1
1,38.3951,0,18.6274,1,1,0,2,2,10.8451,49.276,0,150.462,42.545,22.778,1,48.169,26.36,1.505,1,13.233,71.949,0.572,0,1,0
1,34.2976,0,5.4791,1,1,0,2,6,15.9191,35.449,0,56.744,90.293,3.423,1,2.371,51.072,9.942,1,69.929,11.175,0.927,0,1,0
1,38.0738,0,7.9593,1,1,0,2,8,18.4664,48.065,0,179.532,18.333,31.91,1,60.948,90.744,2.789,1,31.741,53.971,3.973,0,1,0
1,38.1266,0,11.632,1,1,0,2,6,12.9159,56.893,0,117.272,53.442,33.502,1,40.846,111.926,5.732,1,62.069,53.902,11.578,1,0,0
1,30.1622,0,12.2099,1,1,0,2,8,19.4317,49.434,0,42.549,146.111,23.756,1,18.065,129.911,8.334,1,5.253,76.877,0.262,0,1,0
1,28.3454,0,10.6387,1,1,0,18,8,12.4091,40.98,0,139.538,187.474,35.274,1,43.305,8.503,3.951,1,11.601,65.07,0.7,0,1,0
1,31.1237,0,15.1445,1,1,2,1,8,26.665,60.82,0,549.819,300.415,2.175,1,32.965,0.923,9.528,1,1.211,52.471,0.716,0,1,0
0,38.3065,0,13.0588,1,1,2,2,3,15.8357,59.236,0,79.708,169.35,3.231,1,59.599,83.529,4.649,1,35.266,4.304,2.71,0,1,0
0,31.3226,0,3.8095,1,1,0,2,6,17.5017,50.5,0,57.897,75.58,10.098,1,62.393,88.463,9.25,1,137.104,363.935,4.99,0,1,0
1,28.4047,0,21.8603,1,1,2,4,2,13.1736,35.62,0,142.038,39.206,3.681,1,33.859,96.709,7.382,1,45.365,57.405,0.087,0,1,0
0,30.6859,0,11.8418,1,1,1,2,6,15.5697,53.944,0,90.313,1.345,22.026,1,30.119,108.581,3.699,1,42.524,18.162,0.731,0,1,0
1,38.6008,0,14.8481,0,1,0,2,2,27.1901,53.245,0,154.296,20.376,18.268,1,59.399,87.1,9.338,1,69.759,54.976,0.572,0,1,0
1,23.6067,0,15.5493,1,1,0,2,8,13.2364,52.694,0,62.087,8.656,29.219,1,42.1,49.469,3.411,1,80.962,21.831,0.272,0,1,0
1,24.0549,0,7.9683,1,1,0,0,8,14.4715,47.82,0,150.318,70.368,30.462,1,47.631,48.538,7.929,1,141.969,11.461,1.203,1,0,0
1,43.3613,0,13.3243,1,1,0,2,6,12.5297,83.753,0,117.82,217.382,2.744,1,9.044,14.58,3.158,1,52.043,11.556,20.181,0,1,0
1,21.3706,0,10.0306,1,1,0,4,7,19.3288,59.933,0,159.347,25.496,2.219,1,39.489,0.916,7.215,1,62.367,59.755,0.375,0,1,0
1,38.9078,0,10.9175,1,1,0,2,8,17.4275,51.833,0,198.717,125.236,11.368,1,93.741,60.971,4.258,1,0.923,80.931,0.583,0,1,0
1,23.1869,0,10.004,1,1,0,2,3,16.5357,68.666,0,74.229,390.456,18.75,1,15.31,10.227,4.613,1,18.753,84.975,1.562,1,1,0
1,20.6331,0,12.7671,1,1,0,2,2,12.3101,48.546,0,102.384,167.338,31.992,1,2.421,22.473,3.289,1,35.288,56.526,1.152,1,1,0
1,28.2759,0,19.6088,1,1,0,2,2,14.4455,57.814,0,24.74,19.355,32.422,1,48.065,10.593,7.851,1,2.329,68.779,0.991,1,1,0
1,38.409,0,23.737,1,1,0,2,6,16.5494,55.283,0,67.335,40.605,22.116,1,17.984,12.482,2.07,4,65.917,63.871,1.536,1,1,0
0,38.464,0,16.7607,1,1,0,12,1,18.3949,57.622,0,153.553,8.804,37.665,1,59.98,26.773,9.936,1,99.31,36.071,0.977,0,1,0
1,38.905,0,18.3202,1,1,0,2,2,24.0947,46.82,0,6.813,69.372,30.998,1,63.921,53.108,0.756,1,13.56,70.75,0.615,0,1,0
1,38.8201,0,11.9439,1,1,2,2,2,12.1646,41.834,0,38.957,215.822,7.499,1,62.992,50.503,16.663,1,81.163,11.703,3.081,0,1,0
1,38.3688,0,0.9609,1,1,0,5,6,18.9546,18.154,0,143.883,66.31,29.283,1,5.195,0.913,9.959,1,0.303,1.866,0.077,1,1,0
1,37.7675,0,10.9155,1,1,0,2,6,13.1581,40.923,0,2.516,106.356,22.683,1,47.079,67.243,3.72,1,111.254,61.532,5.62,0,1,0
1,34.0391,0,11.7571,1,1,0,2,2,19.5921,37.885,0,155.793,215.878,3.094,1,59.422,26.074,3.344,1,99.642,89.053,0.878,0,1,0
0,34.6953,0,19.9171,1,1,0,0,2,15.144,56.827,0,8.512,203.366,37.052,1,16.482,50.557,3.382,1,5.101,83.971,1.2,0,1,0
1,34.4255,0,12.9986,1,1,0,2,6,11.2027,54.513,0,160.032,79.679,39.59,1,21.685,39.711,1.011,1,97.283,86.94,7.077,0,1,0
0,28.6578,0,17.5204,1,1,1,2,6,11.4005,59.247,0,75.312,124.155,30.983,1,17.563,5.906,9.877,1,66.619,261.009,9.075,0,0,0
1,38.4718,0,13.9917,1,1,2,2,4,16.1147,67.915,0,62.874,42.304,29.722,1,35.544,8.533,3.408,1,15.132,29.182,5.222,0,0,0
0,28.6035,0,16.9222,1,1,0,1,1,33.4129,36.203,0,102.823,29.339,14.198,1,56.502,87.154,1.053,1,69.303,71.129,1.652,0,1,0
1,33.6073,0,14.7369,1,1,0,7,7,15.5908,57.825,0,49.53,47.296,22.752,1,69.695,3.836,7.319,1,0.108,29.875,0.764,0,1,0
1,30.3751,0,19.0013,1,1,0,1,5,12.0181,44.796,0,521.549,70.375,29.856,1,68.01,17.244,6.684,1,131.918,9.752,1.067,0,1,0
1,30.6778,0,7.1343,1,1,0,2,6,11.5018,14.88,0,39.889,11.19,0.91,1,9.085,110.025,8.322,1,72.123,18.766,0.303,0,1,0
1,38.1302,0,8.0258,1,1,0,2,2,15.6885,59.269,0,83.301,99.316,2.184,1,9.351,2.023,2.455,1,13.113,1.44,0.576,0,0,0
0,30.1892,0,18.2607,1,1,0,2,1,13.7229,57.787,0,52.502,37.547,0.486,1,20.234,105.413,3.33,0,13.294,59.117,0.887,1,1,0
0,20.1739,0,19.9473,1,1,1,2,2,19.5296,9.566,0,95.026,204.314,0.224,1,43.651,46.41,9.765,0,103.064,83.385,2.121,0,1,0
0,30.6422,0,19.9001,1,1,0,2,2,19.0504,59.024,0,100.082,20.344,33.448,1,60.411,50.63,4.942,1,22.007,4.55,1.823,1,1,0
1,33.677,0,17.8248,1,1,1,2,8,36.3157,94.956,0,55.405,16.227,33.278,1,16.107,8.063,9.998,1,38.92,81.688,1.52,0,1,0
1,32.5973,0,22.3953,1,1,0,8,1,13.3102,59.663,0,53.424,77.977,10.668,1,65.674,153.949,3.526,1,62.172,65.175,0.912,0,1,0
1,37.3063,0,16.0729,1,1,1,0,8,14.4481,59.958,0,22.331,49.367,33.217,1,38.124,12.584,9.678,1,76.221,43.171,20.677,0,1,0
0,40.1615,0,10.5387,1,1,0,2,7,15.0589,44.943,0,122.871,78.824,31.194,1,42.301,13.939,3.308,1,5.023,61.739,9.591,0,1,0
1,33.0592,0,14.5161,1,1,0,2,4,13.5629,59.194,0,136.814,715.585,3.964,1,32.524,48.013,3.736,1,87.763,74.22,0.052,0,1,0
1,38.8498,0,25.0632,1,1,0,2,2,17.6255,84.947,0,152.885,262.452,5.246,1,36.13,12.823,7.301,1,65.145,29.17,0.709,0,1,0
1,33.8071,0,4.9027,1,1,0,0,1,19.4115,54.573,0,114.586,19.317,26.047,1,9.391,156.283,36.159,1,1.249,98.951,1.088,0,1,0
1,38.3452,0,2.8151,0,1,0,2,2,14.5215,19.903,0,15.889,23.307,8.776,1,1.698,56.304,9.999,1,13.652,16.056,0.383,0,1,0
0,31.1718,0,26.6044,1,1,0,2,2,10.8822,53.047,0,12.082,77.251,26.088,0,71.306,76.987,3.924,1,53.515,32.306,8.662,1,1,0
1,32.47,0,11.7963,1,1,0,18,8,10.5655,50.638,0,8.542,20.597,9.733,1,46.965,11.205,9.958,1,60.113,32.79,14.871,1,1,0
1,28.0896,0,13.1107,1,1,1,2,6,12.5995,49.929,0,110.513,270.392,32.768,1,19.431,11.393,0.989,1,13.309,92.872,0.664,1,1,0
0,38.5178,0,19.6253,1,1,0,8,8,18.3027,50.102,0,137.98,338.352,31.752,1,11.345,0.533,4.099,1,12.948,51.12,1.112,0,1,0
1,38.88,0,18.7759,1,1,1,2,6,10.1247,69.567,0,634.335,65.352,2.892,1,48.275,128.515,8.985,1,70.059,34.18,0.281,0,1,0
0,30.393,0,10.9612,1,1,0,2,4,16.8759,14.014,0,52.755,21.396,17.292,1,63.085,76.993,1.479,1,1.262,39.927,8.51,0,1,0
1,28.805,0,2.9255,1,1,0,2,6,14.57,6.489,0,139.412,10.01,34.052,1,63.505,41.444,3.022,1,9.121,19.968,1.623,0,1,0
1,38.0875,0,9.2105,1,1,0,4,2,11.3194,6.476,0,164.615,219.981,31.576,1,8.383,45.523,8.301,1,21.023,62.578,0.042,0,1,0
1,20.055,0,4.2551,1,1,0,2,5,15.6636,61.563,0,68.463,6.8,4.474,1,41.393,604.204,0.94,1,60.261,54.166,1.27,0,1,0
1,31.0625,0,17.9149,1,1,1,2,2,10.0216,59.438,0,75.8,147.317,26.628,1,42.397,59.86,7.355,1,72.288,73.73,1.087,0,1,0
1,22.1506,0,18.1756,1,1,1,2,2,18.5942,48.229,0,66.774,240.322,13.535,1,8.155,18.959,3.922,1,49.118,81.17,0.877,1,0,0
0,25.609,0,12.9687,1,1,0,8,2,13.4645,93.514,0,67.647,42.853,32.952,1,41.884,17.907,5.267,1,47.966,63.272,0.775,1,1,0
0,28.1605,0,19.6553,1,1,0,6,5,11.8924,57.53,0,58.544,-6.752,0.653,1,43.022,7.973,3.727,1,93.182,76.504,0.472,0,1,0
1,20.175,0,15.0061,1,1,0,2,2,26.715,55.865,0,44.235,73.573,32.663,1,1.311,65.964,9.944,1,79.938,4.979,0.175,0,0,0
1,28.7701,0,19.6554,0,1,2,10,8,19.6753,57.025,0,88.86,42.078,26.868,1,67.536,13.44,2.32,1,71.26,64.221,0.077,0,1,0
1,38.3538,0,17.8754,1,1,0,2,8,16.1436,69.501,0,46.888,456.566,19.568,1,69.326,60.268,3.846,1,7.541,68.659,1.677,0,0,0
1,32.7006,0,10.6578,1,1,0,2,2,12.8199,39.643,0,84.72,243.89,32.116,1,49.371,78.949,4.406,1,12.924,634.166,0.152,0,1,0
1,38.7327,0,8.0554,1,1,0,1,5,18.2673,41.848,0,65.784,208.502,23.263,1,12.266,147.253,3.308,1,53.169,52.579,0.015,1,1,0
1,34.0073,0,10.6078,1,1,0,2,2,16.4241,67.315,0,42.347,97.613,0.279,1,93.114,77.284,4.081,1,15.761,6.7,0.163,0,0,0
1,21.9577,0,4.6431,1,1,0,4,8,16.8485,51.85,0,15.583,68.85,2.948,1,9.135,6.629,16.339,1,61.434,74.95,1.097,1,1,0
1,30.8495,0,8.038,1,1,2,2,8,23.144,51.663,0,10.177,40.476,23.28,1,1.681,90.908,6.283,1,21.88,29.857,1.295,0,1,0
1,38.925,0,10.1954,1,1,0,2,3,16.1191,50.969,0,171.785,269.155,28.259,1,41.424,31.294,3.369,1,1.131,68.975,1.96,0,0,1
1,40.279,0,10.0957,1,1,0,2,1,17.5624,40.456,0,149.83,79.315,18.902,1,9.653,39.598,5.789,1,79.709,76.172,5.074,0,0,0
1,38.2708,0,13.3569,1,1,0,2,2,13.6245,56.833,0,45.277,71.304,12.538,1,69.399,50.401,2.112,1,102.088,53.737,0.207,0,1,0
0,28.455,0,19.9454,1,1,2,2,7,10.5797,51.423,0,195.942,16.393,32.159,1,40.591,542.922,3.819,1,72.989,41.576,2.867,0,1,0
1,28.0013,0,11.5533,1,1,0,5,2,14.0643,54.04,0,174.34,49.878,36.951,1,54.743,284.634,2.214,1,45.211,16.664,0.291,0,1,0
0,20.1127,0,19.8397,1,1,1,2,8,11.4314,58.854,0,147.243,51.763,33.446,1,17.092,80.672,22.229,1,11.322,81.171,14.597,0,1,0
1,28.7528,0,4.019,1,1,0,18,2,10.4801,59.84,0,256.507,83.353,39.228,1,65.782,6.239,0.588,1,91.187,8.333,0.893,0,1,0
1,38.7088,0,0.1709,1,1,0,3,2,14.8494,52.243,0,151.685,53.868,2.562,1,1.636,8.027,36.623,1,31.017,67.159,0.847,0,1,0
1,38.7028,0,18.9123,1,1,2,5,1,18.8347,66.243,0,17.547,64.358,31.627,1,59.743,73.823,9.909,1,1.913,83.903,15.019,0,0,0
1,34.9858,0,18.9827,0,1,0,1,6,18.6654,28.525,0,48.453,266.851,18.179,1,48.22,57.959,2.97,1,2.368,82.821,0.918,0,1,0
0,53.1655,0,12.4756,1,1,0,2,8,14.354,44.969,0,10.085,389.83,9.185,1,40.139,53.934,3.31,1,35.018,81.953,0.063,0,1,0
1,31.4701,0,12.5112,1,1,0,2,6,16.5592,76.583,0,157.203,96.912,2.558,1,1.111,11.912,3.125,1,2.192,83.952,0.772,0,1,0
1,21.4136,0,15.208,1,1,0,8,2,18.0727,59.243,0,165.542,608.878,24.346,1,38.511,62.025,9.838,1,7.123,89.17,0.072,0,0,0
1,31.827,0,11.9175,0,1,0,2,2,15.8776,60.473,0,34.182,28.496,0.735,1,59.423,75.784,3.72,1,13.021,74.995,0.673,0,1,0
0,38.3808,0,15.3741,1,1,0,3,2,19.4024,56.664,0,143.856,36.355,12.59,1,6.59,88.47,9.002,1,65.528,97.923,0.163,0,1,0
1,38.6493,0,2.3099,1,1,0,5,5,16.4548,59.816,0,130.402,11.838,24.473,1,8.248,1.965,0.356,1,47.785,23.126,0.092,0,0,0
0,25.8046,0,10.9644,1,1,2,2,2,13.8154,51.724,0,148.072,242.442,13.135,1,49.114,195.283,3.928,1,65.226,91.896,0.932,0,1,0
1,25.3268,0,17.6577,1,1,0,2,6,13.1284,64.043,0,120.122,31.877,31.433,1,48.498,19.694,0.916,1,8.953,36.376,9.995,0,0,0
1,22.1046,0,18.8193,1,1,0,9,1,19.9227,71.585,0,35.107,117.956,14.965,1,38.002,70.197,3.178,1,82.925,76.822,0.075,0,1,0
1,28.1858,0,1.0313,1,1,1,4,1,17.9574,41.299,0,73.015,60.312,3.258,1,68.454,16.66,3.108,1,42.953,33.166,0.763,0,1,0
0,28.1767,0,15.7604,1,1,0,4,2,10.2602,54.277,0,110.122,10.889,19.074,1,18.822,44.24,7.919,1,62.065,48.35,4.112,1,1,0
1,38.1472,0,4.3343,1,1,0,2,9,18.4024,46.569,0,144.578,2.438,2.615,1,10.428,57.563,7.524,1,5.626,78.175,0.3,0,1,0
0,28.8258,0,1.6308,1,1,0,2,7,10.3732,56.813,0,147.172,82.755,2.012,2,42.637,10.723,4.768,1,47.367,79.87,5.957,0,0,0
1,38.8206,0,12.8543,0,1,0,2,8,16.4214,5.413,0,72.523,89.72,32.296,1,8.047,19.204,0.281,1,61.366,73.771,0.057,0,0,0
1,20.1678,0,13.8468,1,1,0,2,6,14.2686,49.405,0,174.417,6.262,22.211,1,41.459,50.597,0.949,1,10.079,68.062,9.46,0,1,0
1,23.0498,0,18.7597,1,1,0,12,6,11.5045,18.964,0,170.153,69.723,0.673,1,48.092,48.193,0.173,1,10.199,85.174,0.31,0,1,0
0,34.1608,0,10.1393,0,1,0,6,2,26.3479,74.953,0,5.117,546.696,3.935,1,47.215,56.654,4.052,1,43.661,51.173,3.827,0,1,0
1,34.0622,0,18.6104,1,1,0,2,4,16.6365,54.847,0,17.564,9.795,31.168,1,43.841,141.011,4.942,1,293.117,99.725,1.04,0,1,0
1,30.7201,0,12.3794,1,1,0,6,7,12.2041,58.564,0,44.433,0.392,18.251,1,43.009,45.918,2.939,1,0.103,57.87,8.182,0,0,0
1,20.1701,0,3.4581,1,1,2,2,2,16.5085,57.853,2,195.363,220.693,34.239,1,48.514,81.934,9.028,1,163.777,5.871,8.087,0,1,0
1,30.076,0,9.4269,1,1,0,2,4,10.6167,56.93,0,149.585,48.336,1.288,1,41.612,6.524,6.729,1,23.481,30.373,0.586,0,0,0
1,30.3952,0,18.1062,1,1,2,2,2,18.718,54.914,0,110.093,40.017,36.1,1,39.794,87.003,3.622,1,101.059,33.956,0.842,0,1,0
0,25.355,0,10.3357,1,1,0,2,4,12.5043,29.454,0,143.689,63.458,12.101,1,7.348,67.177,9.962,1,98.935,94.12,1.272,0,1,0
0,22.8078,0,19.8517,1,1,0,2,1,16.2664,21.334,0,107.651,798.428,6.718,1,57.639,8.667,9.92,1,143.093,58.322,0.132,0,1,0
0,28.3575,0,10.4353,1,1,0,9,9,14.2165,51.443,0,105.885,196.95,26.452,1,53.351,6.726,9.108,1,165.96,13.303,4.073,0,1,0
1,31.097,0,10.35,1,1,1,2,4,14.5484,37.022,0,17.13,43.311,6.071,1,32.001,83.782,3.038,0,3.624,78.983,60.46,0,1,0
1,20.8072,0,18.0317,1,1,0,14,2,16.2745,58.946,0,140.03,47.08,32.013,1,18.432,147.223,9.515,0,55.163,57.453,0.504,0,1,0
1,32.603,0,15.3487,1,1,0,2,4,18.6107,59.554,0,15.914,21.911,0.465,1,67.851,78.966,9.259,1,103.349,36.575,15.315,0,1,0
1,30.1601,0,14.908,1,1,0,2,6,15.6173,58.576,0,155.715,16.333,3.184,1,42.607,17.505,0.322,1,90.269,71.771,0.145,0,0,0
0,34.1371,0,11.8586,1,1,0,6,2,10.603,58.016,0,48.513,69.622,22.652,1,48.029,8.833,7.063,1,45.961,95.96,3.716,0,1,0
1,20.6811,0,13.1277,1,1,2,8,9,14.7341,54.946,0,512.873,79.203,3.225,1,19.338,48.328,3.334,1,32.545,74.33,1.175,0,1,0
1,30.0009,0,8.0302,1,1,0,2,3,10.1761,88.964,0,70.839,347.874,10.913,1,32.21,90.619,3.417,1,66.721,83.173,0.358,0,0,0
1,32.1525,0,12.8343,1,1,0,2,2,16.4658,55.505,0,152.721,11.386,13.925,1,12.428,70.184,8.725,1,93.024,91.122,1.712,0,0,0
0,37.1056,0,10.3746,1,1,0,2,3,13.3216,20.52,1,127.573,17.024,30.158,1,58.896,206.903,5.438,1,141.264,7.12,1.3,1,1,0
1,24.4778,0,11.9048,1,1,1,8,5,13.3364,59.533,0,150.845,53.403,0.423,1,32.992,13.989,2.732,1,223.2,20.951,1.124,0,1,0
1,32.6396,0,5.3211,1,1,0,0,3,17.4491,42.82,3,39.517,88.947,20.279,1,91.416,17.762,3.611,1,92.922,65.27,0.672,0,1,0
0,34.38,0,5.5059,1,1,0,8,2,13.601,54.813,0,65.582,13.858,30.185,1,38.882,70.762,3.598,1,49.203,13.251,6.172,0,1,0
0,30.2879,0,15.4619,1,1,0,8,1,12.4696,63.505,0,117.158,7.793,27.68,1,47.604,80.009,7.324,1,3.11,24.669,4.757,0,1,0
1,45.913,0,1.9386,1,1,0,9,1,11.4224,61.825,0,152.858,29.386,10.742,1,51.229,17.671,0.436,1,62.933,81.98,0.267,0,1,0
1,38.3445,0,34.989,1,1,0,13,2,15.3221,48.104,0,51.387,76.411,33.174,1,54.914,66.279,0.526,4,0.356,17.906,1.077,0,1,0
1,38.4248,0,2.5502,1,1,1,2,6,16.2654,48.244,0,5.286,71.878,3.926,1,98.203,17.747,9.022,1,2.122,4.564,0.573,0,1,0
1,20.1859,0,19.0483,1,1,0,0,1,15.4125,69.824,0,106.534,49.355,0.521,1,41.352,10.043,9.995,1,34.198,54.426,0.183,0,1,0
1,38.608,0,8.9646,1,1,0,2,6,16.0204,52.825,0,110.885,15.425,30.743,1,11.224,53.644,0.173,1,7.451,73.299,1.573,0,1,0
1,34.4351,0,12.9905,1,1,0,6,1,17.4763,57.893,0,94.628,47.447,32.593,1,45.635,53.245,3.422,1,13.156,53.881,2.879,0,1,0
1,38.0073,0,6.9003,0,1,0,2,2,10.032,57.563,0,79.852,77.342,4.288,1,66.531,4.443,3.332,1,86.969,65.171,0.212,0,1,0
1,30.0526,0,13.1453,1,1,1,1,8,20.8651,36.613,0,140.619,12.023,31.914,1,50.599,140.043,1.129,1,9.205,48.851,0.783,0,1,0
0,21.8745,0,7.7074,1,1,0,6,1,13.618,54.454,0,560.444,46.407,20.969,1,46.754,62.549,9.324,1,63.293,80.02,7.763,0,1,0
1,30.0358,0,19.014,1,1,0,2,2,16.5421,59.924,0,1.84,116.461,30.254,1,42.287,42.109,6.768,1,70.264,91.771,0.057,0,1,0
0,28.1608,0,14.9387,1,1,0,2,2,16.8208,57.749,0,104.595,216.304,26.267,1,48.156,40.515,9.465,1,13.247,88.17,7.111,0,1,0
1,30.7306,0,3.5923,1,1,0,13,2,16.3955,53.943,0,79.821,350.366,0.833,1,47.028,58.203,5.342,1,90.403,54.95,24.682,0,0,1
0,32.3526,0,7.1007,1,0,0,1,5,17.1025,55.244,0,149.849,48.403,39.966,1,91.242,42.063,4.669,1,191.06,88.166,0.169,0,1,0
0,26.0015,0,7.9264,1,1,1,16,5,13.6146,50.964,0,171.138,218.38,2.985,1,45.731,87.863,4.946,1,5.503,71.872,0.657,1,0,0
1,38.337,0,10.1215,1,1,1,2,6,19.8185,64.744,0,142.532,76.742,2.294,1,5.395,97.984,3.432,1,61.363,88.759,9.274,0,1,0
1,32.3507,0,18.5631,1,1,0,8,2,15.9423,54.093,0,52.114,26.867,0.082,1,59.282,91.002,2.136,1,0.125,15.888,0.686,0,1,0
1,38.4161,0,12.4043,1,1,0,2,2,15.4445,58.25,0,70.219,-19.47,31.183,1,45.513,8.965,5.973,1,1.344,371.852,0.867,0,1,0
1,38.7071,0,1.9657,1,1,0,2,8,16.4027,30.414,0,142.65,18.357,22.274,1,69.427,31.978,9.233,1,3.107,82.853,1.682,1,1,0
1,36.4775,1,10.9007,1,1,2,2,2,18.4001,52.934,0,118.884,13.858,1.265,1,49.85,7.701,9.312,1,31.166,13.982,4.067,0,0,0
1,32.1671,0,12.9363,1,1,0,1,8,13.8685,53.924,0,15.515,305.812,0.664,1,45.263,16.406,9.308,1,109.05,0.575,0.676,0,0,0
1,38.4039,0,15.9181,1,1,0,1,6,15.7251,46.818,0,7.533,67.498,19.015,1,62.489,25.104,5.011,1,102.549,15.759,2.07,0,0,0
0,38.0718,0,0.3417,1,1,0,1,1,25.5847,42.642,0,74.023,243.408,9.963,1,35.37,42.708,9.606,1,130.112,61.876,0.063,0,1,0
1,38.36,0,10.3591,1,1,0,2,2,12.1459,50.955,0,59.088,18.208,19.293,1,58.725,2.236,3.689,1,9.324,62.777,2.851,0,1,0
1,28.5263,0,15.9841,1,1,0,6,4,26.5247,59.03,0,9.844,76.364,29.652,1,64.355,83.134,0.934,1,4.903,91.915,11.565,1,1,0
1,28.0538,0,11.9703,1,1,2,2,2,14.9587,51.554,0,174.498,246.413,20.268,1,13.699,57.54,9.598,1,109.733,52.555,3.867,0,1,0
1,34.8701,0,14.0053,0,1,2,2,2,12.4154,29.814,0,159.319,128.301,9.584,1,0.021,73.414,3.714,1,60.262,76.825,0.8,0,1,0
0,20.0803,0,10.668,1,1,0,2,2,15.5236,40.25,0,159.741,48.502,12.593,1,68.869,46.244,4.929,1,3.288,52.245,0.913,0,1,0
1,34.1555,0,0.9207,1,1,0,14,2,15.6604,56.053,0,154.04,14.229,22.28,1,1.399,70.647,10.711,1,13.588,86.83,0.517,0,1,0
1,28.6241,0,9.2608,0,1,0,12,8,21.0569,51.514,0,0.515,45.665,37.032,1,61.426,17.684,9.382,1,52.521,80.13,3.964,0,1,0
1,48.6065,0,2.72,1,1,0,8,2,19.2041,52.457,0,140.516,575.466,11.184,1,2.023,147.725,3.381,1,97.155,71.968,0.063,0,1,0
1,28.777,0,28.9621,1,1,0,8,2,16.7145,59.043,1,155.014,342.866,2.358,1,1.221,96.414,9.728,1,7.388,89.289,0.29,0,1,0
1,15.0002,0,13.9951,1,1,0,0,2,18.0218,42.804,0,30.518,26.573,20.062,1,48.041,24.483,3.522,1,1.055,84.022,0.424,0,1,0
1,48.1571,0,0.8155,1,1,0,2,8,14.4254,59.375,0,42.524,216.326,13.428,1,46.421,5.703,39.221,1,16.77,63.27,0.044,1,1,0
1,30.475,0,10.1391,1,1,0,4,2,14.6251,53.827,0,5.88,246.356,17.95,1,59.591,16.56,7.309,1,0.919,19.136,14.581,0,1,0
1,36.159,0,18.2972,1,1,2,2,6,14.6993,46.803,0,75.034,-16.356,36.354,1,41.556,7.394,2.12,1,0.338,26.925,1.021,0,0,0
1,28.3633,0,13.6086,1,1,0,2,8,19.015,45.053,0,152.728,5.41,3.732,1,8.511,108.479,3.944,1,14.611,17.856,0.177,0,1,0
0,32.1831,0,14.835,1,1,2,2,2,14.2623,49.903,0,178.112,30.392,29.214,1,47.616,14.01,9.142,1,85.82,65.842,5.673,0,1,0
1,28.8065,0,12.8525,1,1,2,2,7,17.8018,16.814,0,174.019,43.473,2.052,1,52.178,148.433,49.803,1,0.524,86.351,7.022,0,1,0
1,35.4759,0,28.0029,1,1,1,8,8,12.7436,59.601,0,90.124,88.314,9.769,1,1.392,0.89,0.342,1,60.961,90.522,1.285,0,1,0
1,20.379,0,19.1961,1,1,0,2,2,11.4757,23.837,0,141.573,47.574,2.622,1,48.464,16.356,0.339,1,61.352,82.07,0.179,0,1,0
0,28.0649,0,3.9024,1,1,0,8,2,13.7183,59.74,0,147.418,7.115,39.998,1,41.914,1.564,0.995,1,2.501,52.951,0.232,0,1,0
0,38.6476,0,1.0773,1,1,0,2,8,18.4398,54.114,0,112.489,549.056,39.625,1,10.652,96.012,6.916,1,11.607,48.288,19.076,1,1,0
0,25.4603,0,15.9477,1,1,0,6,6,16.6225,55.523,0,110.548,188.801,26.214,1,51.423,97.603,5.575,3,91.949,80.181,1.737,0,1,0
0,38.681,0,35.9321,1,1,0,4,2,13.8954,78.804,0,138.533,41.473,32.216,1,42.421,97.753,0.18,1,7.627,68.821,1.932,0,1,0
0,32.6738,0,13.3754,1,1,0,2,8,16.4447,49.167,0,52.813,36.305,32.452,1,3.724,87.764,3.943,1,109.323,80.871,0.76,0,1,0
1,38.2871,0,11.1421,1,1,0,0,2,16.6069,58.866,0,117.572,-0.853,39.169,1,11.094,8.26,2.999,1,1.263,17.902,0.042,0,0,0
1,21.8025,0,9.9187,1,1,0,1,2,19.4741,9.964,0,137.362,60.822,33.71,1,31.219,8.273,7.589,1,83.281,88.355,0.74,0,1,0
0,35.0022,0,15.9715,1,1,1,2,2,15.5767,69.407,0,173.601,140.896,3.941,1,60.416,28.669,0.922,1,7.261,78.871,0.786,0,1,0
1,38.8578,0,8.9777,1,1,0,8,2,18.81,49.947,0,14.559,3.072,0.223,1,19.03,16.974,0.959,1,72.761,0.503,1.187,0,1,0
1,38.6044,0,18.6283,1,1,2,2,9,16.5025,59.82,0,108.282,264.862,2.912,1,82.193,54.603,13.371,1,58.642,51.231,0.523,0,1,0
1,33.4901,0,0.2288,1,1,0,6,1,13.6228,56.94,0,113.072,29.344,22.204,1,91.633,16.096,0.022,1,12.765,14.065,0.682,0,1,0
1,38.9015,0,14.9163,1,1,2,2,2,12.9224,49.044,0,17.577,-2.949,30.814,1,52.693,48.518,9.17,1,57.624,54.0,1.946,0,1,0
1,38.0376,0,14.4181,1,1,2,2,3,11.4612,59.826,0,115.876,90.573,10.293,1,49.792,46.766,9.021,1,81.153,81.7,0.289,0,1,0
1,20.2494,0,9.9042,1,1,0,2,6,17.175,55.573,0,193.082,16.31,22.631,1,40.638,10.075,9.149,1,7.255,73.222,8.077,0,0,0
1,21.9659,0,15.9084,1,1,0,2,1,28.5786,52.8,0,146.945,59.839,32.474,1,59.282,94.785,4.348,1,61.636,54.81,0.449,0,1,0
1,21.922,0,10.02,1,1,1,2,1,16.4764,59.18,1,88.806,93.391,22.988,1,59.98,6.468,2.33,1,1.513,71.535,0.124,0,0,0
1,28.1775,0,10.1477,1,1,2,1,3,11.7205,56.843,0,109.112,19.55,6.254,1,34.199,95.298,4.051,1,25.916,81.381,1.072,0,1,0
1,22.185,0,18.9627,1,1,0,2,5,11.4527,42.064,0,45.322,38.386,26.616,1,85.815,64.01,9.236,1,97.206,52.75,8.56,0,1,0
0,28.107,0,10.6747,1,1,2,2,2,12.8131,53.723,0,184.47,117.873,23.799,1,40.081,9.579,4.212,1,7.07,32.182,0.046,0,1,0
1,38.3461,0,9.9183,1,1,0,6,5,11.8203,44.423,0,135.075,277.391,39.422,1,0.07,2.781,3.988,1,41.948,15.822,0.872,0,1,0
1,29.0954,0,10.965,1,1,0,2,2,19.4695,66.674,0,150.383,10.533,26.48,1,69.868,20.226,9.084,0,147.703,94.641,0.133,0,1,1
1,24.4553,0,28.9307,1,1,1,9,9,18.7644,57.859,0,123.087,788.335,0.539,1,48.166,78.585,0.989,1,76.903,61.17,1.441,1,0,0
1,28.166,0,18.3003,1,1,1,2,9,15.8093,39.034,0,0.959,29.451,36.076,1,40.42,115.184,1.04,1,3.1,7.543,0.77,0,0,0
0,28.8306,0,10.5739,1,1,0,6,8,12.5114,50.833,0,1.536,4.938,22.284,1,62.419,16.54,9.389,1,0.109,61.145,2.05,0,1,0
1,20.1793,0,13.0451,1,1,0,2,6,18.2151,56.164,0,141.514,279.62,39.39,1,43.488,119.074,7.441,1,35.151,1.773,0.677,0,1,0
1,31.7479,0,10.9748,1,1,0,8,2,19.545,69.449,0,99.09,37.806,0.299,1,38.694,8.404,4.33,1,91.126,29.375,0.085,0,1,0
1,38.6028,0,12.1341,1,1,1,1,6,14.4901,49.953,0,32.836,34.858,29.124,1,42.414,17.606,3.331,1,61.929,99.921,0.248,0,1,0
1,38.8775,0,13.0175,1,1,2,2,2,11.3165,50.9,0,152.563,217.453,12.354,1,18.302,170.071,5.479,1,61.713,56.835,1.52,0,1,0
1,33.0255,0,13.8541,1,1,0,6,6,10.8483,56.916,0,208.532,122.953,8.713,1,43.204,66.928,3.725,1,101.921,58.024,1.02,1,1,0
0,30.6058,0,4.612,1,1,0,6,1,12.8146,67.543,0,110.474,20.87,20.022,1,10.09,6.011,7.777,1,1.457,6.683,3.392,0,1,0
0,21.192,0,9.0027,1,1,0,2,8,18.8532,0.645,0,179.556,43.481,28.097,1,1.624,76.563,9.362,1,29.969,68.821,9.675,0,1,0
1,20.4054,0,12.9401,1,1,0,6,8,14.5458,59.666,0,104.516,48.394,12.23,1,3.299,78.981,0.308,1,91.113,3.845,0.46,0,1,0
1,52.0818,0,19.6718,1,1,0,2,2,12.7309,4.055,0,572.883,258.856,0.102,1,43.992,16.244,2.914,1,0.556,22.176,0.007,0,1,0
1,24.6651,0,17.6637,1,1,0,2,2,16.509,50.114,0,143.882,8.322,17.662,1,89.506,108.473,3.824,1,161.319,54.376,14.622,0,0,0
0,35.9,0,12.9048,0,1,0,1,6,18.1524,52.214,0,93.58,245.345,3.462,1,64.611,7.223,4.385,1,10.059,56.01,0.162,0,1,0
1,38.8777,0,10.3483,1,1,0,2,6,18.1081,48.624,0,119.417,80.079,29.237,1,42.788,78.554,5.306,1,115.061,68.656,2.65,0,1,0
1,32.4805,0,9.9083,1,1,0,2,8,16.8621,61.773,0,105.864,40.82,31.913,1,51.436,89.05,3.962,1,93.257,94.257,0.189,0,0,0
1,28.6127,0,19.9758,1,1,2,2,1,18.1282,58.824,0,135.055,4.309,6.097,1,42.88,58.485,3.648,1,66.119,1.837,24.731,0,1,0
1,25.6875,0,10.9653,1,1,1,2,2,11.745,59.311,0,3.118,242.524,8.468,1,18.298,89.53,6.75,1,73.663,96.829,10.877,0,1,0
1,38.6906,0,11.3451,1,1,0,2,3,16.575,57.016,0,90.809,19.865,29.865,1,77.114,36.984,9.952,1,62.171,81.83,5.77,0,1,0
1,38.9576,0,19.3098,1,1,0,2,8,26.4405,41.84,0,170.754,48.456,34.872,1,3.184,120.413,28.926,1,65.135,88.925,7.682,0,1,0
0,35.1696,0,13.1373,1,1,2,6,2,12.0877,50.145,0,48.818,65.966,1.265,1,41.326,47.821,0.627,0,32.319,78.42,0.627,0,1,0
0,22.6728,0,10.4003,1,1,0,6,8,21.4287,52.225,0,78.523,187.313,12.08,1,8.025,29.037,3.139,1,122.329,58.27,0.593,1,1,0
1,28.9849,0,3.9488,0,1,0,6,1,18.3235,56.965,0,177.876,57.568,1.667,1,67.041,128.983,7.988,1,4.921,61.616,1.563,0,0,0
0,36.0671,0,16.6407,1,1,0,2,6,16.4643,49.843,0,32.697,47.459,3.295,1,47.632,70.537,2.119,1,0.785,90.56,0.979,1,0,0
0,31.3625,0,19.9657,1,1,0,1,6,10.0085,67.828,0,192.017,64.372,0.273,1,18.068,18.426,3.042,1,66.96,24.956,2.272,0,0,0
0,28.7372,0,14.2751,1,1,1,2,7,18.0891,52.55,0,152.525,13.023,19.138,1,40.118,16.01,2.991,1,46.628,51.97,0.081,0,1,0
1,34.1124,0,13.1688,1,1,2,2,2,18.5844,69.814,0,99.888,22.799,2.098,1,53.772,8.605,7.005,1,66.369,96.97,0.92,0,0,0
1,30.4947,0,12.2103,0,1,0,8,9,14.5724,38.353,0,2.511,311.811,15.664,1,19.799,193.937,5.363,1,2.579,86.075,0.813,0,1,0
0,28.6054,0,11.4224,1,1,0,2,7,16.7165,61.962,0,113.487,36.886,21.052,1,62.314,8.915,7.017,1,5.269,54.925,0.077,0,0,0
1,30.1195,0,10.3256,1,1,0,2,4,13.3214,12.916,0,7.233,270.079,18.13,1,5.22,99.573,7.998,1,183.221,77.681,0.772,0,0,0
1,23.3952,0,12.0883,0,1,0,2,2,19.8881,41.825,0,57.119,15.496,1.097,1,69.075,61.237,9.28,1,1.591,12.376,0.577,0,1,0
1,38.0691,0,11.9754,1,1,0,12,8,18.6377,51.823,0,78.312,76.453,1.272,1,53.315,408.56,7.759,1,62.461,311.555,0.672,0,0,0
1,27.4059,0,9.9304,1,1,0,6,2,18.5627,54.849,0,132.974,76.572,19.722,1,5.755,58.583,7.575,1,141.759,14.225,9.023,0,1,0
1,30.4828,0,12.74,0,1,0,2,6,10.4454,59.923,0,166.858,25.875,3.786,1,42.765,76.463,9.982,1,7.161,21.435,1.132,0,1,0
1,32.3805,0,1.9241,1,1,0,8,6,11.2109,52.05,0,51.078,49.813,22.415,1,53.015,77.288,3.122,1,43.794,84.129,0.881,0,1,0
0,25.6752,0,19.1164,1,1,0,8,1,26.4308,19.542,0,110.745,18.386,27.484,1,38.191,85.553,3.012,1,105.221,1.05,9.105,0,1,0
1,30.1879,0,17.5317,1,1,0,2,1,18.4454,59.87,0,53.883,78.386,32.29,1,42.365,4.151,4.946,0,190.109,86.775,1.532,0,1,0
1,28.6075,0,17.0653,1,1,2,2,3,19.8455,31.163,0,125.153,95.166,2.951,1,39.403,766.984,5.631,1,61.293,53.735,2.074,0,1,0
1,38.469,0,18.1356,1,1,0,8,6,15.4494,51.953,0,125.71,48.352,0.9,1,48.968,40.836,3.337,1,83.021,10.839,4.31,0,1,0
1,22.4779,0,10.5796,1,1,0,2,2,11.9104,54.916,0,74.272,220.568,22.328,1,69.07,88.817,3.38,1,59.033,71.302,45.072,0,1,0
1,28.0276,0,0.7646,0,1,0,2,6,15.872,58.105,0,13.818,101.204,30.182,1,69.399,17.285,3.332,1,0.261,56.52,-0.272,0,1,0
1,35.0478,0,11.4269,1,1,2,1,2,12.0012,18.963,0,72.514,0.429,9.209,1,62.09,104.183,3.989,1,143.107,3.913,0.086,0,1,0
1,22.622,0,11.6583,1,1,1,2,2,15.3263,65.145,0,124.18,95.397,4.261,1,99.791,8.114,6.352,1,1.769,72.752,5.928,1,1,0
1,32.1065,0,17.2053,1,0,0,1,8,18.2504,50.664,0,2.88,215.81,0.991,1,42.395,6.917,3.698,1,52.226,68.255,0.652,1,1,0
0,40.2678,0,0.4071,1,1,0,12,6,10.464,58.224,0,4.887,5.392,21.534,1,13.105,16.566,3.341,1,71.02,82.87,0.124,1,1,0
1,20.3891,0,8.9208,0,1,0,2,6,12.0752,19.25,0,140.169,40.396,22.969,1,41.778,8.484,4.049,1,20.731,18.871,0.773,1,0,0
0,38.2078,0,3.9979,1,1,2,6,3,19.0916,53.313,0,58.847,6.313,2.793,1,0.042,41.411,0.059,1,61.779,21.171,0.19,0,1,0
1,31.7053,0,16.9917,1,1,0,2,2,14.5153,4.263,0,8.146,226.216,0.429,1,72.565,37.469,2.049,1,5.765,41.975,0.23,0,1,0
1,38.26,0,19.1616,1,1,2,2,6,19.4627,50.434,0,42.511,116.912,39.593,1,69.453,19.177,3.981,1,78.721,88.731,1.06,0,1,0
1,27.1811,0,9.9408,1,1,0,2,6,15.8561,18.064,0,49.882,237.315,19.751,1,41.933,48.985,0.905,1,65.911,27.279,4.675,0,0,0
1,20.828,0,13.8347,1,1,0,2,2,16.4411,57.743,0,155.875,27.94,33.586,0,58.684,90.444,3.135,1,92.122,81.521,0.78,0,1,0
1,30.079,0,10.8182,1,1,2,2,3,16.1907,14.204,0,472.714,61.566,20.42,1,68.027,0.213,4.652,1,117.786,68.729,34.67,0,0,0
1,30.913,0,13.1784,1,1,0,8,1,16.5684,6.843,0,173.886,57.036,21.53,1,49.779,53.939,9.371,1,73.269,71.851,0.777,0,1,0
1,38.3035,0,8.5221,1,1,2,1,2,10.7087,42.81,0,130.985,47.406,24.435,1,13.941,21.516,3.011,1,61.214,59.579,20.482,0,0,0
1,38.8008,0,10.4248,1,1,2,0,5,18.1696,49.923,0,188.73,47.678,2.675,1,42.745,98.013,3.985,1,2.56,32.822,7.128,0,1,0
1,30.1341,0,17.307,1,1,0,2,2,14.3126,41.979,0,0.759,25.76,23.624,1,79.143,25.88,4.389,1,111.499,81.875,0.977,0,1,0
1,38.1033,0,18.9806,1,1,0,8,8,16.8143,44.957,0,34.177,45.857,0.292,1,12.486,41.998,3.984,1,62.764,94.855,0.172,0,1,0
0,21.1008,0,15.8351,1,1,0,6,9,10.5147,51.114,0,82.803,26.122,13.296,1,42.082,6.921,0.385,1,6.463,38.676,0.719,0,1,0
0,37.6254,0,10.0553,1,1,1,2,1,18.5415,54.762,0,99.522,349.179,21.999,1,59.248,66.633,9.79,1,18.669,71.167,0.342,0,1,0
1,28.205,0,10.9518,1,1,0,6,8,16.8901,56.975,0,154.863,265.289,9.088,1,9.016,86.903,3.119,1,1.468,89.713,0.764,0,0,0
1,38.3573,0,8.593,1,1,2,2,2,11.7032,56.866,0,9.01,9.476,9.95,1,8.393,148.934,3.942,1,5.663,87.924,0.175,0,1,0
0,38.1952,0,19.7039,1,1,1,0,1,18.8744,54.014,0,44.543,224.555,32.129,1,8.209,15.924,3.389,1,35.162,1.126,26.933,0,1,0
1,34.5019,0,24.3409,1,1,0,2,6,16.711,56.717,0,32.711,40.594,27.414,1,41.298,198.925,0.745,1,95.146,1.521,0.872,0,1,0
1,34.0355,0,11.9323,1,1,1,2,2,12.8485,51.056,0,113.567,47.949,32.264,1,19.16,6.543,2.347,1,23.411,52.312,1.013,1,1,0
1,33.1758,0,10.004,1,1,0,2,7,13.1126,56.567,0,44.819,6.353,0.282,1,45.602,3.513,0.156,1,63.993,64.89,0.547,0,1,0
1,31.6779,0,14.8944,1,1,0,2,6,10.4189,51.237,0,97.575,12.306,29.852,1,65.204,10.441,39.381,1,22.643,8.561,0.137,0,1,1
1,30.3263,0,10.4797,1,1,2,4,2,34.9048,34.926,0,102.785,9.372,27.122,1,29.594,13.106,5.921,1,43.036,82.244,1.139,1,1,0
1,25.7873,0,19.8076,1,1,0,6,7,11.5047,60.463,0,55.788,247.155,29.26,1,38.713,12.371,3.986,1,62.121,78.875,0.274,0,1,0
1,24.2721,0,9.6501,1,1,0,2,2,14.8281,59.113,0,104.015,219.858,9.125,1,41.717,50.933,6.371,1,91.528,76.927,1.6,0,1,0
1,35.6058,0,27.1359,1,1,0,15,8,11.1155,53.931,0,7.118,8.192,4.282,1,62.711,7.084,3.191,1,6.684,69.503,2.948,0,1,0
1,21.7095,0,6.1997,1,1,0,2,2,15.4524,51.569,0,127.723,149.327,2.676,1,46.436,196.784,5.08,1,10.133,64.857,8.052,0,1,0
1,31.4895,0,19.3088,1,1,0,2,8,15.6741,57.247,0,181.402,111.214,2.198,1,18.011,50.975,8.224,1,90.669,83.423,1.276,0,1,0
1,38.1847,0,16.104,0,1,0,2,4,18.1147,59.39,0,44.688,17.696,30.955,1,18.089,47.274,6.385,1,63.669,75.855,0.97,0,0,0
1,38.5152,0,12.9178,1,1,1,2,1,13.8241,74.274,0,173.587,19.012,6.367,1,0.024,97.904,8.229,1,99.336,34.95,0.97,0,1,0
1,38.6873,0,10.9278,1,1,1,6,8,15.8182,49.649,0,34.589,120.82,2.233,1,66.023,98.52,3.024,1,97.063,22.672,1.676,1,1,0
0,20.6678,0,5.9043,1,1,0,2,2,13.8496,48.786,0,170.194,61.552,20.114,1,28.313,10.994,6.101,1,4.951,56.82,0.379,0,1,0
1,29.4025,0,10.6647,1,1,1,5,2,22.5524,52.105,0,2.846,75.476,9.925,1,60.795,16.643,4.625,1,95.929,89.119,1.077,0,1,0
1,38.1021,0,16.1304,1,1,0,2,6,14.5117,49.56,0,78.618,206.815,36.102,1,40.784,74.543,0.222,1,36.629,71.928,0.688,0,1,0
1,28.2295,0,8.975,1,1,1,6,6,19.6652,58.823,0,9.832,18.404,32.831,1,71.755,42.593,5.324,1,1.236,81.286,0.472,0,1,0
1,34.7995,0,17.849,1,1,0,2,2,16.9041,59.884,0,89.113,108.772,9.088,1,9.797,5.744,3.585,1,61.103,36.925,3.63,0,1,0
1,30.6795,0,10.0472,1,1,0,1,2,12.4704,54.966,0,118.533,86.423,26.578,1,69.026,18.519,0.892,1,1.721,77.351,0.829,0,0,0
0,38.3778,0,11.9606,0,1,0,2,2,16.5745,55.853,0,145.593,249.486,39.799,1,17.328,46.204,7.389,1,103.923,81.72,0.528,0,0,0
1,38.4643,0,10.2401,1,1,1,2,9,15.5855,54.655,0,101.472,146.355,0.72,1,4.449,84.601,1.381,1,131.983,9.172,0.619,0,1,0
1,38.1502,0,10.6417,1,1,1,2,6,18.6831,51.595,0,164.748,45.317,39.211,1,9.251,11.936,3.34,1,101.408,1.875,0.196,1,1,0
0,28.9055,0,14.4491,1,1,0,2,2,13.5157,47.015,0,300.808,1.427,34.614,1,5.219,128.086,31.029,1,31.025,73.926,6.267,0,1,0
1,38.3056,0,19.6758,1,1,0,14,2,12.2691,53.81,0,128.803,191.354,0.222,1,49.628,58.906,7.769,1,33.179,11.82,4.103,0,1,0
0,48.695,0,10.9991,1,1,1,2,2,13.8241,53.514,2,58.877,12.082,30.366,1,60.294,193.915,6.521,1,147.733,18.111,0.269,0,1,0
1,30.0872,0,18.9363,1,1,0,2,1,15.72,52.453,0,72.592,17.323,32.268,1,59.958,63.454,4.211,1,11.554,10.822,9.687,0,0,0
1,38.0078,0,14.6107,1,1,1,6,6,13.441,63.664,0,160.323,13.666,2.272,1,46.581,16.21,9.68,1,3.251,26.858,1.177,0,1,0
0,38.2071,0,10.4797,1,1,0,6,3,12.8927,42.234,0,107.873,53.61,7.275,1,53.008,70.615,3.941,1,66.908,1.165,0.077,0,1,0
1,38.6535,0,19.85,1,1,0,2,2,18.1194,57.425,0,147.54,22.877,2.08,1,1.343,31.901,3.582,1,41.63,6.553,1.023,0,0,0
1,30.1339,0,19.5258,1,1,2,12,6,16.8055,41.244,0,33.729,81.806,14.159,1,62.341,84.843,0.307,1,142.209,95.331,0.274,0,1,0
1,28.6673,0,19.2502,1,1,0,2,5,15.4154,62.914,0,94.57,127.577,10.012,1,52.898,93.32,0.569,1,1.327,22.571,8.275,0,1,0
0,30.3482,0,12.1455,1,1,0,2,4,16.1125,31.143,0,99.55,-80.734,33.997,1,49.341,28.05,3.98,1,192.28,80.753,0.277,0,1,0
0,38.1956,0,17.6381,1,1,0,2,2,19.8685,53.95,0,120.583,12.323,32.611,1,37.693,77.509,45.931,1,93.203,70.771,0.67,0,0,0
1,30.5051,0,10.9777,1,1,0,2,8,16.1789,55.916,0,121.033,62.565,52.019,1,38.691,60.94,3.049,1,1.253,86.271,15.081,0,1,0
1,20.1785,0,21.5388,1,1,0,4,2,13.2924,54.623,0,136.712,246.055,3.965,1,63.603,47.079,4.13,1,83.013,11.474,4.686,0,1,0
1,38.0473,0,12.8271,1,1,0,2,2,14.5198,53.247,0,136.973,111.135,33.296,1,11.413,40.521,3.697,1,5.791,68.387,1.319,1,1,0
1,38.1075,0,12.7499,1,1,2,2,6,10.3454,51.025,0,128.023,525.464,2.299,1,20.731,6.964,9.289,1,3.66,86.652,1.672,0,1,0
1,38.8098,0,4.34,1,1,2,2,4,16.5157,56.733,0,178.08,109.353,15.952,1,16.971,53.124,3.486,1,25.693,43.026,4.822,1,1,0
1,25.1065,0,12.475,0,1,0,2,2,10.4443,50.194,0,115.107,213.477,32.112,1,19.98,6.717,7.489,1,193.21,69.355,3.943,0,1,0
1,33.3671,0,10.8157,0,1,2,1,1,12.7677,54.814,0,14.754,86.036,10.254,1,32.195,45.503,9.519,1,108.565,69.759,0.113,0,1,0
1,38.4477,0,3.2157,1,1,0,2,3,14.8401,44.249,0,102.259,416.464,3.152,1,49.682,73.276,6.959,1,98.155,16.459,1.683,0,0,0
1,35.6056,0,19.6781,1,1,0,2,2,12.8455,64.854,0,20.602,145.413,10.727,1,8.231,27.273,4.062,1,13.903,0.425,1.327,0,1,0
0,28.3603,0,13.5477,1,1,2,18,5,10.8194,52.193,0,40.989,5.376,1.251,1,41.745,42.496,6.681,1,1.291,85.561,1.98,0,1,0
0,30.6448,0,18.9393,1,1,0,2,6,10.6194,56.926,0,12.497,12.48,40.03,1,7.628,12.263,8.439,1,63.174,21.82,1.112,0,0,0
1,37.2739,0,19.14,1,1,0,6,6,11.4149,68.564,0,166.334,-10.857,2.946,1,8.321,151.705,3.527,1,265.514,54.175,0.875,1,1,0
0,39.6425,0,2.5303,1,1,0,6,2,14.4727,9.749,0,135.193,151.487,2.206,1,6.317,153.723,5.725,1,157.269,75.305,0.08,0,1,0
1,30.0258,0,13.9597,1,1,0,0,6,18.2402,56.019,0,87.753,9.306,32.592,1,41.015,2.904,9.38,1,0.932,82.272,6.678,0,1,0
1,38.6225,0,20.9083,1,1,0,4,8,15.1688,19.211,0,174.209,49.419,11.21,1,41.311,13.945,8.189,1,105.736,54.611,8.863,0,1,1
0,28.3697,0,17.4054,1,1,0,2,1,18.6237,57.379,0,47.811,208.866,2.952,1,59.475,51.965,8.683,1,111.191,13.505,0.537,0,1,0
1,38.2096,0,8.1734,1,1,0,1,2,15.5421,40.475,0,2.445,-81.766,33.953,1,42.328,84.219,3.775,1,140.623,62.308,1.944,0,1,0
1,38.1777,0,6.9003,1,1,0,6,5,15.4914,6.164,2,89.07,71.353,28.834,1,62.818,137.423,5.384,1,200.339,7.406,0.162,0,1,0
1,28.1036,0,18.9033,1,1,0,6,8,16.5226,58.154,0,5.536,53.09,2.952,1,43.014,81.449,0.582,1,65.919,14.991,0.172,0,0,0
0,24.6778,0,12.2786,1,1,0,1,2,18.9611,58.5,0,90.579,42.744,10.174,1,1.476,23.409,9.631,1,13.003,64.92,0.887,0,1,0
1,20.643,0,8.8441,1,1,0,2,6,15.4254,59.914,0,39.62,61.357,19.628,1,9.691,74.64,5.732,1,71.366,83.73,1.472,0,1,0
0,35.4798,0,18.1056,1,1,0,2,2,18.4035,83.566,0,158.517,101.31,0.264,1,48.315,66.681,6.321,1,1.121,86.521,1.124,0,1,0
1,38.643,0,19.9337,1,1,2,12,6,10.5791,48.463,0,145.532,172.412,9.144,1,12.823,11.117,2.039,1,70.269,87.726,6.084,0,1,0
0,34.6659,0,17.6078,0,1,0,1,1,18.5625,49.353,0,113.587,95.591,24.68,1,67.315,102.262,7.625,1,91.969,59.15,1.685,0,0,1
1,30.473,0,2.1002,1,1,0,16,2,11.8421,30.877,0,68.712,589.856,13.296,1,3.645,78.101,6.384,1,1.989,11.167,0.126,0,1,0
0,32.1725,0,14.6019,1,1,0,2,8,13.2283,49.88,0,152.853,15.443,9.045,1,69.699,7.78,3.079,1,47.103,61.772,0.017,0,1,0
1,24.1418,0,6.9557,1,1,1,5,2,23.8227,54.652,0,45.185,-16.467,3.214,1,42.314,47.729,3.922,1,91.525,7.318,0.022,0,1,0
0,13.6321,0,10.1557,1,1,2,12,2,14.5243,41.286,0,141.032,95.459,26.215,1,48.52,98.511,3.781,1,23.083,68.277,0.2,0,0,0
0,34.172,0,16.5383,1,1,0,9,2,15.5655,54.064,0,114.553,6.943,33.258,1,199.069,25.689,6.971,1,99.219,53.772,1.927,0,0,0
1,31.1793,0,19.3307,1,1,1,2,8,13.4343,50.913,0,192.487,75.401,34.293,1,58.999,1.743,7.239,1,9.98,21.828,1.223,0,1,0
0,32.4271,0,10.3351,1,1,0,6,8,16.9377,59.956,0,112.302,41.33,29.972,1,38.161,15.871,1.255,1,129.222,72.716,0.062,0,0,0
1,38.821,0,9.8381,1,1,0,6,8,13.8457,19.853,0,166.727,192.19,19.981,1,9.61,64.172,9.324,1,1.646,8.825,1.278,0,1,0
1,23.17,0,10.4382,1,1,0,2,2,15.8355,54.808,0,65.577,266.013,0.953,1,14.706,67.733,0.771,1,2.163,219.72,4.983,0,1,0
1,38.1041,0,16.6224,1,1,0,16,5,10.1127,59.065,0,170.397,50.836,19.158,1,16.326,18.405,0.343,1,105.724,54.22,0.272,0,1,0
1,38.9808,0,10.9753,1,1,0,2,8,12.4155,42.903,0,349.259,60.766,26.083,1,45.485,86.206,4.594,1,29.233,48.278,1.624,0,1,0
1,38.3113,0,13.5323,1,1,2,6,8,12.8569,51.821,0,11.774,245.87,26.393,1,46.618,1.788,3.909,1,33.969,11.288,71.567,0,1,0
1,34.114,0,19.9121,1,1,2,2,1,16.4127,50.724,0,36.054,133.196,33.014,1,32.805,76.878,9.08,1,7.626,84.529,4.619,0,1,0
1,27.1066,0,19.9786,1,1,2,2,2,18.5442,57.993,0,285.141,242.474,23.294,1,44.492,54.595,8.024,1,88.135,59.036,0.727,1,1,0
1,58.6022,0,14.1328,1,1,2,1,2,11.4869,46.634,0,107.813,-14.884,34.186,1,58.199,27.943,8.699,1,93.566,62.782,0.902,0,1,0
1,38.3209,0,19.8357,0,1,0,2,8,10.5049,56.026,0,55.798,28.167,0.215,1,49.374,36.683,9.48,1,0.373,63.907,7.015,0,1,1
1,20.6096,0,17.9258,1,1,0,5,9,16.9607,52.323,0,152.058,39.177,32.792,1,41.166,49.355,3.313,1,1.057,43.745,0.571,0,1,0
1,28.7506,0,13.1343,1,1,0,2,2,14.4195,43.147,0,192.903,53.479,4.983,1,49.201,38.203,6.661,1,0.223,67.853,1.817,0,1,0
1,28.4065,0,15.9351,0,1,2,2,8,13.5299,55.274,0,198.026,125.331,22.271,1,61.335,27.249,4.419,1,125.676,52.685,0.462,0,1,0
1,21.6078,0,3.2409,1,1,0,2,8,18.8644,58.02,0,130.231,208.886,4.62,1,38.025,43.473,9.888,1,50.215,86.55,0.076,0,0,0
1,33.9975,0,11.6387,1,1,0,1,8,13.1025,67.125,0,36.045,11.811,36.613,0,68.488,1.498,30.385,1,49.061,30.85,0.237,0,1,0
0,39.687,0,4.9298,1,1,0,2,2,12.6591,96.824,0,135.183,8.463,33.112,1,72.304,16.751,9.33,1,13.029,91.12,0.134,0,1,0
1,38.7641,0,19.8679,1,1,1,2,5,15.0284,50.855,0,3.047,57.864,26.028,1,12.269,18.403,4.302,1,86.757,3.12,3.67,0,1,0
1,33.4823,0,19.608,1,1,0,6,6,15.6043,47.54,0,76.584,539.325,19.294,1,71.313,0.723,8.325,1,35.61,73.43,1.822,0,1,0
1,38.9571,0,4.1717,1,1,0,2,9,10.8487,57.927,0,140.816,31.395,6.193,1,49.038,1.504,2.362,1,161.163,50.778,5.272,0,1,0
1,34.6872,0,10.2652,1,1,0,2,3,19.4504,1.814,0,111.509,48.861,39.214,1,49.417,31.464,8.122,1,144.039,65.474,0.813,0,0,0
1,40.139,0,14.0477,1,1,0,6,9,12.898,56.273,0,148.772,421.422,0.99,1,12.699,26.224,15.341,1,62.109,86.725,7.212,0,1,0
1,38.632,0,24.3614,0,1,2,2,6,12.6527,59.933,0,7.568,318.337,33.144,1,61.414,70.473,9.102,1,95.966,94.67,0.788,0,1,0
1,38.6275,0,0.1924,1,1,0,6,6,18.5257,39.824,0,156.778,40.313,33.784,1,69.749,87.02,3.345,1,101.713,78.831,1.017,1,1,0
1,21.1866,0,11.8007,1,1,2,0,6,16.4391,57.547,0,55.838,46.303,12.193,0,95.477,23.257,2.319,1,14.213,45.315,1.773,0,1,0
0,35.7515,0,14.9408,1,1,0,12,2,12.1242,44.553,0,100.818,205.323,32.932,1,42.484,171.257,4.842,1,4.382,6.034,0.864,0,1,0
1,35.373,0,26.3049,1,1,0,6,2,10.4205,66.013,0,57.118,108.316,32.094,1,45.427,71.773,3.16,1,95.079,288.875,0.587,0,1,0
0,34.1676,0,8.4516,1,1,0,2,5,15.1369,47.663,0,33.572,74.508,5.992,1,59.081,14.263,9.959,1,73.036,8.12,0.21,0,1,0
1,29.4671,0,2.5056,1,1,0,2,8,16.6771,56.98,0,125.55,265.959,10.772,1,59.913,71.723,8.813,1,11.668,53.444,56.007,1,1,0
1,28.6801,0,7.3574,1,1,1,2,2,14.7297,59.96,0,62.194,107.834,9.471,1,6.312,17.774,6.504,1,94.366,9.171,15.962,0,1,0
1,38.4733,0,1.1693,1,1,1,2,7,14.4356,44.09,0,50.488,39.398,32.157,1,17.392,163.633,6.489,1,245.368,62.811,0.374,0,0,0
0,26.7756,0,17.3781,1,1,0,2,6,10.6826,51.533,0,22.413,23.313,19.075,1,64.289,78.86,3.36,1,43.329,14.238,0.587,0,1,0
0,20.7466,0,0.9085,1,1,0,2,2,14.7664,54.634,0,78.743,-70.469,19.268,1,61.22,146.589,9.101,1,51.939,199.271,1.761,0,1,0
1,45.102,0,9.3517,1,1,0,2,3,14.435,59.6,0,68.744,565.425,25.424,1,12.191,46.96,3.189,1,3.773,98.562,2.258,0,0,0
0,38.6215,0,14.4151,1,1,0,6,2,22.7055,54.998,0,100.498,-33.512,33.472,1,59.492,78.8,9.132,1,1.069,83.95,1.951,0,0,0
1,48.3208,0,11.6808,1,1,0,2,1,11.6709,51.826,0,74.196,6.39,0.439,1,11.691,60.957,3.007,1,22.166,89.322,2.83,1,1,0
1,35.2768,0,17.5158,1,1,0,1,2,11.6267,55.864,0,15.881,12.04,28.261,1,69.311,76.248,7.139,1,101.359,7.875,0.283,0,1,0
1,38.4807,0,10.4528,1,1,0,2,5,14.4791,58.579,1,161.808,55.95,10.835,1,65.943,94.139,3.121,1,65.738,77.525,26.842,0,1,0
1,48.0091,0,3.5119,1,1,1,2,6,13.8259,52.471,0,27.813,27.353,9.732,1,69.07,134.513,4.309,1,3.633,87.055,1.767,1,1,0
1,34.7887,0,17.6503,1,1,1,2,2,16.4906,54.554,0,153.293,19.394,22.126,1,2.017,46.284,6.321,1,91.112,38.345,0.017,0,1,0
1,33.2073,0,18.0137,1,1,0,2,6,14.2234,59.822,0,136.795,31.75,6.071,1,18.517,16.227,16.28,1,3.709,13.173,0.984,0,1,0
1,38.162,0,0.0128,1,1,0,2,8,15.4495,54.563,0,14.355,104.959,33.766,1,64.635,4.911,4.389,1,60.223,54.657,0.281,0,1,0
1,35.6211,0,2.5377,1,1,0,6,8,15.2121,54.513,0,154.894,50.326,26.04,1,7.399,67.374,3.371,1,47.059,96.872,0.15,0,1,0
1,38.1156,0,18.1725,1,1,0,2,8,12.9553,55.422,0,133.817,126.416,8.942,1,52.416,1.441,3.416,1,2.769,12.806,1.1,0,1,0
1,28.9537,0,17.9192,1,1,1,6,8,13.9133,54.214,0,115.719,78.347,0.292,1,98.412,107.548,6.28,1,2.477,397.952,4.122,0,1,0
0,20.0053,0,10.7387,0,1,0,6,9,11.7247,68.591,0,13.413,76.495,12.465,1,1.408,14.615,4.723,1,65.869,41.27,3.106,0,1,0
0,34.073,0,25.6786,1,1,0,2,3,10.8454,66.023,0,42.546,60.38,16.073,1,69.832,56.073,9.316,1,166.149,35.826,0.58,0,1,0
1,22.6331,0,14.0387,1,1,0,2,2,15.8334,59.027,0,0.471,19.841,31.659,1,52.145,57.703,6.932,1,65.506,86.201,1.172,0,1,0
1,32.1737,0,10.9399,1,1,0,2,6,14.6046,54.486,0,139.428,0.655,34.152,1,73.532,18.493,37.312,1,0.504,8.468,4.375,0,0,0
1,34.3027,0,39.8977,1,1,1,2,2,24.0686,58.481,0,19.153,36.953,25.786,1,70.214,25.492,9.562,1,75.669,79.82,0.072,1,1,0
1,21.1765,0,9.8133,1,1,0,2,2,19.6367,52.107,0,40.402,-14.318,35.938,1,62.446,80.49,32.34,1,7.304,53.776,1.907,0,1,0
1,38.1846,0,12.3308,1,1,0,2,6,14.9464,56.096,0,10.786,110.616,6.238,1,12.328,51.584,7.789,1,61.565,20.013,0.283,0,1,0
1,30.5536,0,0.3503,1,1,0,6,1,12.9454,55.044,0,129.073,25.397,20.418,1,10.498,19.802,2.386,1,98.603,26.475,0.253,0,1,0
0,30.609,0,18.7687,1,1,0,0,6,15.452,53.54,0,75.432,221.301,25.014,1,53.317,58.317,4.496,1,12.12,48.975,0.675,0,1,0
0,39.0765,0,20.2391,1,1,0,5,2,15.8607,59.745,0,137.883,18.596,23.221,1,7.685,66.943,8.288,1,18.652,72.831,0.176,0,1,0
1,30.273,0,10.0205,1,1,2,2,2,14.0007,52.944,0,144.585,647.714,9.69,1,39.624,66.163,6.946,1,173.122,56.35,0.672,0,1,0
1,59.5408,0,4.6388,1,1,1,10,8,11.0196,44.963,0,93.588,12.359,12.724,1,45.626,3.515,9.289,1,109.926,10.878,0.193,0,1,0
1,38.8658,0,18.9306,1,1,0,0,9,11.1991,49.947,0,40.529,81.357,11.242,1,69.419,49.237,0.569,1,65.31,70.776,0.186,0,1,0
0,24.8355,0,14.0042,1,1,0,2,8,16.5651,29.921,0,172.792,10.326,3.192,1,49.299,9.373,5.062,1,11.326,46.133,0.287,0,1,0
1,39.1218,0,19.4752,1,1,0,2,7,11.8701,54.946,0,98.881,74.893,32.452,1,20.128,17.783,9.928,1,148.123,86.123,0.966,0,1,0
0,33.6031,0,19.9857,1,1,0,2,7,11.0425,56.999,0,66.169,79.843,33.752,1,36.918,72.208,0.949,1,25.227,57.755,11.942,0,1,0
1,32.1853,0,12.1451,1,1,0,8,1,11.4205,50.43,0,114.349,143.357,23.732,1,62.438,366.064,9.488,1,147.929,1.359,0.992,0,1,0
0,38.7855,0,14.4418,1,1,2,2,2,35.5166,56.143,0,105.612,247.881,6.277,1,6.018,67.952,3.729,1,13.607,69.25,0.229,0,0,0
1,38.8671,0,18.6385,1,1,0,2,2,11.6012,58.31,0,100.518,89.957,0.608,1,43.602,3.624,9.389,1,102.759,18.773,0.968,1,1,0
0,21.4781,0,23.0604,1,1,0,2,5,14.6554,63.88,0,48.434,92.446,0.435,1,1.003,48.414,6.449,1,21.183,60.472,0.828,0,1,0
1,34.6977,0,0.9601,1,1,0,14,2,10.1239,58.412,0,129.078,19.43,6.508,1,42.511,56.49,1.869,1,99.416,84.364,0.422,1,1,0
0,38.8271,0,10.8529,1,1,0,6,2,16.8085,40.614,0,162.48,27.882,29.968,1,41.601,95.108,4.5,1,65.166,32.422,8.103,1,0,0
1,25.0065,0,10.1094,1,1,0,6,8,15.4384,69.964,0,25.517,110.339,3.952,1,69.295,36.363,6.508,1,10.953,68.973,0.747,1,1,0
1,20.6018,0,22.8104,1,1,0,2,3,13.4111,55.9,0,173.696,332.944,2.467,1,7.111,46.963,9.0,1,90.609,53.373,20.092,0,1,0
0,38.3051,0,10.2905,1,1,0,1,2,18.4449,54.843,0,507.55,26.978,43.752,1,18.644,46.49,4.079,1,42.615,58.878,0.762,0,1,0
1,31.1571,0,23.3502,1,1,0,2,6,43.5253,51.474,0,31.444,-3.422,0.424,1,46.117,17.176,8.464,1,5.394,89.861,0.243,0,1,0
1,23.354,0,11.4501,1,1,2,5,9,16.0847,52.471,0,78.513,47.407,3.615,1,49.955,66.919,8.717,1,77.923,34.722,0.142,0,0,0
1,28.6413,0,8.9379,1,1,0,2,3,15.4444,55.855,0,156.018,98.518,37.774,1,32.39,77.943,6.03,1,13.566,88.335,7.334,0,1,0
1,30.1679,0,16.9597,1,1,0,2,2,16.8754,50.834,0,144.818,18.322,39.092,1,49.656,68.216,2.918,1,92.304,91.013,0.811,0,0,0
1,35.8267,0,19.9501,1,1,1,2,2,17.7409,40.007,0,115.041,48.848,11.994,1,68.855,30.743,5.039,1,141.953,55.968,0.677,0,1,0
1,38.807,0,10.6463,1,1,0,2,9,15.8425,58.806,0,94.888,68.879,2.473,1,66.804,89.241,8.646,1,171.22,90.645,1.217,0,1,0
0,30.3809,0,18.0083,1,1,0,2,2,15.2871,50.247,0,70.253,242.396,9.568,3,48.15,11.817,9.476,1,106.128,95.151,0.966,0,0,1
1,38.5046,0,11.3672,1,1,0,2,6,15.8784,58.674,0,74.758,82.058,23.922,1,66.741,48.262,6.419,1,61.773,8.8,8.277,0,1,0
0,26.641,0,10.9528,1,1,1,4,1,15.5121,49.546,0,122.885,23.054,29.216,1,42.885,156.0,1.969,1,159.301,66.422,9.87,0,1,0
1,20.6085,0,4.1543,1,1,0,2,9,16.5124,50.831,0,76.718,93.451,33.226,1,54.075,8.481,4.319,1,268.208,32.723,4.577,0,1,0
0,29.2646,0,13.6527,1,1,1,8,1,19.6397,41.34,0,98.715,87.665,22.714,1,1.123,47.514,9.719,1,505.082,41.521,0.159,0,0,0
1,28.9208,0,10.6284,1,1,0,2,1,16.5056,52.826,0,137.824,106.456,2.358,1,5.45,44.02,2.185,1,35.182,89.575,0.987,0,1,0
0,25.9948,0,18.6657,1,1,0,2,3,12.5591,54.047,0,80.197,108.06,10.474,1,57.615,33.512,0.364,1,61.351,9.812,10.187,0,1,0
1,38.4591,0,10.9087,1,1,0,2,6,16.3155,41.943,0,158.733,1.523,39.085,1,78.845,18.986,1.359,1,2.371,71.858,0.107,0,1,0
1,46.1506,0,8.0,1,1,0,2,2,19.8089,92.017,0,5.812,19.34,33.129,1,8.662,73.513,9.015,1,65.152,82.182,0.622,0,1,0
0,30.774,0,4.1603,1,1,0,2,8,18.5246,46.417,0,40.443,40.682,26.453,0,0.114,84.264,2.732,1,18.323,1.158,1.962,0,1,0
0,38.8578,0,13.6084,1,1,0,4,1,16.8367,39.29,0,112.31,4.498,14.535,1,62.356,12.033,4.789,1,98.261,73.121,0.727,0,1,0
1,38.974,0,13.4347,1,1,0,2,2,15.5975,52.813,0,117.552,140.507,1.274,1,45.145,64.584,9.666,1,104.283,56.77,0.487,0,1,0
0,30.96,0,14.5589,1,1,2,2,8,12.9828,56.773,0,135.654,135.272,12.468,1,42.662,19.589,0.346,1,110.629,90.855,0.061,1,1,0
1,30.1829,0,12.7797,1,1,1,2,6,15.6544,59.944,0,159.927,9.373,36.011,1,74.518,102.935,6.342,1,63.549,17.811,0.545,0,1,0
1,22.367,0,2.0157,0,1,0,1,9,13.3795,54.333,0,168.412,240.846,23.79,1,69.924,3.786,8.302,1,66.594,65.724,4.789,0,0,0
1,28.2279,0,10.5902,1,1,1,4,2,12.9691,54.67,0,7.785,3.878,0.152,1,33.412,42.263,9.776,1,1.263,64.073,6.07,0,1,0
1,34.6945,0,18.3314,1,1,0,8,8,13.5814,59.664,0,25.68,48.887,2.414,1,20.169,90.587,0.125,1,99.465,33.742,0.177,0,1,0
0,20.7061,0,10.968,1,1,0,2,2,12.8422,51.86,0,40.958,46.295,23.914,1,57.618,52.053,3.379,1,62.355,9.978,0.372,0,1,0
1,38.6598,0,19.0384,1,1,0,2,2,15.002,50.83,0,7.531,206.515,26.114,1,8.053,12.551,3.851,1,61.461,43.65,6.187,0,1,0
1,24.3502,0,12.5081,1,1,2,12,8,21.4421,52.125,0,75.523,109.876,92.215,1,39.226,32.474,0.759,1,76.279,43.854,1.287,0,1,0
1,22.5409,0,17.863,1,1,0,2,2,18.4747,4.743,0,104.515,-28.59,1.262,1,42.48,97.07,3.391,1,5.127,77.387,0.171,0,1,0
0,35.5321,0,14.9356,0,1,1,2,9,14.9,46.638,0,39.533,231.828,31.293,1,63.394,86.287,8.835,1,22.626,98.471,5.803,1,1,0
1,36.1093,0,19.3267,1,1,0,2,2,11.9409,67.024,0,142.693,142.353,0.144,1,68.191,63.564,0.264,1,91.901,1.191,1.12,1,1,1
1,34.0078,0,2.9343,1,1,0,2,8,14.6453,71.823,0,108.091,30.86,7.112,1,42.661,102.549,4.131,1,6.632,50.121,0.182,0,1,0
0,38.4275,0,10.6046,1,1,0,6,9,15.152,49.491,0,32.01,284.528,19.801,1,43.696,6.587,6.661,1,6.628,76.928,1.993,0,1,0
1,28.6659,0,10.1168,1,1,0,6,5,17.3169,86.644,0,53.33,-27.377,29.333,1,2.811,45.471,3.324,1,61.569,42.502,7.974,0,1,0
1,32.3058,0,10.9583,1,1,0,8,8,14.4497,59.213,0,42.532,36.329,30.42,1,33.325,0.535,2.317,1,65.091,32.629,1.934,0,1,0
1,38.807,0,18.2252,0,1,0,6,1,16.6251,43.114,0,73.872,21.855,6.774,1,12.31,50.583,0.124,1,18.769,58.175,20.675,0,1,0
1,32.8909,0,10.6908,0,1,1,1,2,15.3644,56.945,0,102.435,40.816,8.492,1,99.218,90.925,5.187,1,0.099,18.872,0.687,0,1,0
1,28.6915,0,19.1209,0,1,2,2,6,15.8385,41.966,0,4.878,104.666,24.599,1,1.375,22.113,9.212,1,26.715,38.963,0.425,0,1,0
1,28.1737,0,10.9187,1,1,0,2,8,15.5647,3.445,0,11.889,29.754,2.173,1,2.963,123.093,3.064,1,3.036,61.742,14.088,0,1,0
0,30.5525,0,13.9653,1,1,0,2,1,15.5097,81.244,0,5.682,89.411,24.955,1,2.915,96.953,9.532,1,13.288,14.962,0.032,0,1,0
1,24.6003,0,17.1988,1,1,0,2,2,19.4234,56.7,0,142.437,65.415,2.585,1,34.994,10.784,37.129,1,0.219,210.551,1.975,0,1,0
0,38.704,0,13.4289,1,1,2,2,2,15.8443,14.264,0,32.308,6.818,2.247,1,8.295,47.772,0.288,1,65.053,6.221,7.175,0,1,0
1,30.1001,0,18.3765,1,1,0,2,2,16.5127,60.253,0,46.201,98.853,13.822,1,82.798,11.544,4.736,1,43.201,54.173,0.475,0,1,0
1,38.5872,0,3.6589,1,1,0,5,2,20.4155,54.905,0,50.48,27.405,11.892,1,50.253,148.524,4.524,1,41.103,7.052,0.926,0,1,0
1,35.651,0,10.9902,1,1,0,1,1,28.9092,57.914,0,134.024,10.866,1.938,1,40.829,80.949,9.99,1,60.82,38.977,7.383,0,1,0
1,38.902,0,10.2347,1,1,0,2,8,10.9848,34.825,0,74.178,144.82,2.316,1,68.041,16.413,2.692,1,80.303,10.139,0.11,0,1,0
1,36.3675,0,12.9954,1,1,0,4,8,18.3745,44.87,0,128.559,587.451,39.712,1,1.933,112.644,5.748,1,11.927,34.545,3.618,0,1,0
1,35.6372,0,15.5397,1,1,0,2,2,16.4526,17.653,0,122.859,11.395,2.1,1,48.251,44.074,7.944,1,61.037,91.923,0.032,1,1,0
1,34.5151,0,8.8712,1,1,0,2,8,11.8723,56.544,0,0.582,28.854,20.354,1,48.624,96.945,8.876,1,175.288,85.85,8.171,0,1,0
1,38.6602,0,13.64,1,1,0,16,6,13.8477,52.616,0,70.469,139.53,13.754,1,17.261,71.212,2.689,1,61.416,86.17,0.66,1,1,0
1,38.88,0,20.1041,1,1,0,5,3,18.528,12.59,0,135.808,205.664,16.066,1,59.215,55.939,9.385,2,3.121,32.87,-1.059,0,0,0
1,43.673,0,4.9573,1,1,0,5,2,15.7056,10.963,0,105.89,38.407,0.552,1,40.332,20.133,6.074,1,97.221,73.559,0.523,0,1,0
0,24.3648,0,2.948,1,1,2,2,8,14.5611,38.866,0,78.838,209.898,2.984,1,31.249,16.293,4.289,1,96.269,71.118,7.514,0,1,0
1,38.1453,0,14.9387,1,1,0,6,6,19.6048,59.614,0,74.618,16.82,37.247,1,18.521,11.943,6.364,1,196.269,81.725,0.082,1,1,0
1,28.105,0,9.912,1,1,0,5,2,12.711,59.963,0,78.843,-75.85,33.804,1,61.312,13.453,9.304,1,17.05,39.946,2.924,0,1,0
0,28.5838,0,12.2588,1,1,0,2,6,15.8151,83.352,0,40.81,54.11,3.551,1,56.11,22.944,6.386,1,2.576,26.421,0.052,0,1,0
1,27.8745,0,13.9755,1,1,0,2,8,12.8593,57.927,0,44.484,12.304,1.83,1,54.966,148.0,5.342,1,10.778,28.185,0.778,0,1,0
1,28.1974,0,3.8457,1,1,0,2,5,19.0447,41.573,0,54.533,312.728,14.613,1,26.714,93.374,0.228,1,116.969,92.355,0.821,0,1,0
1,46.3608,0,19.997,1,1,1,12,4,15.8495,1.94,0,135.598,50.31,24.178,1,8.765,60.587,4.34,1,21.123,9.143,6.877,0,1,0
1,20.6754,0,8.74,1,1,0,6,1,16.478,50.939,0,142.574,113.512,10.992,1,78.751,46.036,4.832,1,11.859,76.858,5.076,0,1,0
1,32.5359,0,11.654,1,1,0,14,2,15.8284,59.629,2,9.094,412.366,39.462,1,42.125,23.536,2.48,1,66.621,99.231,5.914,0,1,0
1,38.6608,0,13.5027,1,1,0,2,2,16.5263,59.234,0,44.773,219.991,14.688,1,1.666,46.869,2.689,1,104.169,18.743,0.742,0,1,0
1,34.8751,0,13.0071,1,1,0,8,8,14.0748,59.817,0,130.481,179.371,3.902,1,68.038,39.648,0.38,1,91.809,66.14,0.879,0,1,0
1,25.5853,0,19.7418,1,1,2,8,8,16.5847,46.131,0,192.762,19.459,10.162,1,53.178,86.9,4.921,1,95.124,79.526,0.782,0,0,0
1,24.6112,0,18.7313,1,1,0,4,2,15.0159,59.675,0,188.817,213.87,29.145,1,61.38,77.774,9.982,1,145.661,17.943,8.278,0,1,0
0,38.1097,0,0.9353,1,1,0,6,2,13.5264,51.019,0,123.832,1.354,31.962,1,61.601,83.096,9.971,1,45.926,28.324,10.777,0,1,0
1,38.6971,0,10.9107,1,1,0,2,2,18.3356,52.912,0,144.569,7.221,39.714,1,6.259,73.239,7.532,1,161.099,45.426,0.18,0,1,0
0,38.2496,0,11.6779,1,1,0,2,8,18.9724,59.915,0,116.469,303.318,8.542,1,48.799,8.243,4.392,1,1.51,9.952,0.558,0,1,0
1,32.6671,0,19.0408,1,1,2,6,5,14.8656,6.573,0,65.058,16.45,2.194,1,69.22,109.286,6.399,1,3.133,0.325,11.537,0,1,0
0,20.6299,0,19.0589,1,1,0,2,2,13.1429,58.393,0,116.618,258.414,11.644,1,41.619,34.596,5.666,1,99.151,79.178,0.517,0,1,0
0,30.2651,0,13.2759,1,1,2,0,3,12.4651,59.94,0,17.093,212.398,19.474,1,27.021,67.709,3.087,1,35.633,16.321,0.522,0,0,0
1,13.1702,0,17.7358,1,1,0,8,2,11.5327,50.446,0,95.053,218.324,23.262,1,39.143,167.963,4.38,1,140.933,71.173,0.077,0,1,0
1,31.8508,0,3.9009,1,1,0,2,2,16.8924,58.814,0,24.789,10.88,32.275,1,5.894,91.506,3.344,1,64.061,94.122,0.187,0,0,0
1,28.1098,0,19.1278,1,1,2,2,2,16.5762,51.953,0,108.633,15.856,39.126,1,9.919,24.772,7.225,1,150.264,0.926,0.772,0,0,0
0,38.3407,0,19.9237,1,1,1,2,2,14.0424,51.605,0,144.354,11.456,34.094,0,11.123,147.092,0.466,1,116.162,68.205,0.057,0,1,0
1,30.753,0,10.6989,1,1,2,4,6,12.8907,67.835,0,135.099,34.818,24.252,1,63.544,57.515,7.972,1,60.353,81.87,0.019,0,1,0
1,34.6881,0,12.6197,1,1,0,12,2,14.8582,52.245,0,115.149,9.898,29.452,1,68.977,1.426,0.486,1,35.301,54.246,1.702,0,0,0
1,28.1951,0,14.0088,1,1,0,4,1,15.1446,27.694,0,72.085,75.847,23.282,1,8.893,184.073,3.539,1,41.64,67.821,0.083,0,1,0
0,30.643,0,14.6994,1,1,0,0,3,11.8047,50.54,0,165.353,234.333,0.244,1,42.123,4.86,6.425,1,21.92,82.053,0.262,0,1,0
1,28.6525,0,11.3411,1,1,1,2,6,17.6121,41.94,0,100.813,89.392,32.549,1,94.259,94.114,2.921,1,127.555,1.526,2.072,0,1,0
1,38.8909,0,0.974,1,1,2,6,8,14.8255,57.111,0,24.088,41.006,14.652,1,42.072,2.105,3.728,1,201.317,8.473,0.327,0,1,0
1,22.6055,0,10.0349,1,1,0,2,2,14.6864,89.983,0,157.747,10.476,9.648,1,66.432,78.413,4.03,1,11.367,83.103,0.037,0,1,0
1,30.7765,0,5.4512,1,1,2,2,9,15.0828,57.015,0,1.864,228.864,71.655,1,142.674,49.414,0.189,1,61.231,71.818,1.97,1,1,0
1,23.0678,0,3.94,1,1,1,2,2,13.7162,51.604,0,260.458,115.158,9.936,1,93.401,87.264,0.265,1,79.065,64.122,21.825,0,1,0
1,28.6878,0,16.6943,1,1,1,6,5,23.5037,48.763,0,55.701,18.843,12.078,1,9.158,82.07,3.385,1,4.073,10.681,0.076,0,1,0
0,48.8838,0,9.3353,1,1,1,2,5,16.5823,59.439,0,89.235,276.163,0.222,1,42.585,67.26,3.429,0,0.566,69.598,0.979,1,1,0
1,28.3773,0,19.5342,1,1,0,2,8,19.4897,57.11,0,185.049,8.227,13.964,1,8.09,238.532,6.75,1,111.327,16.373,9.682,1,1,0
1,28.6817,0,13.6088,1,1,1,1,2,15.3366,57.073,0,11.47,21.898,32.118,1,60.001,82.564,19.928,1,131.933,21.293,7.766,0,1,1
1,38.4275,0,13.4353,1,1,1,2,6,16.3658,10.49,0,90.887,16.802,22.062,1,59.942,94.093,4.047,1,25.61,4.078,0.672,0,1,0
1,20.1763,0,13.956,1,1,0,7,9,36.9707,56.14,0,130.547,10.896,0.979,1,34.863,7.463,7.373,1,64.22,151.876,27.633,0,0,0
0,39.6008,0,10.259,1,1,0,1,8,10.8784,56.046,0,80.121,136.298,3.352,1,2.41,58.465,3.59,1,27.665,31.852,0.787,0,1,0
0,34.142,0,10.6305,1,1,0,11,7,17.5467,46.012,0,169.01,717.568,7.138,1,48.63,78.444,9.255,1,62.616,90.553,0.916,0,1,0
0,35.9738,0,11.5243,1,1,1,2,2,15.7108,48.15,0,34.722,595.417,0.296,1,8.994,50.599,4.976,1,101.137,8.752,4.625,0,1,0
1,31.0565,0,3.2108,1,1,0,2,9,11.0655,59.247,0,159.498,1.357,19.653,1,69.048,74.209,3.032,1,83.103,29.721,1.852,1,1,0
1,38.0055,0,14.3684,1,1,0,2,2,26.0888,73.544,0,17.853,260.118,39.924,1,59.662,16.506,6.052,1,92.323,86.933,0.37,0,1,0
1,31.102,0,2.0611,1,1,0,2,2,19.9749,46.595,0,114.83,74.32,76.252,1,48.985,4.572,3.731,1,1.261,94.531,0.275,0,1,0
1,38.752,0,17.5788,1,1,0,2,2,15.2754,56.5,0,52.572,90.453,15.896,0,94.097,50.738,3.118,1,92.106,1.557,0.173,0,1,0
0,28.3278,0,17.1056,1,1,1,2,2,16.926,59.319,0,70.78,-15.797,3.794,1,48.084,53.2,8.622,1,23.253,20.842,1.921,0,1,0
1,30.4609,0,3.6008,1,1,0,1,3,12.0757,52.945,0,90.532,399.862,2.498,1,85.074,51.514,9.514,1,73.203,33.273,0.245,1,1,0
1,28.6484,0,12.0195,0,1,0,2,8,26.1457,52.739,0,139.816,246.913,20.287,1,42.603,84.44,6.275,1,162.199,78.872,1.076,0,1,0
0,38.1375,0,7.3481,1,1,0,2,8,15.188,53.967,0,100.02,2.063,34.004,1,17.021,47.398,3.977,1,15.568,42.121,0.082,0,1,0
1,27.804,0,13.068,1,1,0,2,6,16.8295,6.463,0,40.216,6.11,5.233,1,48.929,8.249,2.309,1,37.293,85.452,0.86,0,1,1
1,30.4,0,13.2669,1,1,0,2,2,19.4102,59.133,0,115.569,576.135,32.988,1,50.267,108.68,7.144,1,122.103,11.345,1.822,0,1,0
1,33.6716,0,1.517,0,1,1,10,2,12.8945,79.941,0,127.887,105.914,34.057,1,9.171,7.371,9.738,4,142.728,56.72,0.589,0,1,0
1,32.1045,0,17.3083,1,1,0,1,6,28.554,58.211,0,52.741,4.841,20.272,1,14.02,6.78,3.631,1,43.243,88.576,0.962,0,1,0
0,38.647,0,14.5717,1,1,0,4,2,15.5395,51.835,0,32.755,36.942,25.428,1,33.653,40.699,0.258,0,43.523,70.932,0.902,0,1,0
1,38.7355,0,10.9472,0,1,0,1,6,16.8286,51.923,2,70.743,20.073,9.593,1,4.354,3.733,7.33,3,125.063,61.155,0.077,0,1,0
0,30.1518,0,10.5689,1,1,0,2,2,17.8557,51.664,0,2.744,252.31,34.261,1,68.299,48.994,9.999,1,150.012,11.853,0.072,0,1,0
0,27.1842,0,19.4491,1,1,1,2,2,11.4411,36.346,0,72.953,241.874,14.223,1,44.399,58.383,1.525,1,163.123,55.871,0.681,0,1,0
0,20.2058,0,13.0229,1,1,0,2,2,15.1747,57.505,0,63.783,115.378,9.622,1,43.68,3.918,4.015,1,11.989,38.557,0.568,0,1,0
1,36.9405,0,29.9408,1,1,0,4,2,24.4526,54.925,0,145.531,59.875,54.253,1,56.861,70.544,2.929,1,93.223,78.961,0.247,1,1,0
1,38.6408,0,10.1554,1,1,0,2,8,19.4543,56.943,1,173.578,100.264,33.764,1,18.141,47.941,3.085,1,51.213,53.855,29.636,0,0,0
1,35.9728,0,15.3065,1,1,0,2,3,14.0024,58.823,0,194.781,207.279,31.518,1,47.402,15.583,9.64,1,85.922,89.857,7.012,0,1,0
0,38.897,0,29.0195,1,1,2,8,2,10.4111,53.824,1,98.618,71.396,2.787,1,43.725,32.579,0.789,1,41.966,16.651,0.772,0,1,0
1,39.87,0,10.8397,1,1,0,8,3,13.5121,52.643,0,44.878,30.326,9.174,1,42.328,18.365,3.96,1,1.103,81.191,0.937,0,0,0
1,38.7651,0,13.0603,0,1,0,2,8,10.1647,59.41,0,124.739,41.176,22.213,1,89.157,10.638,2.002,1,46.223,84.351,39.072,0,1,0
1,38.1608,0,10.0323,1,1,0,2,6,12.9804,57.825,0,41.813,132.513,29.224,1,8.631,73.888,3.373,1,9.12,73.16,1.702,0,1,0
1,24.885,0,7.6703,0,1,0,2,2,16.7595,56.553,0,378.815,126.268,22.152,1,42.257,4.49,9.38,1,65.921,71.821,25.764,1,1,0
0,38.4013,0,4.0543,1,1,0,12,8,13.552,58.123,0,87.748,27.303,3.354,1,42.499,14.271,7.982,1,65.7,77.913,0.616,0,1,0
1,28.8457,0,19.496,1,1,0,4,2,15.4945,69.21,2,76.59,-89.355,10.026,1,61.012,65.028,0.43,1,1.119,95.765,20.773,1,0,0
1,30.4463,0,6.0108,1,1,1,2,2,12.4659,59.463,0,73.749,-7.871,12.098,1,52.096,75.463,3.18,1,31.949,8.123,0.738,0,1,0
1,33.4977,0,11.4009,1,1,2,4,2,10.5641,44.495,0,93.505,146.624,23.91,1,13.781,18.448,5.342,1,6.169,72.779,0.615,0,1,0
1,35.4407,0,17.3161,1,1,0,1,2,14.4514,57.624,0,52.532,286.853,10.635,1,69.375,73.974,1.359,1,163.263,8.771,3.963,0,1,0
0,36.3013,0,16.1775,1,1,0,6,2,12.0158,43.764,0,10.838,7.094,2.572,1,4.507,87.223,3.412,1,70.009,61.548,0.487,1,1,0
1,30.6257,0,18.435,1,1,0,2,8,14.7159,1.372,0,310.201,284.137,3.387,1,38.184,58.516,4.866,1,16.269,80.932,1.992,0,1,0
1,32.1678,0,8.2957,1,1,0,1,2,18.6643,46.556,0,19.493,149.303,12.471,1,43.422,40.979,3.432,1,3.266,47.331,0.062,0,1,0
0,39.266,0,16.5079,1,1,2,2,2,24.108,51.916,0,24.663,214.413,31.446,1,57.692,10.259,0.357,1,53.261,10.176,4.537,0,1,0
1,33.425,0,24.0593,1,1,0,2,6,15.9195,56.244,0,15.01,19.82,36.944,3,51.622,47.294,7.989,1,107.725,86.596,8.678,0,1,0
1,30.4155,0,17.371,0,1,0,0,9,19.5244,74.243,0,69.84,63.837,0.166,1,41.621,10.253,0.913,1,31.315,94.523,2.323,0,1,0
1,35.4051,0,39.5103,1,1,1,5,4,16.5144,54.379,0,142.512,140.875,0.526,1,52.543,90.403,3.799,1,1.356,61.849,0.297,0,1,0
1,38.1056,0,18.6417,1,1,0,9,6,13.7905,58.9,0,144.112,27.814,3.655,1,62.729,17.033,13.315,1,40.053,55.351,0.241,0,1,0
1,35.775,0,12.1343,1,1,0,2,9,10.6491,55.913,0,65.072,172.704,16.022,0,62.062,99.724,8.638,1,0.113,57.97,23.267,0,1,0
1,38.8771,0,10.9049,1,1,0,1,8,13.5414,35.227,0,52.907,46.325,30.247,1,41.565,84.698,2.169,1,44.97,14.126,0.692,0,1,0
1,20.4355,0,0.3236,1,1,0,4,4,15.5428,46.327,0,40.607,96.107,6.344,1,46.815,19.473,7.903,1,0.229,68.073,3.484,0,1,0
0,24.2053,0,13.8471,1,1,1,14,8,16.5048,49.944,0,78.25,6.564,28.994,1,46.391,80.018,7.31,1,9.276,42.176,1.202,0,1,0
1,38.9051,0,18.135,1,1,1,2,8,15.8281,50.863,0,151.882,228.132,22.959,1,89.699,1.973,8.284,1,49.769,26.566,0.515,0,1,0
1,33.0549,0,17.5487,1,1,1,2,7,18.3745,55.533,0,82.043,92.837,10.272,1,63.064,84.489,9.982,1,1.665,87.157,0.877,0,1,0
0,33.602,1,17.6037,1,1,2,8,2,18.07,51.818,0,118.52,5.369,0.771,0,3.197,55.03,6.612,1,86.751,44.521,22.927,0,1,0
0,20.0745,0,10.6601,1,1,0,5,2,14.8207,58.027,0,49.879,239.82,1.155,1,59.044,8.404,8.284,1,401.921,33.226,22.186,0,1,0
1,28.4018,0,14.3549,1,1,0,2,6,11.473,59.509,0,36.908,18.85,6.074,1,53.611,91.36,1.921,1,11.657,14.076,3.183,0,1,0
0,20.0756,0,20.5103,1,1,0,2,1,12.5597,50.857,0,37.17,6.855,19.291,1,9.201,48.707,2.386,1,13.0,71.813,0.121,0,1,0
1,30.7824,0,13.6002,1,1,1,2,6,15.8844,66.825,0,101.467,456.451,10.907,1,6.289,78.453,0.769,1,66.05,1.112,0.081,0,1,0
1,38.107,0,10.8319,1,1,2,2,8,33.4668,59.84,0,154.132,1.538,25.867,1,3.931,10.827,4.261,1,72.919,88.825,0.12,0,1,0
1,28.0096,0,0.9196,1,1,2,4,2,18.8537,57.54,0,7.86,48.839,27.058,1,50.671,9.404,9.988,1,47.291,55.949,0.927,0,1,0
0,20.1599,0,19.1973,1,1,1,2,7,16.5647,54.914,0,22.536,16.348,38.962,1,61.59,71.693,9.334,1,8.751,78.831,1.078,0,1,0
0,34.8758,0,3.4721,1,1,0,2,6,11.3195,51.2,0,109.085,151.445,9.059,1,16.02,6.51,4.11,1,46.969,22.826,0.716,0,1,0
0,31.8705,0,13.9391,1,1,0,2,6,28.5795,54.973,0,17.789,46.463,22.173,1,43.119,50.783,9.306,1,3.399,81.805,2.942,0,1,0
1,28.1521,0,9.0103,1,1,1,6,1,15.544,46.96,0,143.042,45.423,23.134,1,32.091,298.753,3.58,1,22.192,97.357,0.172,0,1,0
1,23.2037,0,19.0011,1,1,2,2,7,15.5621,59.919,0,45.017,48.356,2.296,1,59.241,9.288,2.038,1,27.307,73.932,0.94,0,1,0
0,22.7078,0,17.9091,0,1,2,2,6,19.4747,88.879,0,2.025,87.692,19.247,1,45.485,18.219,3.349,1,70.763,19.59,0.258,0,0,0
0,34.0033,0,10.6378,1,1,0,0,6,11.875,59.127,0,63.426,490.358,35.595,1,40.244,56.513,6.123,1,247.185,77.587,0.52,0,1,0
0,30.399,0,8.5216,1,1,2,2,9,16.0415,40.674,0,47.709,91.537,8.007,1,42.111,66.321,7.188,1,1.322,56.552,0.98,0,1,0
1,30.7195,0,18.9423,1,1,2,2,6,12.5027,76.465,0,188.566,534.135,1.682,1,44.173,10.043,9.031,1,7.511,86.529,1.112,0,1,0
1,20.4445,0,8.0459,1,1,0,2,1,18.3753,52.214,0,35.59,15.765,11.752,1,7.567,81.023,9.314,1,108.102,83.856,0.67,0,1,0
1,35.0697,0,14.9303,0,1,0,2,6,18.5187,98.85,0,129.659,49.108,1.202,1,15.781,58.423,0.699,1,40.033,4.17,0.252,1,1,0
0,38.162,0,15.1098,1,1,0,0,5,18.4006,59.094,0,59.87,26.463,19.552,1,1.265,74.494,3.958,1,1.269,40.874,0.958,0,1,0
1,38.1652,0,10.0701,1,1,0,6,7,16.7902,58.016,0,70.127,129.352,5.093,1,1.692,92.084,2.316,1,91.251,31.726,0.757,0,1,0
1,28.0473,0,19.8138,1,1,0,7,3,17.5875,51.553,0,84.483,246.332,16.378,1,1.081,47.448,4.004,1,100.664,34.851,0.197,1,1,1
1,24.859,0,0.1687,1,1,0,12,6,15.8264,49.573,0,48.455,287.812,9.468,1,6.852,7.223,0.249,1,66.063,18.961,0.102,0,1,0
1,38.822,0,10.9388,0,1,0,6,9,18.4755,54.803,0,150.773,46.873,21.761,1,2.404,16.436,8.589,1,51.656,70.724,41.687,0,1,0
1,38.389,0,3.5903,1,1,0,2,3,18.1623,72.987,0,63.308,213.295,31.25,1,40.194,58.773,7.93,1,6.621,85.361,0.977,0,1,0
0,28.9511,0,8.2915,1,1,0,8,1,15.6636,59.747,0,414.708,302.383,34.759,1,5.038,8.594,7.317,1,41.726,2.537,1.539,0,0,1
0,28.9698,0,13.9524,1,1,0,8,8,14.351,59.943,0,46.574,47.492,3.094,1,47.309,48.952,3.382,1,48.223,14.823,6.065,0,0,0
1,38.9851,0,12.0113,1,1,0,6,6,10.8601,51.257,1,42.812,701.426,32.288,1,43.788,6.76,4.587,1,30.059,87.883,0.267,0,1,0
1,28.9845,0,14.0153,0,1,0,2,2,18.6381,55.865,0,72.486,49.358,6.255,1,69.349,6.531,4.384,1,90.321,21.122,9.61,0,0,0
1,35.1655,0,16.5588,1,1,0,2,9,14.5887,59.654,0,178.819,38.153,33.717,1,65.997,24.63,0.939,1,1.773,79.042,0.202,0,1,0
0,38.1403,0,6.9377,1,1,0,2,2,15.8625,58.533,0,21.834,40.312,3.602,1,34.614,55.775,6.43,1,50.249,46.87,5.187,0,1,0
0,15.3845,0,4.4178,1,1,0,2,9,10.7124,56.914,1,142.43,-76.331,36.427,1,14.695,2.614,2.64,1,6.568,78.975,19.082,0,1,0
0,38.6295,0,17.8437,1,1,0,2,2,15.4171,46.249,0,113.71,580.856,19.915,1,9.026,1.875,6.954,1,86.221,31.272,0.07,1,1,0
1,28.3846,0,12.9181,1,1,0,4,2,18.6295,56.827,0,72.414,246.725,23.245,1,41.093,26.913,0.361,1,80.969,18.987,15.782,1,1,0
1,38.7022,0,19.5372,1,1,1,15,2,15.3057,84.403,0,49.052,81.496,33.13,1,42.391,158.995,3.952,1,66.113,89.83,0.877,0,1,0
1,20.1623,0,7.6702,1,1,0,8,5,15.5168,54.231,0,148.542,206.621,2.858,1,59.647,12.766,3.919,1,0.113,15.535,0.081,1,1,0
1,30.907,0,14.5067,1,1,0,2,6,28.6275,59.254,0,149.933,200.812,1.752,1,2.272,16.503,3.979,1,43.231,47.52,0.162,1,1,1
1,24.8391,0,19.3395,1,1,0,0,7,24.4885,51.454,2,140.113,25.956,12.733,1,4.415,15.243,12.849,1,100.564,63.86,0.075,0,0,0
1,32.1693,0,19.9031,1,1,0,6,7,14.3275,57.833,0,44.043,273.406,23.138,1,9.055,62.637,8.219,1,99.165,13.186,8.852,0,1,0
0,31.6421,0,10.305,1,1,0,2,2,11.0165,54.865,0,130.979,63.674,6.762,1,58.284,1.599,2.281,1,34.703,33.861,0.113,0,0,0
1,28.3912,0,18.8304,1,1,2,2,6,22.6023,69.83,0,39.002,23.857,33.643,1,43.134,96.512,0.94,1,176.283,47.87,0.013,0,1,1
1,31.1713,0,12.9451,1,1,1,2,9,14.6657,50.836,0,108.578,47.426,13.602,1,9.207,54.128,3.249,1,69.609,305.471,7.992,0,1,0
0,22.355,0,17.9904,1,1,0,16,2,17.662,68.233,0,115.542,-18.37,3.594,3,31.129,60.502,7.335,1,65.408,62.825,0.834,0,0,0
1,36.4279,0,19.1972,1,1,0,6,2,15.8491,50.233,0,132.054,93.526,7.239,1,41.195,60.741,8.316,1,3.923,11.781,0.266,0,1,0
1,38.3956,0,2.9399,1,1,0,8,2,18.6089,54.9,0,139.413,37.261,35.952,1,47.034,105.263,3.922,1,71.161,34.869,0.583,0,1,0
1,28.6759,0,13.0959,1,1,0,6,8,14.5445,59.084,0,89.84,16.373,14.817,1,37.0,21.059,6.109,1,62.266,74.172,3.078,0,1,0
1,34.0679,0,10.9677,1,1,2,12,2,26.4394,51.016,0,104.534,267.497,32.384,1,0.991,78.934,6.683,1,85.219,63.814,0.578,0,1,0
1,30.8692,0,12.5746,1,1,1,6,5,14.0125,44.528,0,174.349,70.228,6.219,1,6.398,17.914,4.116,1,20.783,14.12,1.172,0,1,0
1,28.0251,0,19.902,1,1,0,2,3,17.5213,30.994,0,174.82,45.5,22.152,1,46.996,11.713,3.67,1,41.253,83.816,0.701,0,1,0
1,38.1905,0,0.0307,1,1,0,2,2,13.8644,55.253,0,120.869,46.311,10.462,1,41.543,67.561,3.303,1,67.672,48.365,0.338,0,1,0
1,28.9871,0,10.0576,1,1,2,8,2,16.4225,57.811,0,114.809,245.318,2.474,1,6.159,63.583,6.349,1,98.241,83.642,1.397,0,1,0
1,43.198,0,19.5943,1,1,0,2,3,13.5077,51.56,0,157.345,24.466,9.714,1,40.314,8.944,4.745,1,71.121,74.876,1.713,0,0,0
1,22.0808,0,8.9507,1,1,0,2,2,11.1159,87.003,0,2.367,35.328,30.398,1,64.604,81.064,3.324,1,7.783,70.946,0.375,0,1,0
0,27.0771,0,12.3319,1,1,0,6,5,10.5145,15.653,0,95.535,260.316,2.028,1,60.154,11.173,3.72,1,95.977,41.757,0.362,0,1,0
1,41.1671,0,10.9424,1,1,0,2,7,15.8807,51.852,0,45.541,342.446,26.734,1,41.192,109.601,3.079,1,19.36,7.962,6.972,0,1,0
1,33.349,0,0.9583,1,1,0,7,7,19.5127,50.943,0,13.711,90.215,2.128,1,39.092,10.943,4.87,1,91.906,11.123,0.067,1,1,0
1,18.6056,0,18.9541,1,1,0,4,2,12.4891,50.093,0,7.537,92.857,0.961,1,39.309,0.31,5.225,1,0.669,81.438,0.463,0,0,0
0,38.906,0,14.8454,1,1,0,2,1,11.6059,56.415,0,125.523,247.228,3.116,1,48.154,97.06,0.062,1,51.369,17.773,0.61,0,1,0
0,52.4055,0,2.8215,1,1,0,2,1,15.4657,46.323,0,11.601,56.116,72.955,1,41.941,102.233,4.832,1,90.551,41.85,1.48,0,1,0
1,38.8,0,12.8227,0,1,1,2,2,13.5094,58.623,0,112.445,589.798,32.364,1,11.612,16.521,9.972,1,42.669,84.65,1.082,0,0,0
1,30.1558,0,11.6577,1,1,2,0,2,16.0454,51.294,0,41.512,25.069,34.952,1,48.209,90.613,3.247,1,15.149,22.07,15.18,0,1,0
0,38.188,0,1.0485,1,1,0,2,6,15.8456,34.047,0,146.563,85.406,30.993,1,48.717,2.034,9.819,1,79.763,12.663,0.121,0,0,0
1,20.9777,0,13.0474,1,1,0,6,9,14.4679,70.954,0,147.762,54.962,39.625,1,38.124,63.294,8.981,1,52.299,99.126,0.178,0,1,0
0,22.1077,0,14.0588,1,1,2,2,8,16.7151,53.99,0,94.548,20.397,35.317,1,45.117,49.944,9.94,1,8.675,84.965,1.6,0,1,0
1,20.5035,0,9.6349,1,1,2,2,8,18.4408,86.002,0,72.069,69.877,31.482,1,1.67,21.29,4.329,1,3.116,7.526,0.172,0,1,0
0,40.6825,0,18.7021,1,1,0,8,1,19.0227,57.725,0,25.568,17.736,2.792,1,43.042,6.58,8.283,1,141.603,26.766,1.914,0,0,0
0,34.1423,0,10.0983,1,1,0,2,8,16.3588,59.725,0,43.74,211.359,32.182,1,82.093,22.77,2.312,1,62.129,314.774,1.202,0,1,1
0,21.476,0,17.9378,1,1,0,2,2,12.6745,79.743,0,119.077,61.546,20.455,1,38.162,15.803,3.416,1,47.121,55.742,0.774,0,1,1
0,38.8205,0,10.6058,1,1,1,2,9,13.804,19.843,0,107.107,81.592,12.772,1,43.203,76.848,3.391,1,144.221,237.672,1.17,0,1,0
1,33.8746,0,13.8083,1,1,1,2,2,12.7692,46.416,0,139.939,237.453,9.294,1,40.214,17.908,7.189,1,61.294,72.341,0.537,0,0,0
1,30.8205,0,14.2089,1,1,0,2,6,14.5447,70.835,0,120.418,54.957,34.965,1,6.68,71.284,3.746,1,113.746,31.276,0.263,1,1,0
0,30.3121,0,19.9353,1,1,1,6,7,16.8525,0.114,0,112.916,61.666,20.015,1,43.316,78.17,4.932,1,93.749,59.821,0.922,0,0,0
1,27.9298,0,10.2026,1,1,0,5,2,10.119,69.826,0,49.888,38.409,39.954,1,44.264,89.584,9.107,1,47.121,91.664,0.093,0,0,0
1,28.3802,0,10.8303,1,1,0,2,2,19.002,48.854,0,142.093,16.382,33.224,1,68.894,5.403,4.329,1,5.453,26.912,0.16,1,1,0
1,32.0065,0,10.9183,1,1,0,4,4,12.5698,55.964,0,106.547,79.456,3.954,1,49.197,0.283,10.979,1,29.332,92.312,1.15,0,0,0
0,20.1573,0,0.5346,1,1,0,2,9,15.4107,59.838,0,169.888,307.954,2.956,1,34.052,16.973,4.049,1,67.054,53.251,0.604,0,1,0
1,58.1016,0,10.1029,1,1,2,6,5,13.8946,1.414,0,158.824,72.495,10.155,1,52.864,12.533,3.302,1,51.229,75.271,2.562,0,0,0
1,39.644,0,19.7002,1,1,0,2,6,12.8151,53.654,0,155.696,42.664,9.298,1,53.295,6.132,3.012,1,92.141,20.455,0.186,1,1,0
0,30.8769,0,8.9456,1,1,0,2,1,16.0621,57.913,0,159.211,15.726,10.47,1,41.5,1.943,8.721,1,70.661,287.851,0.263,0,1,0
1,30.1879,0,19.305,1,1,2,1,2,14.6459,66.683,0,162.433,12.864,18.36,1,37.154,75.864,2.962,1,0.779,56.777,0.053,1,0,1
1,30.6671,0,15.0549,0,1,1,0,7,13.9467,54.207,0,144.068,88.324,12.152,1,52.491,62.545,3.781,1,11.715,84.176,1.122,0,1,0
1,28.4057,0,19.9393,1,1,0,8,2,19.8497,52.533,0,80.753,139.392,37.747,1,68.651,63.444,9.98,1,7.399,94.771,0.853,0,1,0
1,32.3031,0,14.3427,1,1,2,2,8,20.2701,53.95,0,106.832,42.955,9.218,1,7.294,48.521,2.048,1,6.541,49.47,0.276,1,1,0
1,24.6853,0,14.9712,1,1,0,2,1,15.1664,68.316,0,75.869,206.918,3.871,1,8.352,148.987,0.265,1,101.726,98.327,0.082,0,1,0
0,30.1499,0,13.9101,1,1,0,4,2,11.7237,47.995,0,142.708,276.49,39.152,1,68.344,54.284,7.036,1,4.986,28.788,0.778,1,1,0
1,20.9556,0,13.5103,1,1,0,2,2,18.6031,44.703,0,149.343,277.304,37.744,1,8.014,8.252,2.335,1,7.302,84.575,0.042,0,1,0
0,38.722,0,10.7157,1,1,0,8,4,14.8554,56.841,0,32.192,40.366,23.896,1,42.165,54.91,0.328,1,166.561,74.272,8.875,0,1,0
1,38.2987,0,10.0408,1,1,1,1,4,21.2797,44.052,0,17.802,64.654,4.202,1,48.974,6.796,0.169,1,11.604,20.16,1.545,0,1,0
1,38.0446,0,19.9361,1,1,0,2,6,18.4388,64.316,0,145.032,70.455,26.294,1,5.354,9.716,3.413,1,45.219,91.35,0.084,0,1,1
1,34.3091,0,3.9577,1,1,2,4,6,15.5169,51.83,0,517.949,38.103,16.465,1,11.612,44.153,3.739,1,5.819,56.927,1.014,0,0,0
0,20.0339,0,18.1733,1,1,0,2,2,17.6214,20.205,0,72.822,176.406,32.022,1,99.56,62.013,0.42,1,11.639,18.813,0.673,0,1,0
1,21.072,0,12.0339,0,1,0,8,2,10.8214,56.9,0,114.523,-99.896,9.999,1,62.24,141.035,6.381,1,73.624,29.471,0.964,0,1,0
0,32.1696,0,10.1043,1,1,1,8,2,26.0411,56.99,0,148.742,187.873,0.329,1,41.209,18.549,3.388,1,106.337,74.873,2.072,0,1,0
0,32.0885,0,12.5603,1,1,0,2,6,13.3299,11.033,0,72.788,8.498,9.961,1,65.361,2.25,3.729,1,11.969,70.055,0.812,0,1,0
1,28.1014,0,9.7279,1,1,2,2,3,11.6206,54.43,0,52.873,89.892,23.132,1,59.709,60.233,9.191,1,91.193,73.223,5.023,0,1,0
1,36.4055,0,11.7158,1,1,0,2,2,12.4454,51.012,0,113.889,103.216,2.024,1,0.231,13.764,7.372,1,102.26,95.075,2.755,0,1,0
1,23.1208,0,11.5881,1,1,0,10,5,13.8245,44.995,0,49.828,286.823,10.755,1,43.028,5.676,8.029,1,2.763,45.535,0.305,0,1,0
1,40.3777,0,12.3893,1,1,0,2,2,11.6228,58.654,0,99.425,44.895,26.962,1,67.044,116.648,3.981,1,146.56,77.773,0.892,0,1,0
0,31.4063,0,19.9099,1,1,0,2,5,13.4767,59.318,0,190.57,6.826,20.286,1,38.861,0.768,7.383,1,18.099,27.852,0.987,1,1,0
0,38.007,0,17.48,1,1,1,0,9,15.8674,47.884,0,110.526,11.055,0.092,1,52.949,0.583,3.542,1,81.552,94.261,1.293,0,1,0
0,35.3879,0,13.9423,1,1,0,2,8,18.4483,52.043,0,89.082,18.437,9.262,1,50.592,189.288,9.416,1,9.907,19.231,7.922,0,1,0
0,34.6509,0,12.9059,1,1,0,2,4,16.6356,53.554,0,13.578,45.358,16.096,1,5.245,27.707,7.069,1,143.638,73.999,1.539,0,1,0
0,33.6277,0,3.9349,1,1,2,16,2,19.6248,38.533,0,38.821,210.156,26.954,1,68.022,8.25,3.312,1,106.971,88.853,1.081,0,1,0
1,55.385,0,11.2594,1,1,0,12,7,12.6382,54.424,0,54.545,68.322,29.692,1,8.051,158.711,9.215,3,91.113,39.446,0.682,0,1,0
0,31.4056,0,0.1843,1,1,1,2,6,16.4927,51.825,0,148.555,92.715,9.216,1,31.454,18.787,4.929,1,185.766,73.503,9.502,0,0,0
1,38.2646,0,11.29,1,1,0,1,9,22.4496,53.318,0,122.575,0.958,0.285,1,13.351,66.446,3.419,1,1.961,23.857,8.92,0,1,0
0,25.3218,0,12.469,1,1,0,2,2,19.4557,56.85,0,151.059,59.822,39.096,1,58.277,80.022,6.9,1,82.969,18.525,1.182,0,1,0
1,20.6085,0,13.5705,1,1,0,2,7,15.455,89.814,0,105.885,18.145,26.162,1,12.85,87.774,1.909,1,7.605,71.925,0.271,0,1,0
1,48.3058,0,17.0957,1,1,0,2,6,23.2546,56.5,0,8.882,98.954,2.505,1,2.991,93.433,0.379,1,143.215,273.276,0.112,0,1,0
1,38.2427,0,13.6938,1,1,0,4,6,12.0286,49.863,0,34.948,6.867,1.024,1,148.122,7.719,4.422,1,4.788,53.159,1.947,0,1,0
0,38.3553,0,17.2557,0,1,1,2,8,19.101,36.979,0,127.549,210.346,6.657,1,42.947,67.245,4.744,0,67.064,81.231,0.28,0,1,0
1,38.8313,0,19.006,1,1,0,1,8,18.2648,58.244,0,41.012,117.496,36.015,1,8.421,97.467,10.602,1,101.516,16.359,0.545,0,1,0
0,24.6574,0,10.7013,1,1,2,0,7,12.4153,87.918,0,14.959,335.368,12.622,1,88.297,41.596,0.312,1,43.622,56.852,11.683,0,1,0
0,20.1891,0,17.9781,1,1,0,2,8,5.8584,49.246,0,115.981,48.73,30.299,1,48.871,12.557,5.02,1,9.339,71.835,0.252,0,0,0
1,20.0741,0,13.0386,1,1,0,5,2,16.8525,54.949,0,158.013,334.811,19.346,1,106.014,1.513,2.313,1,5.651,135.951,0.477,0,1,0
1,38.605,0,13.831,1,1,1,2,2,16.2475,38.075,0,130.242,19.345,29.897,1,47.657,18.413,3.969,1,2.471,1.946,6.186,1,1,0
0,20.1638,0,11.5392,1,1,1,0,2,18.4447,53.424,0,140.437,4.602,9.131,1,1.015,1.216,0.312,1,69.05,74.85,0.68,0,1,0
0,28.8412,0,3.6298,0,1,0,9,3,16.114,42.743,0,147.594,17.303,2.796,1,47.517,15.617,7.303,1,107.232,83.653,0.178,0,1,0
1,38.676,0,16.208,1,1,0,8,2,15.7055,40.832,0,115.586,69.345,29.397,1,43.139,30.706,0.311,1,5.219,9.525,0.032,0,0,0
1,31.8945,0,8.3021,1,1,1,2,1,16.5207,69.65,0,43.44,170.954,32.296,1,52.326,75.345,9.514,1,141.963,47.422,0.137,0,1,0
1,20.7245,0,10.9543,1,1,0,2,2,18.5425,41.994,0,137.636,53.354,3.631,1,47.351,91.601,4.989,1,9.001,99.579,5.981,0,0,0
1,28.1618,0,19.9093,1,1,0,2,4,14.1774,42.27,0,143.848,146.31,34.914,1,60.094,74.062,0.311,1,13.984,7.27,0.965,0,1,0
0,30.3296,0,3.1677,1,1,0,15,8,14.1679,30.827,0,101.751,-88.892,14.784,1,11.915,50.062,7.489,1,62.129,87.14,1.37,0,1,0
1,32.8893,0,28.0611,0,1,1,2,2,15.2852,6.543,0,72.83,80.347,0.461,1,61.145,117.704,2.465,1,19.193,37.121,0.113,0,1,0
1,38.4278,0,28.0461,1,1,0,2,2,13.491,50.89,0,70.543,279.411,33.129,1,65.191,93.938,3.182,1,201.562,21.243,8.132,0,0,0
1,48.427,0,5.7081,1,1,0,2,9,16.485,58.914,0,174.484,44.856,9.234,1,58.281,40.688,3.664,1,83.32,31.245,1.062,0,0,0
0,38.2651,0,5.0504,1,1,2,0,2,19.5206,58.82,0,20.504,116.595,29.195,1,48.015,23.604,4.925,1,25.552,89.352,0.252,0,0,0
1,30.6262,0,4.9209,1,1,0,6,6,14.8124,59.963,0,63.872,5.313,33.134,1,10.322,25.081,3.019,1,12.26,90.228,0.2,0,1,0
1,38.7677,0,11.3092,1,1,2,2,8,34.3297,37.413,0,164.083,30.804,11.29,1,1.625,0.29,4.716,1,5.268,58.803,0.288,1,1,0
0,31.1335,0,17.3375,1,1,1,2,2,12.5767,59.945,0,282.5,48.858,9.959,1,18.116,63.073,9.786,1,81.253,7.87,0.37,0,1,0
1,38.6675,0,7.4096,1,1,1,2,1,17.8095,59.941,0,45.039,-4.57,2.468,1,69.4,21.788,6.146,1,146.803,26.123,9.864,0,1,0
1,29.3105,0,12.2469,1,1,1,9,8,16.5125,40.14,0,60.412,180.854,29.252,1,52.214,18.909,9.924,1,3.269,52.825,0.547,1,1,0
1,38.0018,0,16.9286,1,1,2,6,2,12.1557,79.92,0,115.186,49.511,2.992,1,2.612,10.493,2.32,1,14.353,56.256,0.37,1,0,0
1,34.387,0,16.0549,1,1,1,11,2,36.1655,40.547,0,68.744,76.874,7.368,1,58.324,40.951,8.147,1,186.953,87.777,0.666,1,1,0
0,24.123,0,12.1737,1,1,0,12,8,18.0227,54.416,0,7.819,70.392,17.12,1,43.122,13.373,0.303,1,61.489,351.78,0.116,1,1,0
1,38.0008,0,2.9776,1,1,0,6,6,16.8098,59.402,0,144.3,245.991,10.062,1,0.379,10.964,0.73,1,53.462,16.976,7.267,0,1,0
1,42.0755,0,2.1381,1,1,1,2,6,15.8502,56.734,0,25.367,87.557,29.921,1,6.665,166.402,5.38,1,1.185,94.963,1.07,0,1,0
0,20.5665,0,12.6786,1,1,0,4,2,12.2681,52.724,0,6.877,9.158,3.098,1,42.641,4.593,3.968,1,146.524,78.928,1.644,0,0,0
1,38.1673,0,10.6618,1,1,0,2,2,18.454,52.914,0,194.384,236.571,14.255,1,63.083,5.801,6.1,1,161.269,184.122,2.977,1,1,0
1,34.1533,0,15.8385,1,1,1,9,2,14.5691,86.725,0,140.833,161.893,0.226,1,45.02,67.629,7.928,1,164.312,84.425,0.588,0,1,0
1,36.066,0,19.8051,1,1,0,2,8,18.4844,55.853,0,157.017,209.908,29.164,1,29.899,40.072,1.332,1,41.766,63.255,0.162,0,1,0
1,24.987,0,11.0347,1,1,0,2,1,10.5921,26.584,0,174.705,40.892,17.348,1,65.433,16.386,3.338,1,53.061,67.843,0.982,0,1,0
1,38.9543,0,11.9737,1,1,0,6,1,15.1766,54.246,0,81.242,89.314,2.444,1,48.084,3.534,3.602,1,50.323,7.761,0.026,0,1,0
1,38.129,0,3.9596,1,1,0,2,8,10.2654,51.994,0,110.648,33.756,12.266,1,7.703,9.503,5.386,1,23.723,17.376,0.181,0,1,0
1,20.3295,0,12.8389,1,1,0,0,1,26.5107,54.856,0,138.562,8.318,31.354,1,13.665,16.251,2.377,1,0.888,241.453,9.627,0,1,0
0,30.179,0,2.6396,1,1,0,2,2,18.4416,59.867,0,74.613,109.874,23.844,1,53.897,68.063,9.975,1,61.329,8.934,0.953,0,1,0
1,48.085,0,12.5542,1,1,0,5,2,13.8551,54.02,0,134.448,15.303,12.214,1,67.165,61.984,3.569,1,141.794,88.991,11.672,0,1,0
1,38.6855,0,19.8731,1,1,2,2,2,23.0128,65.249,0,52.516,60.358,19.054,1,6.269,1.265,3.442,1,96.282,98.12,0.035,0,1,0
1,31.9135,0,10.0505,1,1,1,3,6,17.8194,34.934,0,148.477,147.423,31.133,1,47.147,65.543,6.322,1,62.631,42.97,0.793,0,1,0
1,38.9607,0,12.9198,1,1,0,12,2,15.9145,47.04,0,94.724,218.608,39.235,1,55.225,140.41,19.403,0,13.261,77.48,0.987,0,0,0
0,23.275,0,29.4703,1,1,1,2,2,10.6099,52.612,0,115.501,90.866,12.052,1,46.562,12.687,3.32,1,146.159,24.979,0.042,0,1,0
1,31.3739,0,19.7459,1,1,0,8,6,16.5167,54.647,0,168.056,82.968,29.765,1,44.794,6.935,0.962,1,67.789,14.578,2.062,0,1,0
0,35.3087,0,19.3647,1,1,0,2,7,18.8445,59.823,0,132.593,349.911,9.579,1,32.386,7.56,8.315,1,165.784,58.853,0.6,0,1,1
1,31.6445,0,17.9501,1,1,2,4,4,11.1781,51.203,0,108.738,273.116,20.369,1,96.798,90.376,8.045,1,95.263,79.857,0.466,0,1,0
1,30.2476,0,12.9704,1,1,2,2,5,11.4218,50.817,0,18.719,0.963,0.114,1,64.493,13.57,9.989,1,99.384,77.853,17.042,0,1,0
1,33.0678,0,10.6096,0,1,0,2,2,26.6767,59.02,0,151.47,87.303,59.987,1,37.495,16.069,7.948,1,99.269,8.597,5.273,0,1,0
0,22.2649,0,10.0381,1,1,0,2,2,13.0605,51.09,0,133.403,10.456,3.145,1,48.096,53.599,2.125,1,101.255,16.975,0.47,0,1,0
1,38.375,0,14.5557,1,1,0,5,2,18.4997,56.854,0,281.425,71.293,9.556,1,69.078,56.95,3.522,1,62.547,68.39,0.172,0,1,0
1,23.7076,0,19.7156,1,1,0,2,6,15.7814,56.743,0,172.169,-89.416,23.753,1,33.322,66.946,4.388,1,60.78,290.075,0.777,0,1,0
1,30.1079,0,22.6403,1,1,0,2,9,16.8695,53.55,0,129.002,24.416,39.176,1,92.812,67.793,0.798,1,69.681,26.744,5.733,0,1,0
0,30.467,0,7.6117,1,1,0,2,2,12.1891,55.745,0,148.877,64.857,3.132,1,6.386,42.533,3.139,1,82.723,66.516,1.687,1,1,0
0,28.6203,0,4.949,1,1,0,10,9,15.2746,59.514,0,146.737,76.668,7.601,1,69.265,61.953,4.345,1,25.621,30.169,3.616,1,1,0
1,25.6455,0,10.5058,1,1,0,2,8,13.4652,60.086,0,72.323,38.546,32.113,1,47.326,40.51,3.05,1,81.109,39.829,4.377,0,1,0
1,38.4606,0,19.9672,1,1,1,2,6,29.5409,54.901,3,15.522,9.822,30.111,1,62.491,513.713,8.924,1,98.261,34.91,0.927,0,1,0
1,38.1729,0,27.9546,1,1,0,2,7,20.5767,41.823,0,60.816,23.548,12.772,1,18.264,192.513,6.32,1,7.923,83.123,2.032,1,1,0
1,38.7493,0,12.1388,1,1,0,2,8,14.4229,46.878,0,122.813,202.065,4.407,1,42.624,17.424,7.986,1,35.613,74.173,0.52,0,0,0
1,31.7025,0,11.3351,1,1,0,2,7,11.3003,59.72,0,175.033,21.875,32.994,1,44.669,22.503,9.069,1,95.007,87.225,0.123,0,1,0
1,33.6356,0,17.1307,1,0,0,2,7,11.2517,54.674,0,107.312,4.51,22.864,1,11.456,85.592,7.339,1,75.762,14.177,0.017,0,1,0
1,38.7739,0,12.3387,1,1,0,2,7,16.0145,56.354,0,44.671,209.296,33.082,1,61.111,29.017,3.222,1,21.769,78.321,0.187,0,1,0
0,38.3556,0,18.9281,1,1,0,8,6,15.2494,57.009,0,115.036,265.429,3.292,1,43.694,0.987,6.548,1,123.069,2.372,1.377,0,1,0
1,35.6703,0,12.2787,1,1,0,4,9,10.3157,54.24,0,194.248,245.695,22.898,1,48.063,406.778,0.452,1,29.151,34.204,0.985,0,1,0
1,34.02,0,14.0273,1,1,1,1,2,15.8245,54.822,0,103.193,-26.218,13.352,1,26.751,11.654,9.988,1,13.275,88.831,0.142,0,1,0
0,38.4324,0,18.8577,0,1,1,3,2,10.8028,69.234,0,73.139,126.959,0.212,1,43.118,76.215,0.94,1,49.656,2.313,0.977,0,0,0
1,27.1801,0,11.9516,1,1,2,2,7,16.4148,58.228,0,81.062,579.719,14.932,1,42.544,82.717,3.243,1,35.663,90.325,0.875,0,1,0
1,38.6065,0,9.9389,1,1,2,6,6,11.8196,54.82,0,155.448,76.015,22.342,1,7.437,8.204,3.332,1,4.904,81.376,0.174,0,1,0
1,34.8602,0,19.5193,1,1,0,2,1,18.4532,19.947,0,91.546,102.242,30.428,1,13.302,97.784,3.302,1,11.324,17.155,9.974,0,1,0
0,27.9518,0,16.5698,1,1,0,1,2,15.5225,53.855,0,145.608,213.355,9.874,0,47.621,6.693,3.745,1,24.793,59.324,0.077,0,1,0
1,25.9031,0,10.6247,1,1,0,2,3,18.4385,8.224,0,185.857,238.492,23.674,1,63.699,70.38,2.326,1,67.653,57.748,0.279,0,1,0
0,30.0008,0,17.4559,1,1,0,2,6,16.9124,77.534,0,77.013,-77.057,29.175,1,60.194,150.473,2.635,1,31.336,34.777,0.032,1,1,0
1,40.1491,0,25.9609,0,1,0,2,2,14.8254,46.454,0,169.875,43.836,30.718,1,53.771,45.898,4.161,1,22.501,89.178,0.97,0,1,0
1,38.9,0,10.9311,1,1,2,2,8,14.5749,61.253,0,160.682,177.27,29.278,1,49.104,7.864,0.898,2,42.74,44.453,0.137,0,1,0
0,22.6501,0,19.0004,1,1,0,2,2,19.6499,59.48,0,191.701,96.693,6.476,1,48.207,98.503,4.933,1,4.269,24.22,0.092,0,1,0
0,20.9002,0,0.6413,1,1,0,1,3,17.6321,59.56,3,14.047,96.578,3.889,1,97.094,57.751,4.15,1,17.903,56.55,0.699,0,0,0
0,38.1801,0,19.3317,1,1,0,2,3,10.9727,59.292,0,41.003,203.686,2.234,1,58.024,96.214,4.232,1,83.366,86.378,0.677,0,1,0
0,38.9225,0,10.1791,1,1,0,8,2,17.0345,48.844,0,142.878,9.338,0.189,1,93.144,17.575,9.159,1,83.589,80.806,0.37,0,0,0
0,45.007,0,8.9588,1,1,0,2,8,12.4718,79.811,0,212.989,116.334,22.092,1,70.696,45.408,6.982,1,92.763,18.551,0.113,0,1,0
0,38.1953,0,19.9957,0,1,0,8,1,16.5566,8.26,0,15.715,-75.899,22.994,1,48.014,18.773,3.811,1,43.776,65.931,0.037,0,1,0
0,38.6028,0,18.9051,1,1,0,2,1,13.5363,58.419,0,144.759,519.704,9.002,1,56.802,83.219,5.679,1,64.271,22.579,0.576,0,1,0
1,38.5138,0,3.052,1,1,0,2,3,20.4245,78.026,0,155.547,23.781,20.437,1,7.632,107.977,9.731,1,13.008,38.721,0.649,1,0,0
1,38.941,0,6.0181,1,1,0,8,6,18.2344,58.321,0,4.808,33.48,22.055,1,68.256,6.952,9.964,1,0.163,2.275,2.98,0,0,1
1,42.3808,0,10.0689,1,2,1,6,2,12.0253,52.495,0,30.078,10.393,36.45,1,8.305,17.66,4.986,1,19.295,85.531,1.613,0,1,0
1,38.356,0,21.9353,0,1,0,4,2,18.3572,59.614,0,149.138,15.168,29.654,1,6.404,87.283,7.735,1,77.351,2.386,0.02,0,1,0
0,68.1041,0,18.5391,1,1,0,8,8,16.4728,53.866,0,85.165,19.888,22.251,1,8.111,47.909,3.92,1,116.003,53.857,0.174,0,1,0
1,30.8002,0,3.9563,1,1,0,4,3,13.826,50.944,0,324.723,92.305,31.162,1,18.646,431.407,3.957,1,143.329,87.951,0.087,0,0,0
1,36.8325,0,18.1291,1,1,0,2,2,10.5241,69.744,0,135.79,30.424,36.424,1,18.302,67.509,4.589,1,99.163,68.062,0.387,1,0,0
1,38.0299,0,12.938,1,1,0,2,2,13.6231,78.593,0,149.844,68.156,2.052,1,0.298,4.137,1.108,0,7.28,2.57,0.275,1,1,0
0,38.68,0,1.1385,1,1,0,1,2,17.642,50.913,0,123.182,10.973,16.266,1,62.317,25.595,6.66,1,148.118,1.829,0.96,0,1,0
1,38.5093,0,10.0751,1,1,0,2,2,10.5299,51.114,0,2.749,23.362,36.796,1,48.014,15.434,0.482,1,100.851,36.77,0.872,0,1,0
0,28.6265,0,13.0288,1,1,0,2,2,15.6245,50.606,0,17.217,502.108,29.298,1,1.895,8.949,3.334,1,92.828,48.173,0.877,1,1,0
1,38.0756,0,10.538,1,1,0,2,5,14.3316,36.685,0,4.817,9.726,33.548,1,5.016,16.919,3.007,1,43.104,86.473,1.273,0,1,0
0,30.9447,0,17.4792,1,1,2,2,6,20.1509,53.313,0,77.117,49.856,22.554,1,1.504,198.315,4.449,1,103.569,88.926,2.083,0,1,1
0,38.4608,0,17.5351,1,1,0,6,2,19.5163,74.605,0,172.825,97.95,16.113,1,2.494,150.207,7.38,1,7.261,53.18,20.878,0,1,0
1,30.3018,0,4.4655,1,1,0,2,2,15.7216,54.606,1,63.431,47.328,1.498,1,66.608,62.343,3.385,1,5.305,53.521,0.256,0,1,0
1,38.6791,0,24.0122,1,1,0,8,1,11.4054,42.29,0,190.152,48.391,3.202,1,50.395,51.063,6.384,1,111.573,74.85,11.07,1,1,1
0,20.6043,0,10.5217,1,1,0,2,8,12.5821,74.919,0,88.638,1.366,37.554,1,59.614,81.504,4.682,1,18.283,47.725,0.775,1,1,0
0,34.1203,0,7.5609,1,1,0,2,2,15.5682,14.665,0,113.139,316.911,22.258,1,32.003,48.786,0.389,1,105.152,73.852,1.907,0,1,0
1,48.6458,0,19.0061,0,1,0,2,8,12.0946,66.954,0,30.826,246.279,6.988,1,12.899,6.873,6.944,1,15.171,56.741,0.16,0,1,0
1,38.9093,0,11.1719,1,1,0,3,2,18.5257,54.26,0,171.917,62.453,50.331,1,60.398,7.262,8.959,1,72.663,0.883,0.171,0,1,0
0,38.1837,0,11.9791,1,1,0,2,2,12.0117,56.909,0,13.503,5.556,3.748,1,8.646,66.7,3.022,1,3.201,88.101,0.262,0,1,0
0,25.7426,0,18.5554,1,1,0,2,1,13.4627,40.213,0,143.673,55.828,23.794,1,42.485,10.297,6.235,1,69.991,90.525,0.181,0,1,0
0,38.6871,0,13.5253,1,1,2,2,6,14.5367,42.416,0,72.849,31.062,29.158,1,8.001,27.753,5.125,1,6.254,74.85,5.436,0,1,0
1,34.605,0,18.6313,1,1,0,2,1,21.8139,52.152,0,142.803,14.391,0.143,1,51.161,60.448,4.339,1,5.618,134.752,0.076,1,1,0
1,20.8616,0,0.3447,1,1,0,2,1,14.8755,59.226,0,72.048,90.593,11.162,1,11.894,3.482,3.914,1,2.682,33.545,1.347,0,1,0
1,34.0083,0,10.6753,1,1,0,8,7,14.5323,54.643,0,141.198,74.753,33.513,1,11.09,10.509,38.732,1,6.921,49.397,0.6,0,1,0
0,24.3707,0,12.9094,1,1,0,2,6,14.0649,49.933,0,145.859,72.447,2.641,1,7.399,8.543,0.381,1,13.406,13.579,0.023,0,1,0
1,31.2058,0,19.0797,1,1,0,1,7,11.5649,54.863,0,94.424,214.556,23.948,1,40.014,52.756,9.447,1,0.263,1.263,0.882,1,0,0
1,22.7006,0,4.8364,1,1,0,9,6,17.5065,52.577,0,177.989,56.973,9.464,1,1.484,43.774,9.272,1,80.859,60.961,20.588,0,0,0
1,25.6608,0,17.1354,1,1,0,2,8,17.2932,57.7,0,17.878,16.342,32.201,1,59.23,12.873,6.387,1,11.235,78.848,0.015,0,1,0
0,38.4671,0,18.0349,1,1,0,2,8,16.8612,54.513,0,189.573,15.31,23.078,1,47.598,67.893,8.785,0,98.921,61.155,0.262,0,1,0
1,39.6271,0,13.3999,1,1,0,2,2,17.5155,52.833,0,53.758,88.842,1.58,1,7.884,8.883,35.119,1,9.019,50.275,1.291,0,1,0
1,28.4761,0,15.9249,1,1,1,2,4,10.2915,87.926,0,92.008,11.016,21.958,1,30.314,41.105,3.975,1,16.419,86.556,0.07,0,1,0
1,31.3836,0,4.6009,1,1,2,1,1,12.5724,50.82,0,9.956,217.535,2.27,1,69.174,31.631,4.922,1,39.266,92.674,0.19,0,0,0
1,28.9033,0,17.5384,1,1,0,4,2,12.1056,50.673,0,140.703,40.966,34.107,1,46.055,585.783,5.498,1,125.961,14.921,0.576,0,1,0
0,28.097,0,16.6541,1,1,0,1,6,10.7814,55.754,0,120.593,2.773,33.45,1,79.618,54.204,39.228,1,92.962,19.275,0.213,0,1,0
0,38.0903,0,15.924,1,1,0,2,2,13.2906,57.141,0,100.716,70.32,9.248,1,61.604,36.018,9.525,1,65.903,50.924,0.732,0,1,0
1,25.6436,0,14.8038,1,1,0,8,9,15.8694,59.316,0,0.71,312.339,26.766,1,62.525,12.783,3.628,1,92.701,75.83,0.015,0,1,0
1,33.6795,0,19.176,1,1,1,2,2,13.6108,46.549,0,154.033,217.742,22.432,1,49.129,30.474,3.94,1,26.966,60.911,0.172,0,1,0
0,20.0846,0,0.3741,1,1,0,2,2,14.5323,52.411,0,73.181,100.874,30.298,1,1.656,11.77,0.326,1,77.269,122.973,1.747,0,1,0
1,28.3738,0,13.9096,1,1,0,2,6,14.414,63.525,0,138.812,78.497,19.292,1,8.011,60.107,2.386,1,26.169,93.575,0.059,0,1,0
0,38.4728,0,17.5054,1,1,0,2,2,16.6494,57.82,0,151.258,201.076,5.671,1,34.143,127.464,4.926,1,109.273,83.772,6.294,0,1,0
1,38.1046,0,17.5001,1,1,2,8,6,12.8934,4.603,0,66.545,12.886,20.222,1,54.807,75.967,1.684,1,169.961,46.77,0.058,0,0,0
0,38.8578,0,14.6238,1,1,0,2,2,11.9477,54.65,0,72.577,47.377,3.306,1,47.014,27.783,4.288,1,105.161,89.96,1.137,0,1,0
1,38.5632,0,10.6787,1,1,0,2,2,23.4387,69.955,0,145.185,49.586,4.261,1,9.816,87.438,6.946,1,2.303,86.232,0.187,0,0,0
1,38.9745,0,19.9048,0,1,0,2,5,16.5616,59.026,0,49.343,27.591,32.434,1,41.149,64.834,6.211,1,11.719,74.806,5.583,0,1,0
1,25.8006,0,13.0488,1,1,0,2,6,15.3983,59.509,0,105.153,110.376,4.331,1,62.168,0.002,0.11,1,13.933,31.341,0.33,0,1,0
0,38.8653,0,17.2594,0,1,1,6,5,14.7645,76.054,0,37.294,285.852,2.969,1,68.921,55.489,3.941,1,0.458,83.872,1.708,0,1,0
1,28.1755,0,15.9448,1,1,0,1,5,13.0555,50.162,0,145.215,25.913,4.184,1,59.618,67.344,3.308,1,13.153,72.769,8.92,0,0,0
1,34.3716,0,3.9983,1,1,2,5,2,14.8158,46.839,0,51.542,16.592,6.727,1,7.232,26.564,2.328,1,9.203,65.303,0.292,0,0,0
0,28.6289,0,13.9397,1,1,0,18,6,16.4457,81.404,0,40.643,117.615,23.113,1,42.411,46.56,2.917,1,6.568,87.055,0.272,0,1,1
1,38.1366,0,14.414,1,1,0,2,1,19.5167,16.822,0,13.112,10.843,32.283,1,68.351,48.284,5.389,1,186.126,33.57,1.03,0,1,0
1,25.6089,0,1.1072,1,1,2,12,8,11.1901,59.663,0,24.256,512.266,0.911,1,43.547,17.232,4.257,1,81.762,50.55,0.386,0,1,0
1,32.7601,0,5.9269,1,1,0,2,7,18.5511,58.444,0,17.499,233.015,9.292,1,49.755,0.917,6.906,1,206.965,83.172,0.672,0,1,0
1,38.427,0,13.7778,1,1,1,2,1,16.4074,95.39,0,173.879,202.478,37.847,0,68.31,66.258,9.088,1,1.143,43.746,1.922,0,1,0
1,31.655,0,12.9767,1,1,0,8,8,19.0965,55.647,0,57.244,7.141,1.454,1,6.955,64.256,9.269,1,94.339,5.926,1.177,0,1,0
0,33.8055,0,20.9017,1,1,2,2,3,11.6186,51.904,0,147.426,280.334,3.276,1,3.544,8.236,9.989,1,62.288,85.857,0.772,0,1,0
1,30.9676,0,5.9509,1,1,2,1,2,16.3726,3.944,0,63.411,-0.417,1.125,1,30.711,6.415,9.002,1,47.649,68.475,0.74,0,1,0
0,28.4771,0,11.3684,1,1,0,0,2,10.1924,55.164,0,142.15,70.371,0.269,1,41.794,40.993,4.946,1,4.258,73.595,0.747,1,0,1
0,39.9676,0,11.8304,1,1,1,14,8,18.0153,42.914,0,110.816,146.426,33.294,1,43.545,103.513,1.322,1,53.529,61.55,1.07,0,1,0
0,28.2005,0,18.5796,1,1,0,2,2,26.5487,56.482,0,140.215,36.256,37.232,1,44.362,26.275,2.992,1,12.363,53.251,4.222,1,1,0
1,35.9851,0,14.8103,1,1,0,2,3,16.6043,41.825,0,78.844,99.875,26.49,1,60.162,67.958,9.92,1,61.619,76.327,7.7,0,1,0
0,38.1093,0,28.3984,1,1,0,4,2,12.8151,84.967,0,94.983,16.505,23.712,1,19.447,97.43,3.506,1,25.115,20.851,0.222,0,1,0
1,38.387,0,17.8283,1,1,0,4,1,16.7111,54.273,0,55.543,-91.273,36.174,1,2.614,18.536,9.76,1,71.928,43.829,0.073,0,1,0
0,30.151,0,8.3088,1,1,0,8,2,14.8614,44.919,0,60.71,510.458,18.362,1,15.391,94.234,7.233,1,5.788,17.22,0.18,1,1,0
1,26.8938,0,1.9141,1,1,0,2,2,18.1617,58.943,0,149.586,264.714,19.664,1,43.763,6.934,0.972,1,24.762,28.255,0.012,0,1,0
0,38.0209,0,18.7505,1,1,1,1,5,19.4455,90.946,0,193.693,81.84,33.17,1,8.039,15.955,3.222,1,9.149,15.821,1.567,0,1,0
1,38.9766,0,10.2663,1,1,0,0,8,23.8024,55.091,0,199.023,70.306,36.152,1,144.419,69.056,3.97,1,143.275,85.92,0.952,1,1,0
1,28.5956,0,10.108,1,1,0,6,8,14.5542,53.824,0,132.88,270.359,13.952,1,5.911,8.541,0.388,1,31.36,88.196,1.234,0,1,0
0,28.1091,0,13.0143,1,1,0,1,7,18.4917,51.936,0,68.742,296.536,37.527,1,48.001,77.06,9.365,1,47.421,35.275,0.058,0,0,0
1,23.4351,0,14.0517,1,1,0,1,6,11.2845,54.643,0,148.437,90.093,36.622,1,42.054,5.591,3.833,1,64.677,91.95,1.192,0,0,0
0,38.3767,0,13.9701,1,1,0,5,3,10.5755,52.898,0,131.247,87.058,31.932,1,4.833,46.225,7.142,1,3.179,97.755,1.97,0,1,0
1,38.6065,0,15.3105,1,1,0,3,7,19.0565,54.204,0,117.431,116.953,0.657,1,19.141,170.612,7.97,1,7.981,78.375,1.27,0,0,0
1,38.5637,0,18.1377,1,1,0,6,2,12.0796,56.519,0,149.707,9.057,19.294,1,6.468,46.403,7.914,1,22.926,74.352,3.913,0,0,0
1,37.4753,0,3.518,1,1,0,2,2,11.3363,41.914,0,25.542,49.564,23.257,1,59.622,68.614,0.787,1,39.125,80.822,0.7,0,1,0
1,41.3428,0,10.1008,1,1,2,12,6,16.5366,56.484,0,34.243,42.53,20.064,1,13.316,77.033,4.731,1,7.245,26.444,1.617,0,1,0
0,28.1078,0,1.4036,1,1,2,2,8,11.6752,57.933,0,192.367,96.979,69.76,1,10.119,30.971,7.984,1,1.304,59.871,1.179,0,1,0
1,26.2007,0,18.0451,1,1,0,0,2,17.6604,53.68,2,122.845,0.873,2.937,1,40.075,106.709,3.778,1,67.921,71.873,2.226,0,1,0
1,38.1097,0,11.5919,0,1,0,6,4,17.0484,52.863,0,9.541,19.316,22.981,1,1.881,73.035,31.561,1,9.048,14.553,2.677,1,1,0
1,37.6063,0,7.9597,1,1,0,2,6,15.5875,59.563,0,17.076,90.874,22.746,1,36.391,10.808,3.98,1,96.764,89.831,1.872,0,1,0
0,38.195,0,12.13,1,1,0,0,5,16.4053,88.27,0,62.517,613.997,24.414,1,32.609,73.594,9.031,1,15.101,74.373,0.702,0,1,0
0,32.6778,0,19.1087,1,1,0,2,8,13.4401,58.29,0,109.576,71.892,0.062,1,46.451,9.593,3.191,1,60.938,18.222,2.37,0,1,0
0,15.4895,0,22.0064,1,1,0,2,8,18.5787,49.922,0,147.242,210.786,6.966,1,4.134,24.125,2.789,1,13.421,88.773,0.5,0,1,0
0,23.4777,0,1.9272,1,1,0,2,2,12.4151,41.62,0,10.863,276.457,22.759,1,41.024,48.58,8.46,1,5.768,94.272,0.773,1,1,0
1,28.1754,0,19.8144,1,1,1,2,2,13.83,51.573,0,47.042,48.815,32.66,1,1.39,69.995,3.665,1,95.384,66.065,3.258,0,1,0
0,28.551,0,6.4412,1,1,0,1,2,19.7023,44.677,0,162.711,1.357,2.793,1,62.399,66.903,1.606,1,40.265,71.899,0.117,0,1,0
1,38.9791,0,14.4931,1,1,0,3,6,17.5254,49.955,0,11.567,111.896,14.274,1,19.801,16.593,0.916,1,81.659,91.578,1.827,0,1,0
1,24.4739,0,2.5465,1,1,0,5,5,15.4405,54.993,0,71.798,17.817,36.778,1,63.254,87.303,3.982,1,8.919,74.545,12.022,0,1,0
1,28.0533,0,5.1038,1,1,0,6,1,11.8901,54.247,0,88.262,34.164,3.802,1,83.942,18.201,0.576,1,93.791,43.852,0.381,0,1,0
1,33.8261,0,1.1901,1,1,2,9,2,16.9715,69.918,0,123.815,40.775,3.918,1,9.313,127.443,0.471,1,99.757,47.742,0.349,0,1,0
1,48.3738,0,10.8653,1,1,2,8,2,12.4709,54.993,0,10.214,7.116,9.884,1,30.224,43.416,3.3,3,33.521,27.85,0.402,0,0,0
1,28.7552,0,15.677,1,1,1,5,1,15.8352,54.838,0,131.58,221.894,2.233,1,52.114,71.649,27.962,1,96.08,24.835,1.144,1,1,0
1,30.1006,0,19.907,1,1,0,2,3,24.1117,53.99,0,98.045,206.379,3.995,1,65.094,66.682,3.976,1,80.224,96.721,0.234,0,2,0
1,48.1506,0,9.0844,1,1,0,2,2,7.4121,54.956,0,174.67,40.411,22.266,1,40.02,70.873,4.908,1,6.675,71.15,0.587,0,1,0
0,43.8807,0,14.5115,1,1,0,2,2,18.7137,50.913,0,50.549,192.558,33.272,1,42.812,87.249,2.847,1,63.209,53.888,17.071,0,1,0
1,30.1355,0,14.5507,1,1,0,1,2,13.0423,46.827,0,133.155,115.496,2.138,1,48.394,96.976,8.202,1,7.213,51.295,1.612,0,1,0
1,35.6741,0,1.0197,1,1,0,2,2,11.793,54.433,0,152.86,11.356,6.288,1,40.191,40.533,6.107,1,145.421,71.353,0.841,0,1,0
1,33.8021,0,17.1051,1,1,0,1,8,12.852,68.256,0,144.565,75.453,32.154,1,68.384,47.388,4.665,1,31.704,74.829,0.277,0,1,0
1,36.481,0,18.8733,1,1,1,13,2,17.2811,40.89,3,90.013,59.319,32.263,1,48.618,145.994,4.572,1,1.507,56.951,0.324,0,1,0
0,34.0887,0,8.4155,1,1,2,1,3,16.071,9.563,0,54.053,11.892,31.239,1,59.599,22.014,3.977,1,26.361,88.57,1.997,0,0,0
1,38.2328,0,19.6634,1,1,0,9,1,17.6714,57.559,0,178.811,207.957,1.951,1,47.395,94.479,8.954,1,105.763,81.951,1.583,0,1,0
1,41.8441,0,5.0931,1,1,1,1,4,14.0254,56.237,0,79.872,63.855,20.886,1,11.484,7.523,5.388,1,45.764,76.175,0.917,1,1,0
0,34.6929,0,6.9319,1,1,0,2,7,19.0571,67.963,0,150.817,25.324,29.517,1,59.299,56.785,6.739,1,7.363,70.891,0.184,0,1,0
0,28.687,0,11.9798,1,1,0,6,9,17.8485,59.96,0,57.868,10.736,1.252,1,43.196,98.586,9.329,1,0.781,94.554,2.048,0,1,0
1,35.5016,0,18.5291,1,1,0,2,8,11.5845,55.755,0,118.014,16.537,23.226,1,3.283,81.39,0.177,1,1.721,39.98,0.902,0,1,0
1,33.0707,0,10.7677,1,1,0,2,8,11.8047,40.827,0,74.573,327.364,32.172,1,34.108,77.366,3.431,1,8.963,80.12,0.129,0,1,0
1,38.4439,0,1.0506,1,1,0,2,2,15.4776,44.623,0,176.018,-91.886,23.209,1,5.994,96.107,1.212,1,27.269,53.151,0.075,1,1,0
1,30.1,0,9.9667,1,1,0,4,6,16.3214,61.107,0,74.321,121.379,19.282,1,27.012,40.293,3.722,1,11.926,36.755,3.262,0,1,0
1,26.9073,0,0.6415,1,1,2,2,2,18.2666,44.812,0,159.59,128.576,36.732,1,33.038,18.934,3.923,0,3.203,14.315,1.172,0,1,0
1,36.7819,0,17.4226,1,1,1,1,8,18.4179,36.89,0,73.607,18.312,22.698,1,9.114,13.953,3.355,1,67.03,61.87,0.13,0,2,0
1,22.4211,0,17.1774,1,1,0,4,5,27.4795,56.567,0,155.534,164.326,0.214,1,48.502,92.794,6.128,1,66.213,62.957,1.272,0,1,0
1,38.3205,0,15.9087,1,1,0,1,7,13.244,59.948,0,50.724,78.432,13.495,3,12.674,17.712,6.883,1,3.11,101.83,0.081,0,1,0
1,38.0675,0,5.6453,1,1,1,2,8,16.5856,59.118,0,140.803,55.316,39.292,1,49.026,96.26,4.189,1,91.069,22.123,0.363,0,1,1
1,28.0521,0,10.4107,1,1,0,6,8,11.1391,50.973,0,128.18,72.36,11.485,1,90.06,20.498,4.943,0,7.128,21.722,0.612,1,1,0
0,38.06,0,14.157,1,1,0,2,3,14.4084,54.298,0,46.01,262.915,39.292,1,46.699,96.29,3.666,1,75.063,1.562,1.673,0,1,0
0,39.4071,0,17.4336,1,1,0,2,1,16.1145,44.967,0,130.777,36.057,32.452,1,68.181,50.841,7.349,1,66.031,93.975,0.037,0,1,0
0,30.005,0,13.8956,1,1,0,2,8,17.8009,59.97,0,79.526,1.828,32.574,1,65.418,36.018,0.28,1,12.06,49.328,1.565,0,0,0
0,32.445,0,17.9117,1,1,0,2,1,13.8827,35.232,0,94.583,25.184,32.605,1,42.684,167.402,8.067,1,41.933,88.185,3.1,0,1,0
0,38.0615,0,17.0341,1,1,1,2,8,16.4054,69.864,0,112.618,66.505,15.286,1,38.221,56.244,7.089,1,11.319,78.521,7.875,1,1,0
0,30.4145,0,20.3061,0,1,0,2,3,15.2111,56.909,0,184.07,17.827,1.872,1,49.02,69.283,3.944,1,5.386,7.127,0.175,0,1,0
1,23.1008,0,3.5385,1,0,0,2,8,12.8991,58.614,0,110.424,48.452,0.227,1,31.511,14.843,3.322,1,1.261,8.575,2.372,0,1,0
1,35.006,0,9.9583,1,1,0,2,1,16.4495,59.025,0,122.716,58.914,8.992,1,58.648,53.983,2.819,1,41.042,61.566,1.522,0,1,0
1,38.0154,0,19.8603,1,1,0,2,8,10.5257,59.391,0,28.543,77.975,0.64,1,67.115,60.471,9.108,1,36.969,8.82,1.177,0,1,0
1,22.65,0,12.6183,1,1,0,2,1,15.045,46.841,0,191.282,12.914,20.195,1,8.295,55.293,4.302,1,2.76,96.876,0.532,0,1,0
1,25.1051,0,17.6071,1,1,1,6,6,10.504,41.908,0,149.832,90.328,26.272,1,5.229,18.867,3.539,1,61.932,57.435,6.089,0,1,0
1,31.1288,0,12.561,1,1,0,2,2,16.5454,40.95,0,174.017,230.116,39.632,1,44.42,92.535,0.28,1,85.949,33.913,25.57,0,1,0
1,38.165,0,16.0492,1,1,0,8,2,16.8288,64.744,0,144.704,46.066,32.294,1,41.043,16.25,9.142,1,9.918,41.921,0.14,0,1,0
1,31.579,0,10.142,1,1,0,2,2,15.1735,58.436,0,143.536,11.255,19.238,1,69.011,100.551,7.888,1,45.064,88.773,0.577,0,1,0
1,48.2038,0,10.835,1,1,0,1,8,14.5224,98.927,2,102.5,30.896,38.968,1,1.626,8.418,9.446,1,1.365,84.172,0.952,1,1,0
1,38.343,0,19.9517,1,1,0,2,6,16.6407,79.106,0,102.658,689.368,0.725,1,68.201,44.013,4.986,1,6.921,96.714,0.621,0,1,0
1,38.2531,0,18.4305,1,1,2,2,6,14.5706,68.224,0,143.56,11.219,31.272,1,44.459,12.215,13.999,1,83.989,292.956,1.937,0,1,0
0,28.0995,0,7.6791,1,1,1,12,8,14.0206,54.133,0,174.049,-1.002,0.292,1,52.601,72.175,8.332,1,51.285,6.921,0.1,0,0,0
0,34.149,0,5.1923,1,1,0,0,5,18.3385,53.399,0,90.883,70.814,27.759,0,73.214,100.392,3.139,1,6.589,51.972,0.622,1,1,0
1,20.3827,0,14.9157,1,1,1,1,6,26.8515,65.903,0,16.233,69.934,39.914,1,41.339,0.784,3.028,0,46.599,14.829,0.075,1,1,0
1,30.9249,0,12.9081,1,1,0,5,1,18.6054,52.464,0,72.88,14.317,30.572,1,42.044,86.759,9.699,1,1.773,89.222,0.393,0,1,0
0,38.0005,0,19.9585,1,1,1,2,2,15.8969,58.774,0,53.567,295.864,23.132,1,59.014,69.04,3.202,1,3.235,28.124,0.267,1,1,0
1,30.6806,0,12.2031,1,1,0,4,2,12.4567,69.025,0,0.482,10.864,36.536,1,64.714,92.632,9.785,1,53.719,77.626,0.419,0,1,0
0,38.3014,0,10.6797,1,1,2,2,2,18.5027,52.504,0,120.44,39.345,29.248,1,52.885,10.517,9.311,1,11.121,64.125,1.02,0,1,0
0,28.0052,0,5.0118,1,1,0,12,2,19.8361,54.716,0,110.849,291.422,6.876,1,33.419,7.906,3.786,1,46.253,23.521,0.892,0,1,0
1,36.5451,0,4.5007,1,1,1,10,9,24.6644,55.964,0,72.912,13.416,20.032,1,49.298,67.871,3.942,1,41.225,69.591,0.267,0,0,0
0,37.0573,0,14.6519,1,1,1,0,6,15.6126,44.543,0,177.177,-18.796,31.822,1,66.762,3.993,3.139,1,90.772,46.829,0.34,0,1,0
1,24.8201,0,9.7297,1,1,0,4,2,19.2067,52.677,0,149.218,37.875,7.458,0,48.632,178.237,6.422,1,157.213,56.078,3.262,0,1,0
0,39.3473,0,19.6251,1,1,0,8,1,10.4714,65.844,0,68.513,209.336,39.194,1,16.398,43.213,6.184,1,60.766,15.87,0.954,1,0,0
1,38.1812,0,1.964,1,1,1,1,2,15.2227,69.414,0,199.174,137.353,29.162,1,48.29,48.954,4.519,1,65.262,83.353,5.46,0,1,0
1,30.1967,0,18.8109,1,1,0,2,8,10.7065,52.644,0,145.422,14.551,38.198,1,2.649,103.504,4.236,1,11.249,67.913,4.616,0,1,0
0,34.6479,0,18.0507,1,1,1,2,6,18.4895,89.44,0,131.903,6.379,0.135,1,42.501,87.911,7.984,1,1.666,6.125,0.063,0,1,0
0,38.7475,0,18.8182,1,1,0,6,8,14.1255,13.041,0,75.714,341.463,26.794,1,9.785,39.245,9.842,1,43.369,74.529,25.16,1,1,0
1,27.3058,0,12.936,1,1,2,2,2,18.9938,56.273,0,159.523,9.494,9.195,1,60.654,67.2,1.272,1,61.385,51.922,0.7,0,1,0
1,32.9426,0,0.1459,1,1,0,2,3,30.8641,42.143,0,128.073,127.174,29.826,1,5.698,136.919,9.562,1,53.303,82.359,0.072,0,1,0
1,38.08,0,14.1441,1,1,0,0,9,14.5791,77.703,0,118.534,47.056,33.674,1,66.693,40.913,9.298,1,26.762,27.929,0.597,1,1,0
1,38.9233,0,18.9923,1,1,0,9,2,15.5754,52.836,0,40.436,60.724,16.08,1,65.319,98.988,5.569,1,90.103,86.52,0.317,0,1,0
1,57.66,0,11.9466,0,1,0,8,9,13.1222,42.802,0,132.887,128.201,33.798,1,8.715,97.543,5.726,1,13.319,87.122,1.587,1,1,0
0,34.1958,0,29.0856,0,1,0,2,6,16.8762,2.856,0,179.58,87.476,32.657,1,48.05,47.493,3.947,1,90.744,76.851,0.073,0,0,1
1,28.6255,0,11.2447,1,1,0,18,2,11.212,16.615,0,184.283,3.334,11.873,1,89.069,47.783,5.959,0,82.384,38.335,0.066,0,1,1
1,36.3208,0,10.9176,1,1,0,2,6,19.5765,59.043,0,92.443,70.123,39.12,1,51.165,10.291,7.862,1,100.989,82.216,2.166,0,1,0
1,38.4099,0,17.0398,1,1,0,2,2,16.4403,63.135,0,78.243,12.187,25.476,1,42.323,24.582,2.829,1,21.324,53.37,0.724,0,0,0
0,30.1546,0,11.4903,1,1,2,2,5,22.0344,54.256,0,170.488,48.52,32.838,1,64.415,14.789,2.859,1,76.059,80.115,0.769,0,1,0
1,20.8871,1,4.3198,1,1,0,4,2,13.4023,82.455,0,106.186,9.326,2.279,1,7.29,61.66,3.308,1,100.253,89.731,8.717,1,1,0
0,38.2202,0,14.6607,1,1,1,2,1,12.841,68.534,0,2.832,28.856,8.006,1,7.044,113.384,1.996,1,49.055,6.24,0.38,0,1,0
1,35.6871,0,10.4007,1,1,0,14,2,16.5294,44.138,0,73.882,59.553,14.285,1,48.014,76.763,7.283,1,102.921,72.071,0.102,0,1,0
1,38.9771,0,14.3348,1,1,2,1,2,16.9147,49.974,0,194.538,80.342,9.952,0,60.657,26.076,5.185,1,5.769,38.71,1.62,0,1,0
0,30.4978,0,18.6767,1,1,0,0,2,16.6023,42.623,0,102.68,105.614,22.795,1,52.695,0.707,9.349,1,165.261,38.621,0.863,0,1,0
0,34.13,0,14.1437,1,1,1,10,4,19.3745,51.247,0,9.88,315.816,37.822,1,12.949,6.003,3.959,1,113.247,92.529,0.072,0,1,0
1,35.8928,0,6.6351,1,1,0,0,8,16.4287,54.613,0,167.11,-24.599,3.212,1,6.613,16.964,3.285,1,29.165,85.555,0.692,0,1,0
1,28.0868,0,17.1834,1,1,0,2,2,13.5787,42.858,0,3.186,29.523,26.262,1,42.866,20.413,5.339,1,1.219,85.631,4.024,1,1,0
1,38.3602,0,12.9316,1,1,0,12,2,15.5554,11.94,0,113.792,140.862,0.997,1,49.295,15.592,7.215,1,40.265,98.856,6.556,0,1,0
0,56.6868,0,11.9688,1,1,1,2,2,15.6644,58.574,0,148.898,10.466,0.494,1,68.581,57.212,1.762,1,3.663,95.958,0.562,0,1,0
1,21.8605,0,10.0051,1,1,1,2,6,12.4681,58.24,0,128.449,14.836,19.668,1,4.144,26.074,9.888,1,51.702,77.582,0.992,0,0,0
1,25.9526,0,10.9329,1,1,0,8,7,13.3107,14.825,0,146.83,218.496,11.755,1,14.405,14.944,6.912,1,119.255,4.466,0.188,0,1,0
0,33.1091,0,16.9279,1,1,0,16,8,13.5122,58.078,0,44.08,89.303,35.009,1,27.614,13.057,3.299,1,22.919,89.576,2.689,0,1,0
0,38.905,0,10.0767,1,1,0,8,2,16.6741,56.522,0,144.042,107.358,23.636,1,0.091,6.951,9.971,1,6.763,61.522,0.046,0,1,0
1,37.4877,0,19.4471,1,1,2,2,2,15.5218,9.015,0,121.832,44.729,9.693,1,52.056,47.415,3.329,1,95.179,69.172,0.4,0,1,0
0,25.2622,0,10.8181,1,1,0,4,1,14.5036,48.82,0,112.514,544.876,31.414,1,59.044,47.194,8.931,1,20.123,35.871,1.76,0,1,0
1,65.6656,0,15.1455,1,1,0,3,2,16.8616,58.243,0,72.456,98.385,20.946,1,42.951,57.289,0.145,1,29.269,42.54,0.277,0,1,0
0,39.0235,0,9.8481,1,1,1,2,8,14.3696,57.593,0,246.77,4.443,0.212,1,32.221,77.781,4.472,1,0.361,8.97,0.078,0,1,0
1,28.0621,0,12.9031,1,1,2,2,2,18.7029,7.424,0,33.654,33.813,36.999,1,78.065,47.214,0.62,1,263.456,100.275,0.442,0,1,0
1,30.604,0,19.4218,1,1,0,8,2,14.8341,51.823,0,150.098,96.317,39.916,1,51.132,86.314,9.289,1,91.651,89.317,0.162,0,1,0
1,21.6855,0,0.6187,1,1,0,6,5,14.818,59.183,0,174.688,135.037,30.513,1,36.347,153.592,3.999,1,69.551,105.859,8.107,0,1,0
1,38.8178,0,18.6359,1,1,0,2,3,12.5491,56.834,0,54.748,-54.336,9.57,1,91.299,1.038,3.12,1,5.056,63.179,0.04,0,1,1
0,42.9018,0,0.1354,1,0,0,2,8,19.305,47.966,0,3.733,49.847,6.202,1,11.085,132.04,4.328,1,63.266,24.467,0.123,0,1,0
1,28.8821,0,9.0353,1,1,0,6,4,11.8144,48.536,0,183.041,401.986,30.122,1,3.154,69.309,9.112,1,47.241,98.068,0.967,1,0,0
1,34.4879,0,9.0148,1,1,2,1,6,12.3246,43.954,0,40.989,89.516,0.218,1,38.09,70.105,3.342,1,36.59,18.876,30.516,0,1,0
0,21.245,0,18.0104,1,1,0,11,2,12.7254,54.524,0,26.554,3.456,32.926,1,11.749,66.274,38.789,1,42.222,84.851,0.28,0,1,0
1,28.9771,0,0.8481,1,1,2,2,1,16.9025,50.123,0,71.172,80.519,36.884,1,17.379,20.474,9.039,1,5.625,99.928,1.17,0,1,0
0,38.2753,0,18.1945,1,1,0,6,1,14.0454,50.303,0,55.789,389.955,9.714,1,64.644,40.754,4.349,1,63.28,58.124,0.677,1,1,0
0,38.0376,0,18.1557,1,1,0,3,2,18.5324,58.434,0,2.292,0.961,29.22,1,74.116,76.084,5.212,1,87.969,271.612,1.085,0,1,0
1,36.3876,0,13.9652,1,1,0,2,6,18.4061,56.52,0,99.358,19.374,0.751,1,12.533,57.034,8.435,1,53.68,85.279,0.071,1,1,0
1,30.7954,0,18.9094,1,1,0,8,6,10.4404,46.99,0,120.037,99.012,9.947,1,48.888,13.203,3.369,1,1.924,97.146,0.587,0,1,1
0,20.459,0,6.9687,1,1,0,8,1,13.2615,66.914,0,194.58,46.479,2.28,1,41.357,50.307,2.911,1,18.701,29.959,0.5,0,0,0
0,24.457,0,9.7771,1,1,0,2,5,15.8282,44.453,0,176.727,16.157,35.696,1,69.013,67.77,9.949,1,8.36,94.541,0.272,0,1,0
1,28.1773,0,14.8503,1,1,0,6,3,13.448,49.505,0,13.294,-10.362,9.935,1,38.313,72.5,20.907,1,61.171,65.875,9.18,0,1,0
1,35.6573,0,22.0049,1,1,0,1,2,16.4811,56.441,0,97.595,9.362,17.768,1,49.951,66.199,6.989,1,43.686,94.635,0.811,0,1,0
0,28.1508,0,12.972,1,1,0,2,2,26.4081,49.694,0,55.419,57.366,2.554,1,44.666,95.353,7.519,0,36.134,67.975,1.547,0,2,0
0,30.4218,0,12.3786,1,1,0,2,2,16.8844,97.944,0,178.378,83.457,0.292,1,48.116,44.273,3.081,1,65.179,78.872,9.181,0,1,1
1,28.1757,0,23.0685,1,1,0,2,8,14.5162,69.534,0,176.886,30.424,3.046,1,47.022,8.691,5.437,1,11.661,85.675,8.882,0,1,0
1,38.67,0,4.8083,1,1,1,1,5,11.0125,57.564,2,84.299,242.166,39.811,1,1.373,65.093,6.923,1,10.321,80.956,7.272,0,0,0
1,33.4691,0,12.4254,1,1,0,6,1,12.0657,75.187,3,155.983,99.374,3.058,1,8.169,18.583,3.474,1,13.372,85.481,8.023,0,0,0
1,28.6044,0,11.86,1,1,0,2,8,16.869,46.815,0,103.098,6.851,7.15,1,60.607,67.261,9.386,1,111.33,318.875,0.504,0,1,0
1,38.6749,0,3.8791,1,1,0,2,1,18.5773,1.87,0,66.948,0.399,30.995,1,48.121,51.934,6.339,1,75.163,16.071,0.81,0,2,0
0,29.187,0,12.9251,1,1,1,2,2,21.6309,40.677,0,134.523,69.569,2.603,1,18.795,25.479,4.198,1,11.161,23.97,0.06,0,1,0
0,30.08,0,10.3853,1,1,0,2,2,17.7054,55.966,0,132.66,8.774,39.782,1,1.298,45.672,9.306,1,8.121,48.921,8.983,0,1,0
1,28.1953,0,12.5463,1,1,0,6,2,11.4501,55.96,0,134.544,14.917,31.292,1,41.426,52.428,3.923,1,91.786,65.59,0.041,0,1,0
0,26.367,0,17.3047,1,1,0,8,6,10.0335,54.843,0,116.563,77.015,0.353,1,1.594,61.015,10.335,1,57.281,4.557,1.831,0,1,0
1,35.975,0,0.9009,1,1,0,2,2,28.5251,59.414,0,153.729,91.895,1.231,1,42.999,120.87,3.081,1,76.369,28.126,21.177,0,1,0
1,38.899,0,10.0741,1,1,0,2,8,12.5897,55.744,0,148.849,61.568,28.194,1,66.311,82.938,3.325,1,43.727,76.473,0.072,0,1,0
1,22.957,0,10.1017,1,1,0,0,2,10.6133,59.95,0,128.31,706.161,23.299,1,52.301,80.742,7.013,1,3.24,21.17,9.566,0,0,0
0,20.15,0,15.1041,1,1,0,5,1,11.2115,59.245,0,177.218,126.076,37.92,1,3.611,6.693,0.339,1,3.309,24.25,1.3,0,1,0
1,21.7845,0,2.9014,1,1,0,2,2,15.3683,57.827,0,70.103,415.006,10.099,1,17.751,2.403,4.504,1,2.203,86.025,9.879,0,1,0
0,30.7072,0,10.1993,1,1,0,2,9,11.0247,39.957,0,105.848,247.951,10.842,1,42.838,8.233,8.013,1,41.068,93.971,0.192,0,0,0
1,38.602,0,1.7702,1,1,0,2,6,20.6221,42.833,0,163.457,73.596,10.961,1,2.614,67.443,9.18,1,45.776,552.703,0.629,0,0,0
0,38.8457,0,9.3564,1,1,1,1,6,15.512,42.104,0,254.99,25.153,34.483,1,38.494,7.239,9.02,1,149.324,79.445,1.24,0,1,0
0,30.1007,0,11.1099,1,1,0,2,6,15.7091,56.334,0,91.019,29.978,17.962,1,1.749,0.204,0.949,0,96.383,55.231,0.878,1,1,0
0,22.6077,0,4.5314,1,1,0,18,7,15.6177,56.825,0,104.317,27.359,22.788,1,8.557,77.143,9.675,1,70.521,84.919,0.578,0,1,0
1,20.6802,0,3.9777,1,1,0,2,6,11.5529,58.86,0,92.73,-25.561,9.118,1,18.619,85.285,0.671,1,109.876,72.161,7.077,1,1,0
1,38.3431,0,13.9114,1,1,0,2,9,13.8647,54.219,0,120.704,68.635,6.092,1,38.785,66.483,4.235,1,12.975,279.317,20.737,0,1,0
1,35.4279,0,8.9093,1,1,0,17,2,11.8213,54.853,0,149.525,216.896,2.251,1,41.997,41.521,9.536,1,73.007,1.171,0.221,1,1,0
1,28.8576,0,11.3593,1,1,0,2,6,15.5242,59.265,0,147.235,208.342,4.153,1,8.134,57.236,0.322,1,1.213,54.735,0.27,1,1,0
1,35.8857,0,16.2141,0,1,0,2,5,26.3591,52.043,0,525.097,38.874,19.63,1,62.945,58.215,7.927,0,76.291,68.221,8.048,0,1,0
1,38.4571,0,19.4388,1,1,0,6,2,13.3054,49.745,0,92.465,19.3,2.62,1,50.921,85.263,9.006,1,63.199,82.985,8.773,0,1,0
1,28.6545,0,0.0748,1,1,2,2,9,12.5618,55.094,0,62.845,-67.227,10.278,1,42.266,46.974,8.381,1,7.063,4.154,1.873,0,1,0
1,40.3077,0,19.2008,1,1,0,4,3,12.0647,43.273,0,170.815,246.562,0.925,1,48.634,6.619,9.969,1,40.449,33.875,6.141,0,1,0
1,38.1298,0,9.6643,1,1,0,2,8,13.5284,53.24,0,104.001,209.496,20.73,1,46.315,66.093,8.212,1,63.151,68.119,5.633,0,1,0
0,28.2398,0,28.9522,1,1,2,2,2,13.8468,51.533,0,148.872,139.87,11.929,1,44.614,49.741,9.783,1,78.199,94.123,0.003,1,1,0
1,38.9705,0,14.0589,1,1,1,3,2,19.5319,19.213,0,112.531,81.971,5.195,1,88.428,157.424,1.179,1,85.06,53.203,0.977,0,1,0
0,37.9844,0,19.2285,1,1,0,8,6,12.5079,61.425,0,10.543,238.281,39.212,1,60.199,67.352,3.952,1,79.223,50.205,0.286,0,1,0
0,47.8012,0,16.991,1,1,0,6,8,15.8264,57.94,0,105.32,27.766,39.41,0,68.681,4.471,3.489,1,45.761,89.57,0.258,0,1,0
1,32.0021,0,0.9343,1,1,0,6,1,12.5921,57.579,0,125.116,207.372,33.6,1,53.057,106.887,2.352,1,97.459,1.797,0.117,0,1,0
1,38.379,0,16.6637,0,1,2,2,2,10.1204,59.265,0,94.498,10.904,26.125,1,46.205,1.753,3.339,1,203.269,79.673,2.761,0,1,0
1,40.7596,0,10.9554,1,1,0,2,2,11.1127,49.253,0,174.859,211.34,37.206,1,48.798,73.219,3.739,1,12.363,87.177,0.511,0,1,0
1,23.1575,0,19.9791,1,1,0,6,3,18.3797,57.829,0,158.571,-80.797,3.265,1,46.057,83.263,3.108,1,54.244,35.119,0.684,0,1,0
0,39.6675,0,0.3401,1,1,0,8,7,18.096,51.78,0,11.593,-23.353,33.208,1,60.141,10.625,2.05,1,2.039,64.255,22.238,0,1,0
1,28.672,0,16.21,1,1,1,2,8,15.4509,54.304,0,44.443,57.49,2.978,1,12.151,27.474,1.109,1,1.91,18.329,0.132,0,1,0
1,28.1623,0,11.2507,0,1,0,2,6,13.444,15.923,0,112.542,112.327,29.039,1,61.203,56.177,0.92,1,41.402,1.137,0.072,0,1,0
1,38.4703,0,14.1493,1,1,0,13,6,11.3521,61.463,0,258.998,63.488,4.291,1,43.299,20.262,7.742,1,31.203,44.759,0.54,0,0,0
1,21.5878,0,0.9053,1,1,0,8,9,20.527,66.194,0,110.974,63.514,34.659,1,59.211,85.72,4.022,1,195.679,86.157,0.673,0,1,0
1,38.63,0,17.8061,1,1,0,2,2,11.2681,66.154,1,159.764,107.868,1.107,1,42.11,16.551,2.081,1,69.969,63.156,21.761,0,1,0
1,28.329,0,8.3507,1,1,0,2,2,16.395,50.353,0,65.872,-30.538,6.606,1,40.616,97.477,0.735,1,1.362,53.575,1.052,0,1,0
1,28.9351,0,2.2371,1,1,0,2,4,14.5451,59.16,0,129.386,67.997,2.783,1,65.622,70.303,2.989,1,91.604,97.33,0.092,0,1,0
0,21.1543,0,8.9505,1,1,0,2,2,15.8125,55.864,0,115.849,67.496,3.914,1,68.639,6.471,3.728,1,8.227,71.958,0.66,0,1,0
1,23.9262,0,20.9193,1,1,0,2,2,12.5755,54.52,0,120.84,82.428,2.198,1,57.549,76.787,9.236,1,65.969,73.52,0.687,0,1,0
1,34.2071,0,6.9241,1,1,0,9,1,18.6128,46.719,0,115.632,1.952,31.296,1,53.151,5.142,7.225,1,9.523,21.027,0.572,0,1,0
0,33.2235,0,12.9603,1,1,0,5,8,15.3105,73.619,0,131.057,429.535,22.23,1,45.711,14.933,4.422,1,106.263,62.274,0.507,1,1,0
1,29.6874,0,17.5333,1,1,0,2,7,15.4895,56.899,0,152.085,79.193,30.191,1,73.028,70.403,1.359,1,151.088,57.883,0.604,0,1,0
0,23.3451,0,10.0557,1,1,1,4,2,11.7623,57.421,0,174.13,26.35,9.282,1,9.909,70.514,4.233,1,91.649,59.271,0.513,0,1,0
0,23.0351,0,1.9566,1,1,1,2,5,15.1224,45.94,0,135.584,147.023,2.495,1,157.641,49.539,3.241,1,53.766,28.832,0.975,0,1,0
1,35.2297,0,19.1403,1,1,2,4,5,18.6202,52.811,0,149.033,70.496,3.238,1,48.224,6.495,7.344,1,91.33,63.773,0.767,0,1,0
1,30.4563,0,5.9609,0,1,0,2,6,10.9649,50.819,0,92.541,41.473,9.047,1,73.665,17.939,0.949,1,9.909,53.252,0.147,0,1,0
1,21.7276,0,19.5008,1,1,0,2,4,16.1203,56.82,0,72.71,93.492,3.723,1,22.411,40.924,0.958,1,31.249,41.148,0.633,0,1,0
1,33.6653,0,9.8462,1,1,2,0,8,16.501,55.824,0,174.538,12.016,1.074,1,48.297,10.83,3.736,1,144.71,76.825,2.877,0,1,0
1,22.9002,0,10.3397,1,1,0,2,7,12.6827,51.966,0,54.188,4.457,2.069,1,41.281,77.97,5.38,1,80.193,58.823,0.28,0,1,0
1,38.1521,0,17.9753,1,1,1,0,2,15.2901,79.845,0,142.151,304.316,30.768,1,52.286,216.217,18.335,1,29.551,87.173,0.76,0,1,0
1,21.6488,0,10.4293,1,1,0,10,8,18.3864,43.917,0,190.318,655.317,7.237,1,54.391,5.5,4.886,1,17.971,94.326,2.975,1,1,0
0,30.8635,0,2.8457,1,1,0,0,2,15.6197,58.542,0,92.286,245.402,3.959,1,68.327,136.221,8.024,1,6.739,35.242,0.285,0,1,0
1,34.475,0,10.9232,1,1,0,8,5,21.4727,56.065,0,45.875,36.33,16.24,0,0.234,16.977,3.139,1,19.269,58.528,1.842,0,1,0
1,38.5059,0,18.1413,1,1,0,5,2,15.3245,54.338,0,65.557,40.097,3.287,1,6.051,37.813,3.922,1,65.221,68.775,7.077,0,1,0
0,24.9058,0,14.0017,1,1,0,2,2,14.4044,57.363,0,660.512,48.212,30.131,1,49.148,45.773,4.023,1,31.221,66.475,1.177,0,1,0
1,33.1355,0,15.1666,1,1,0,2,8,15.3948,58.414,0,50.036,18.528,13.982,1,91.819,151.913,2.009,1,262.062,93.862,12.643,0,1,0
1,38.6493,0,14.9213,1,1,1,4,8,15.1035,84.244,0,137.438,289.873,31.273,1,47.413,40.009,6.946,1,222.006,77.838,0.177,0,1,0
1,30.4732,0,12.0389,1,1,2,11,2,18.0764,50.282,0,94.81,10.358,4.756,1,49.325,38.053,4.389,1,71.721,34.311,1.11,0,1,0
0,42.8174,0,18.3049,1,1,0,2,1,11.8499,47.957,0,48.832,215.756,2.23,1,61.276,10.949,2.96,1,-4.928,89.284,0.9,0,1,0
1,34.1611,0,10.4347,1,1,2,14,5,15.6121,74.903,0,59.516,246.818,2.332,1,61.306,58.762,0.339,1,16.111,34.74,0.164,0,1,1
1,35.0573,0,13.8654,1,1,1,2,2,12.5844,52.844,0,15.228,389.861,71.231,1,46.959,16.241,3.334,1,95.939,36.581,1.174,0,1,0
1,20.4937,0,11.9307,1,1,0,2,3,19.7344,56.827,0,110.925,116.539,3.718,1,48.624,108.878,3.401,1,153.751,14.881,0.662,0,1,0
1,30.3808,0,12.9614,1,1,0,6,8,14.8817,51.805,0,50.663,90.374,0.459,1,8.432,67.293,4.987,1,143.203,72.242,0.07,0,1,0
1,28.7875,0,19.0518,1,1,0,2,9,16.9161,54.054,0,122.016,106.362,16.319,1,62.223,43.392,3.101,1,63.238,3.723,1.92,0,1,0
0,44.8715,0,29.4304,1,1,0,6,5,13.8263,56.81,0,137.725,69.326,9.952,1,30.999,91.493,0.089,1,107.509,72.975,0.37,0,1,0
0,38.3408,0,7.6753,1,1,1,1,4,10.4077,54.965,0,179.025,261.851,32.64,1,8.911,78.736,4.989,1,3.069,53.723,0.079,0,0,0
0,36.6576,0,16.3581,1,1,0,2,2,16.6651,49.82,0,124.195,46.166,10.294,1,34.962,12.421,2.022,1,61.381,36.993,0.61,0,1,0
1,24.656,0,19.3057,1,1,0,2,6,16.8415,54.234,0,140.469,52.212,23.836,1,49.443,71.244,3.302,1,79.297,76.758,0.826,0,0,1
0,31.4558,0,11.1631,1,1,0,6,6,17.8927,53.553,0,34.712,51.85,10.234,1,52.661,113.414,9.692,1,0.029,24.625,0.061,0,1,0
0,34.3955,0,10.6071,1,1,0,4,2,15.5948,71.916,0,78.818,110.315,9.492,1,44.147,9.515,9.664,1,64.209,13.571,0.202,0,1,0
1,38.067,0,5.0771,1,1,2,0,2,14.7459,41.08,0,150.739,188.686,2.182,1,1.799,45.833,5.981,1,6.176,106.247,0.96,0,1,0
0,38.139,0,11.5411,1,1,1,2,1,10.5915,64.822,0,97.595,231.414,32.184,1,47.951,88.146,2.928,1,19.8,0.304,1.262,0,1,0
1,38.1708,0,10.1087,1,1,0,1,2,15.36,51.465,0,73.53,240.433,30.988,1,12.615,688.613,2.188,1,193.732,86.208,1.023,0,1,0
0,47.1701,0,12.9502,1,1,0,2,2,12.0094,56.764,0,189.717,249.88,8.426,1,24.664,94.903,2.759,1,111.269,4.172,0.065,0,0,0
0,32.0009,0,18.9517,0,1,2,2,8,15.0553,50.335,0,46.859,217.833,33.153,1,41.072,2.28,3.687,1,73.73,98.876,1.478,0,0,0
1,32.1091,0,25.9007,1,1,0,1,2,10.191,57.82,0,115.965,49.701,33.432,1,48.924,7.075,3.924,1,11.317,78.871,0.282,0,1,0
0,38.186,0,15.1301,1,1,0,6,2,10.2946,54.823,0,55.531,147.613,2.013,1,43.898,40.235,2.323,1,20.753,34.787,0.737,0,1,0
0,26.8601,0,9.9839,1,1,0,2,9,10.2859,49.974,0,60.634,42.887,22.786,1,69.551,173.964,9.188,1,93.324,4.371,1.041,0,1,0
1,45.1651,0,19.5108,1,1,0,18,2,12.6185,17.626,0,140.153,38.969,9.094,1,8.711,73.849,1.336,1,61.569,268.175,0.616,1,1,0
1,38.8093,0,9.5097,1,1,0,0,5,16.4484,53.823,0,80.532,45.943,35.85,1,5.428,57.514,0.192,1,91.221,71.92,0.226,0,1,0
1,38.8794,0,10.3049,0,1,0,8,1,18.1083,59.99,0,65.819,20.899,29.263,1,1.832,16.098,6.755,1,60.971,90.762,0.902,3,1,0
1,25.1026,0,15.9237,1,1,2,2,2,16.0701,36.204,0,91.816,69.495,14.296,1,5.086,5.415,9.981,1,2.685,398.83,0.107,0,1,0
1,21.6435,0,18.5784,0,1,0,2,2,10.6183,56.229,0,40.156,26.878,14.842,1,42.642,56.429,3.951,1,3.103,97.36,0.737,0,1,0
1,30.8725,0,18.6546,1,1,2,2,3,13.5896,59.017,0,72.254,104.447,21.278,1,81.646,68.671,9.689,1,212.311,83.855,0.307,0,1,0
1,35.0657,0,4.3923,0,1,2,2,2,15.2904,45.351,0,265.11,9.396,2.171,1,49.742,78.255,3.383,1,5.743,35.99,1.972,0,1,0
1,30.4075,0,3.1387,1,1,0,2,7,10.3455,49.565,0,4.813,26.116,22.259,1,96.265,60.224,9.939,1,3.102,14.525,1.236,1,1,0
0,34.1568,0,10.6498,1,1,0,8,1,10.8561,57.016,0,199.884,170.895,30.333,1,10.681,108.232,3.339,1,62.552,82.376,1.247,0,1,0
0,48.9721,0,16.6116,1,1,0,3,2,15.6651,65.225,0,79.639,241.306,32.738,1,7.749,67.057,8.931,1,63.98,68.757,4.077,0,1,0
0,29.7958,0,0.7067,1,1,2,2,2,12.4657,54.855,0,17.436,10.272,3.121,1,67.584,12.314,0.432,1,83.782,54.58,0.377,0,1,0
1,32.9523,0,13.975,1,1,0,2,2,13.6251,56.17,0,111.883,3.486,22.393,1,48.668,52.926,4.774,1,143.063,17.922,1.17,0,0,0
0,24.1759,0,23.6303,1,1,0,1,8,14.1365,47.653,0,75.624,11.546,0.496,1,7.759,46.563,7.51,1,163.562,63.25,4.972,0,1,0
1,34.3008,0,19.9931,1,1,1,2,8,15.8592,68.928,0,43.658,8.331,30.99,1,9.392,37.901,7.089,1,92.272,35.371,1.597,0,0,0
1,28.6835,0,28.2487,1,1,0,0,3,15.6681,65.29,0,151.536,260.55,22.855,1,1.236,91.224,9.987,1,30.133,79.127,0.477,0,1,0
1,28.4671,0,19.0156,1,1,0,2,6,18.4745,3.575,0,14.683,141.379,0.478,1,62.013,8.483,4.218,1,25.161,73.875,0.276,0,0,0
1,28.8076,0,8.9941,1,1,1,2,6,12.119,57.413,0,164.941,10.306,2.158,1,52.43,50.713,5.936,1,1.733,60.966,5.812,0,1,0
1,38.9772,0,18.0123,1,1,0,2,6,12.5463,51.504,0,142.647,39.824,9.27,1,6.605,6.684,6.979,1,160.638,64.267,0.787,0,1,0
0,21.3645,0,2.5022,1,1,1,2,2,11.5751,58.835,0,128.117,2.746,4.982,1,4.214,10.264,3.339,0,86.532,81.125,0.522,0,1,0
1,35.6113,0,8.3339,1,1,0,18,6,18.5624,52.649,0,54.092,14.396,3.097,1,64.718,74.273,3.945,1,11.713,36.558,0.972,0,1,0
0,38.6695,0,13.1294,1,1,0,2,2,15.5025,69.874,0,137.55,215.888,2.266,1,12.19,25.512,7.783,1,9.037,98.553,0.068,0,1,0
1,22.2531,0,17.9101,1,1,1,4,7,17.8526,59.994,0,129.565,35.354,1.575,1,42.093,101.084,6.524,1,26.085,56.96,0.073,0,1,0
0,28.3435,0,10.8223,1,1,0,2,2,14.0491,44.653,0,173.153,12.857,5.052,1,69.526,148.598,6.588,1,26.323,68.929,0.197,0,0,1
1,24.2775,0,13.9733,1,1,0,6,2,13.4615,81.823,0,104.52,-5.11,2.952,1,79.201,19.284,9.278,1,161.26,69.553,8.91,0,1,0
0,38.6075,0,12.1638,0,1,2,6,8,17.4311,47.834,0,137.702,57.513,6.718,1,36.099,8.744,6.382,1,2.626,31.776,1.002,0,1,0
0,28.6096,0,10.9858,1,1,1,6,8,12.961,59.145,0,145.128,79.526,2.852,1,92.628,18.999,2.647,1,4.561,98.555,4.717,0,0,0
1,38.15,0,11.0019,1,1,0,2,8,14.0457,58.935,0,194.679,179.966,10.694,1,2.536,2.003,8.917,1,77.223,38.382,0.261,0,0,1
1,31.603,0,18.5486,1,1,0,2,6,16.7023,54.645,0,2.514,70.331,0.941,1,8.116,6.766,11.389,1,88.265,41.336,0.537,0,1,0
1,48.7523,0,10.1487,1,1,0,2,2,13.4125,19.884,0,113.624,26.324,20.2,1,7.088,16.247,3.386,1,10.056,41.105,0.017,0,1,0
1,32.3477,0,12.8251,1,1,2,2,5,11.539,44.813,0,4.646,190.884,6.666,1,41.041,73.567,4.999,1,15.527,83.2,0.682,0,1,0
0,40.1878,0,10.9798,1,1,2,1,2,24.4685,55.883,0,133.711,81.018,3.879,1,46.616,66.686,4.92,1,91.703,67.471,1.27,0,1,0
1,23.3071,0,16.8078,1,1,0,2,2,10.626,53.465,0,108.086,410.291,3.052,1,98.298,87.4,3.441,1,79.291,66.958,0.645,0,1,0
1,38.8702,0,8.6569,1,1,0,2,2,17.3785,57.243,0,101.488,9.487,38.724,1,44.115,68.283,2.362,1,3.09,84.252,1.269,1,1,0
1,28.1982,0,18.2453,1,1,0,9,6,15.7705,56.635,0,48.935,25.596,11.452,1,0.942,74.874,3.58,1,9.508,54.678,5.677,0,1,0
1,38.2055,0,11.655,1,1,0,2,8,19.8422,60.413,0,5.433,86.092,29.202,1,7.494,28.591,9.947,1,43.454,74.407,1.927,0,1,0
1,20.0951,0,3.9303,1,1,1,6,5,25.6705,79.47,0,147.01,286.47,29.792,1,1.84,53.443,2.939,1,61.705,11.97,3.677,0,1,0
1,38.9075,0,18.5069,1,1,0,6,9,18.4408,54.085,0,57.043,315.493,21.409,1,12.364,67.404,3.964,1,43.924,82.826,0.067,0,1,0
0,35.6697,0,24.4101,1,1,0,2,6,16.5523,58.463,0,2.814,29.895,24.587,1,16.662,85.38,9.26,1,85.319,68.823,1.04,1,1,0
1,34.9755,0,14.3405,1,1,0,2,9,18.8066,48.194,0,72.657,17.346,39.762,1,3.991,48.577,3.319,1,13.058,86.786,0.942,0,1,0
1,42.3259,0,4.9777,1,1,0,2,2,24.5165,51.614,0,24.823,10.902,37.853,1,2.756,6.212,5.34,1,5.953,101.246,0.257,0,1,0
0,30.3783,0,2.8723,1,1,0,2,6,12.4854,51.736,0,5.71,81.764,26.493,1,66.27,20.915,3.942,1,15.027,10.191,1.524,0,1,1
1,31.1488,0,13.8121,1,1,1,1,8,15.4706,51.117,0,160.844,214.388,0.055,1,5.486,18.977,3.564,1,68.166,77.325,1.24,0,1,0
0,34.3415,0,18.5957,1,1,0,2,2,14.9114,31.905,0,240.488,61.457,23.179,1,1.313,21.24,0.489,1,61.207,53.953,1.06,0,1,0
0,30.6381,0,7.0577,1,1,0,2,2,10.08,49.9,0,46.77,12.879,10.98,1,8.514,49.667,3.915,1,9.861,52.521,4.862,0,1,0
1,20.6678,0,13.0719,1,1,1,14,2,15.5454,29.444,0,144.495,380.886,33.276,1,59.911,8.51,7.779,4,93.969,53.425,0.082,0,0,0
0,29.1581,0,10.0711,1,1,0,10,9,16.2163,54.803,0,108.524,26.89,10.26,1,17.712,54.215,3.302,1,77.623,83.872,1.652,0,1,0
0,28.7331,0,10.5407,1,1,0,2,8,13.3147,64.834,0,98.411,11.823,11.761,1,89.094,66.496,10.73,1,7.026,89.324,5.278,0,1,0
0,38.7804,0,2.6053,1,1,0,4,2,14.0892,57.846,0,141.518,640.879,13.652,1,40.411,18.282,3.442,1,25.649,54.666,4.976,0,1,0
0,21.8785,0,15.6309,1,1,1,8,2,16.0152,51.99,0,173.043,89.352,30.919,1,8.633,0.283,7.338,1,43.286,72.241,0.248,0,0,0
1,34.0801,0,13.4485,1,1,2,2,6,19.0426,54.848,0,199.542,23.558,3.714,1,47.693,108.503,9.722,1,11.969,41.281,1.905,0,1,0
1,38.6071,0,0.6052,1,1,1,2,6,18.8606,51.94,0,172.565,12.425,21.286,1,68.816,98.003,2.96,1,85.903,32.555,19.144,0,1,0
1,28.3871,0,9.8707,1,1,1,12,2,18.7757,56.554,0,176.847,-85.319,36.139,1,30.158,7.067,0.481,1,170.121,74.835,0.277,0,1,0
1,38.452,0,11.9607,1,1,0,2,5,14.7497,51.462,0,134.585,266.015,39.452,1,64.292,2.649,4.38,1,90.926,5.422,0.01,0,1,0
1,34.1721,0,10.3916,1,1,0,2,2,13.4073,53.604,0,147.362,51.601,22.274,1,4.158,26.263,0.979,1,23.143,76.155,0.67,0,0,0
1,30.7705,0,18.5148,1,1,0,2,8,16.4196,55.973,0,59.77,19.311,19.951,1,8.078,150.769,4.336,1,47.514,26.365,1.17,0,1,0
1,39.767,0,19.1646,1,1,0,2,6,15.3574,74.354,0,72.826,20.554,39.262,1,4.251,93.901,9.249,1,9.006,98.742,24.071,0,0,0
0,28.3372,0,29.0859,1,1,0,2,6,16.8547,49.887,0,122.497,48.376,5.718,1,33.171,94.033,3.473,1,68.224,76.251,4.952,0,0,1
1,30.3572,0,15.6762,1,1,0,2,8,25.9224,59.765,0,4.063,12.858,33.795,1,6.25,7.471,8.169,1,40.221,0.329,1.116,0,0,0
1,38.175,0,4.902,0,1,0,4,6,17.4141,54.438,0,112.494,150.304,1.294,1,12.049,26.478,8.629,1,65.549,39.403,0.175,0,1,0
1,38.8098,0,2.0201,1,1,0,6,2,14.545,58.15,0,35.823,154.618,21.784,1,76.519,140.933,3.309,2,69.329,71.67,1.705,0,1,0
1,32.9271,0,12.4183,1,1,0,4,2,11.5241,9.52,0,134.972,26.972,36.655,1,3.613,52.913,30.775,1,125.068,64.255,0.102,0,0,0
1,38.6825,0,17.6753,0,1,1,8,1,11.4514,59.0,0,96.185,-8.497,30.576,1,38.421,11.513,6.389,1,61.521,50.919,2.032,0,1,0
1,30.652,0,8.9053,1,1,0,2,2,12.3191,44.057,0,135.034,18.35,26.318,1,42.853,27.793,7.366,1,61.937,33.252,0.997,1,1,0
0,30.3221,0,12.9235,1,1,0,2,6,16.1944,56.934,0,57.089,62.345,7.231,1,17.435,52.237,6.968,1,25.562,95.87,1.967,0,1,0
1,36.3736,0,13.5587,1,1,0,2,6,18.0635,59.834,0,15.06,262.619,22.221,1,99.412,78.593,3.952,1,12.235,94.771,1.818,1,1,0
1,28.6601,0,19.1301,1,1,0,4,2,11.4459,44.02,0,78.305,23.422,0.054,1,33.456,43.403,2.938,1,3.769,74.875,4.002,0,1,0
1,40.058,1,19.9411,1,1,1,6,5,19.3147,89.81,0,294.499,140.888,3.186,1,69.247,6.767,9.635,1,161.227,65.677,0.757,0,1,0
1,38.6022,0,3.9586,1,1,2,9,7,10.4462,56.11,0,43.058,219.771,32.782,1,49.497,87.478,3.646,1,0.921,5.853,1.281,0,1,0
1,29.0777,0,10.6141,1,1,0,2,2,17.4495,58.964,0,66.66,210.402,2.693,1,69.691,148.225,2.339,1,10.732,9.907,1.804,0,1,0
0,28.5003,0,23.5492,1,1,0,2,2,16.6197,52.995,0,51.818,13.022,6.483,1,41.292,13.015,1.135,1,100.322,61.124,0.823,0,1,0
1,28.3862,0,14.1761,1,1,2,6,2,16.3529,59.293,0,187.014,0.52,29.967,0,42.004,127.3,3.912,1,7.52,79.441,0.68,0,1,0
1,25.2735,0,22.5373,0,1,0,2,6,15.5627,72.624,0,75.408,38.117,1.496,1,59.408,76.49,9.338,2,15.08,94.716,1.058,0,1,0
1,48.1955,0,7.9677,1,1,1,1,9,11.1618,32.823,0,119.117,-49.872,6.002,1,1.895,11.77,4.63,1,12.651,1.575,0.61,0,1,0
1,38.4451,0,12.4389,1,1,0,2,9,10.1122,41.055,0,457.603,4.572,39.766,1,9.84,16.689,7.948,1,60.142,72.758,0.057,0,0,0
1,30.3622,0,13.0159,1,1,0,0,2,15.5892,51.693,0,46.883,43.37,1.692,1,2.251,77.853,3.338,1,9.92,61.429,6.863,1,0,0
1,28.3706,0,2.2647,1,1,0,2,6,16.8727,75.764,0,70.883,-40.351,23.165,1,48.205,80.76,6.004,1,31.566,76.53,1.371,0,1,1
0,21.9733,0,13.9208,1,1,2,2,3,19.1224,46.514,0,170.81,232.409,27.517,0,11.259,24.25,0.38,1,33.453,55.29,11.763,0,0,0
0,30.6695,0,0.3543,1,1,1,2,6,16.0792,83.853,0,159.503,110.822,34.28,1,43.599,141.415,0.08,1,47.373,8.792,1.282,0,1,0
1,36.307,0,0.8547,1,1,0,2,1,10.6487,4.033,0,172.785,498.393,21.774,1,99.256,11.923,2.664,1,11.96,60.421,4.852,0,1,0
1,35.107,0,8.6373,1,1,0,6,6,15.205,40.25,0,19.137,-81.876,39.419,1,57.144,17.571,9.732,1,66.669,0.882,1.143,1,1,0
1,33.8768,0,17.605,1,1,2,1,2,17.4247,44.84,0,80.49,45.346,32.125,3,38.564,9.443,4.08,1,40.253,84.808,0.181,0,0,0
1,34.1722,0,7.1906,1,1,0,6,8,13.4153,48.233,0,132.589,120.019,3.818,0,21.119,57.283,5.589,1,3.563,54.992,0.977,0,1,0
1,18.4833,0,17.3241,1,1,0,2,2,15.5224,69.164,0,157.147,8.35,31.62,1,1.683,92.17,5.464,1,11.781,86.537,0.86,1,1,0
1,33.7742,0,8.3327,1,1,0,2,6,14.5451,52.157,0,159.043,5.517,15.481,1,51.092,1.914,9.957,0,20.281,97.773,0.175,0,1,0
1,22.131,0,0.1801,1,1,1,6,9,15.8624,32.013,0,139.483,52.297,1.99,1,20.099,88.657,3.764,1,101.269,77.175,4.222,0,1,0
1,38.7249,0,1.6411,1,1,0,1,6,11.2187,52.503,0,30.052,1.353,34.952,1,59.411,72.937,3.086,1,78.175,66.721,0.087,0,1,0
1,35.9077,0,16.9794,1,1,0,2,8,10.818,54.967,0,11.847,43.416,32.037,1,55.204,14.41,3.379,1,13.036,38.758,5.684,0,1,0
1,28.6835,0,13.9153,1,1,2,3,2,12.5097,42.106,0,140.728,40.059,39.048,1,87.433,10.289,2.349,1,41.212,88.322,0.563,0,1,0
1,38.1257,0,17.2177,1,1,2,1,6,15.4324,53.855,0,22.138,259.898,19.857,1,1.899,61.597,9.875,1,93.226,41.531,0.172,0,1,0
1,35.7051,0,27.6523,1,1,2,15,8,16.87,51.604,0,199.603,102.212,0.623,1,40.578,6.755,0.352,1,26.582,11.625,7.177,1,1,0
1,33.6836,0,19.9007,1,1,0,2,8,17.4748,47.645,0,44.783,214.426,29.792,1,33.612,45.289,0.959,0,35.84,98.76,0.382,0,1,0
1,38.4008,0,15.3438,1,1,0,1,2,16.3564,30.963,0,118.912,211.564,23.499,1,63.684,8.92,5.739,1,15.037,81.971,0.792,0,1,0
1,17.6038,0,19.4158,1,1,0,2,9,16.4326,57.612,0,43.142,145.362,35.764,1,8.511,7.107,0.989,1,83.439,652.726,0.872,0,0,0
0,33.7001,0,0.9007,0,1,0,2,6,16.674,54.644,0,167.105,27.657,32.092,1,41.314,34.34,3.98,1,92.781,56.656,9.592,1,1,0
1,39.6808,0,18.994,1,1,0,2,7,12.4617,67.311,0,99.412,85.315,30.494,1,52.051,66.025,3.329,1,91.619,39.352,0.582,0,0,0
0,30.151,0,19.6098,1,1,0,2,8,15.2591,46.963,0,558.848,20.872,39.106,1,62.247,81.263,5.529,1,63.669,76.628,1.518,1,1,0
1,38.1712,0,19.033,1,1,0,2,3,30.4325,54.025,0,145.635,26.266,32.393,1,1.199,1.0,4.049,1,7.923,21.575,1.063,0,1,0
1,30.2718,0,27.0352,1,1,0,2,2,16.2653,52.423,0,109.245,12.894,0.158,1,48.309,84.802,0.538,1,62.331,81.723,1.285,1,1,0
1,30.9511,0,18.0151,1,1,0,0,6,16.5297,49.999,0,151.703,96.986,28.54,1,63.694,17.931,9.48,1,21.986,29.721,0.057,0,1,0
0,31.1215,0,13.9652,1,1,0,2,2,14.4529,56.914,0,50.714,30.889,36.185,1,48.928,50.091,4.418,1,82.623,52.223,0.172,0,1,0
1,24.1076,0,18.9564,1,1,0,2,2,10.6644,32.94,0,35.04,280.066,6.718,1,63.449,0.266,3.559,1,83.719,41.773,0.477,0,1,0
1,35.165,0,4.9904,1,1,0,16,2,12.0996,59.464,0,52.613,105.424,23.041,1,38.314,16.793,2.424,1,121.057,36.336,4.202,0,0,0
0,30.7605,0,11.3412,1,1,0,2,2,17.0926,49.623,0,125.723,26.098,30.187,1,47.772,37.443,9.622,1,50.244,55.124,5.892,0,1,0
1,38.8676,0,19.8705,1,1,0,2,2,16.8147,66.481,0,112.492,89.422,2.296,1,53.009,7.42,4.64,1,93.721,31.76,0.773,0,1,0
1,28.4891,0,15.0269,1,1,0,2,7,14.4624,9.774,0,149.29,246.849,33.181,1,43.414,1.917,9.736,1,95.653,32.25,0.262,0,1,0
1,20.162,0,19.9317,1,1,1,6,2,10.7725,58.924,0,177.803,44.823,33.492,1,1.756,66.392,6.629,1,2.751,8.19,9.478,0,1,0
1,48.1231,0,14.0251,1,1,1,2,3,15.1285,50.69,0,141.818,119.256,15.811,1,37.991,64.674,7.023,1,3.683,41.261,0.263,0,1,0
1,28.9873,0,12.9473,1,1,0,2,6,14.3905,54.327,0,173.512,4.736,9.135,1,60.069,67.79,9.981,1,11.289,46.826,1.513,0,1,0
0,38.3773,0,18.4394,1,1,2,4,2,14.8714,72.844,0,69.43,1.326,9.274,1,3.602,66.564,3.384,1,86.767,29.565,0.287,0,1,0
1,36.1239,0,11.9037,1,1,0,2,2,22.6165,86.993,0,5.532,207.213,4.086,1,18.232,18.536,5.469,1,43.721,30.345,0.082,0,0,0
0,38.1049,0,13.5474,1,1,1,2,3,26.3104,54.897,0,122.043,10.327,23.029,1,68.254,78.286,3.156,1,1.253,0.53,0.523,0,1,0
1,40.1587,0,18.7067,1,1,0,6,2,15.4166,42.523,0,37.377,14.828,9.684,1,9.39,0.57,3.737,1,41.123,55.822,5.681,0,1,0
0,33.9072,0,19.9807,1,1,2,10,6,16.5247,2.084,0,170.853,133.848,12.182,1,9.295,10.404,9.922,1,9.72,48.474,8.957,0,1,0
1,30.605,0,13.4263,1,1,0,0,8,14.8627,44.514,0,189.571,374.906,37.137,1,43.324,86.543,6.309,1,0.361,14.826,2.262,0,0,0
1,28.7021,0,19.5498,1,1,0,1,5,14.8095,82.82,0,110.1,140.856,22.213,1,15.398,91.324,9.266,1,81.021,77.122,0.917,0,0,0
1,28.473,0,12.3337,1,1,0,1,5,18.9493,50.267,0,91.532,-66.853,32.214,1,49.816,98.126,4.669,1,61.123,68.321,7.377,0,1,0
0,28.0547,0,12.9137,1,1,0,2,2,13.6822,56.841,0,87.055,30.315,11.226,1,60.944,7.473,3.089,1,1.114,72.955,1.388,1,1,0
1,30.669,0,22.3359,0,1,0,2,2,16.8492,56.839,0,134.114,347.816,30.285,1,48.428,71.514,4.829,1,61.203,66.445,1.922,0,1,0
1,68.3408,0,14.908,1,1,0,2,8,19.3927,70.72,0,20.419,81.492,6.116,1,96.094,8.051,4.961,1,161.726,62.626,0.664,0,1,0
1,32.6778,0,4.5786,1,1,0,3,8,16.5105,51.154,0,151.099,79.849,30.742,1,6.652,5.383,4.116,1,1.359,84.371,9.916,0,1,0
1,30.1001,0,14.55,1,1,0,5,1,11.5564,58.577,0,182.893,25.328,34.692,1,34.385,107.504,0.02,1,63.65,8.133,0.245,0,1,0
1,32.609,0,12.1156,1,1,0,0,2,25.43,54.103,0,157.945,249.673,34.24,1,8.002,157.411,7.365,1,95.369,60.829,28.013,0,1,0
0,30.1408,0,10.6888,1,1,0,2,7,18.8427,27.434,0,170.816,21.815,30.434,1,48.431,16.937,2.155,1,261.369,84.98,0.17,0,1,0
0,38.1926,0,0.3552,1,1,1,2,3,10.8247,27.854,0,12.575,-64.005,9.974,1,53.893,57.613,0.019,1,69.127,3.116,0.861,0,1,0
1,48.6559,0,17.9342,0,1,0,5,2,10.2354,50.832,0,173.57,45.617,29.226,1,39.685,51.01,2.654,1,3.262,70.727,48.237,0,0,1
1,45.0478,0,9.2216,1,1,2,2,8,14.4143,31.466,0,172.711,-60.395,30.742,1,59.427,13.744,9.929,1,92.361,97.913,1.672,0,1,0
0,38.7055,0,11.6463,1,1,0,2,8,16.5729,64.699,0,6.839,99.117,0.255,1,32.397,88.477,9.562,0,1.265,38.283,0.175,2,0,0
1,38.8063,0,10.5009,1,1,1,2,6,16.8774,41.242,0,79.808,226.566,14.239,1,43.642,36.964,0.589,1,149.227,64.138,1.61,0,1,1
1,38.0025,0,0.8181,1,1,0,1,6,10.4237,49.823,0,74.84,1.456,22.608,1,29.431,51.675,39.18,1,2.266,74.642,0.044,0,1,0
1,30.0076,0,19.3684,1,1,1,10,2,11.5445,56.023,0,24.583,253.141,9.265,1,32.947,94.807,3.728,1,77.25,3.774,0.54,0,0,0
0,38.8269,0,16.6941,1,1,0,6,8,19.8677,63.043,0,177.54,64.646,29.968,1,1.791,71.951,3.883,1,-8.522,55.929,1.137,0,1,0
1,38.2755,0,10.909,1,1,0,2,8,11.3167,50.313,0,158.501,58.665,12.68,1,1.615,82.503,9.042,1,45.103,78.572,0.97,0,1,0
0,38.8075,0,1.2484,1,1,0,2,2,11.7416,65.933,0,54.417,546.294,27.783,1,66.675,20.705,6.786,1,66.219,78.929,0.572,0,1,0
0,32.326,0,8.9707,1,1,0,8,2,12.6244,35.716,0,60.72,0.017,33.55,1,67.498,0.544,2.82,1,91.189,64.368,8.01,0,0,0
1,38.6052,0,12.0737,1,1,1,8,7,13.6452,89.974,0,179.485,9.515,0.914,1,61.47,16.476,3.959,1,41.969,15.795,0.067,1,1,0
0,32.6299,0,14.0687,1,1,0,2,2,18.849,51.565,0,4.789,32.332,14.684,1,41.41,28.534,7.236,1,2.719,69.572,0.916,0,1,0
1,44.85,0,10.7687,1,1,0,12,8,16.8914,46.916,0,61.805,211.568,14.593,1,64.304,0.213,3.365,1,112.959,72.242,0.085,0,0,0
0,28.6772,0,14.0159,1,1,1,2,9,19.4655,50.954,0,127.567,10.145,36.84,1,69.111,20.467,7.302,1,92.344,88.888,0.651,0,1,0
1,28.1776,0,9.6509,1,1,0,2,1,16.8927,54.94,0,70.753,232.329,22.355,1,92.57,13.291,0.639,1,91.415,6.614,0.653,0,1,0
1,38.1556,0,10.9628,0,1,0,8,1,18.049,74.563,0,9.813,14.377,23.182,1,59.057,19.975,0.984,1,93.918,50.028,0.008,3,1,0
1,38.0875,0,17.3959,1,1,0,2,3,15.9197,59.94,0,112.435,119.355,32.51,1,7.294,5.513,0.336,1,61.186,1.92,1.911,0,1,0
0,34.0036,0,14.8183,1,1,0,4,7,16.4159,59.78,3,158.447,18.802,0.133,1,66.707,108.264,4.226,1,47.922,7.579,9.684,0,0,1
1,38.485,0,11.2994,1,1,2,2,2,14.3754,55.823,0,97.572,175.413,33.094,0,41.116,94.474,3.389,1,92.605,63.142,1.021,0,1,0
1,20.7064,0,0.3849,1,1,0,1,6,12.0224,54.434,0,32.564,46.55,32.115,1,42.296,17.996,4.569,1,103.224,399.555,2.263,0,1,0
1,23.827,0,8.6356,1,1,0,1,2,12.7464,51.866,0,8.598,0.906,32.125,1,44.184,0.227,3.206,1,81.761,117.966,6.086,0,1,0
0,28.0604,0,19.0022,0,1,0,8,8,16.565,54.964,0,132.517,-17.328,13.938,1,10.244,97.847,3.109,1,66.195,86.817,1.785,0,1,0
1,38.0258,0,16.9471,1,1,0,6,2,19.5217,49.915,0,11.248,71.39,0.289,1,48.463,45.234,4.739,1,63.761,77.85,0.245,0,1,0
1,39.4098,0,12.9027,1,1,0,2,6,10.3637,51.513,0,60.108,290.428,19.269,1,16.433,111.434,6.976,1,160.166,42.741,1.263,0,0,0
1,38.4078,0,17.2083,0,1,1,8,5,10.4122,62.696,0,126.834,63.344,10.958,1,19.416,57.914,3.32,1,43.066,55.16,1.283,0,1,0
0,20.3253,0,10.4374,1,1,0,2,7,10.6425,27.823,0,84.84,89.013,0.798,1,28.638,74.201,6.889,1,21.08,272.427,0.738,0,1,0
0,30.005,0,10.928,1,1,0,1,5,13.3238,50.802,0,50.173,217.728,31.452,1,3.002,71.171,2.028,1,153.969,20.72,0.072,0,0,0
1,33.1709,0,1.9005,1,1,0,2,1,10.5201,51.913,0,312.83,49.073,32.131,1,1.903,11.476,0.924,1,22.861,52.874,0.022,0,1,0
1,36.8728,0,12.9519,1,1,0,6,6,10.7187,50.613,0,157.532,207.077,30.295,1,52.198,17.615,2.72,1,105.291,44.177,0.627,0,1,0
1,35.2091,0,11.8791,1,1,0,6,7,22.8522,53.824,0,84.785,308.462,0.174,1,8.246,8.934,7.974,1,7.414,41.853,1.034,0,1,0
1,24.6719,0,8.9003,1,1,1,2,6,10.4151,50.063,0,9.073,1.422,12.982,1,1.644,103.937,3.981,1,65.16,73.551,3.207,0,1,0
1,33.1836,0,13.1003,1,1,0,0,2,18.8293,58.056,0,19.869,47.882,29.795,1,34.311,18.96,4.369,1,24.909,32.882,2.475,0,1,0
0,38.3608,0,9.9016,1,1,2,2,2,12.6612,31.578,0,174.203,40.549,39.78,1,1.444,66.376,0.339,1,140.269,34.771,0.632,0,1,0
1,28.1058,0,12.8083,1,1,0,2,7,21.434,49.014,0,6.814,210.418,0.422,1,5.241,67.804,9.522,1,0.683,48.241,0.029,0,1,0
1,31.7611,0,17.6281,1,1,1,10,5,25.785,71.583,0,112.893,19.356,19.274,1,41.199,67.953,9.689,1,41.22,78.271,0.263,0,0,0
0,36.9015,0,18.654,1,1,0,8,2,17.4021,52.314,0,114.769,19.05,32.144,1,72.133,67.958,8.94,1,76.025,22.545,0.217,0,1,0
0,28.1012,0,2.0959,1,1,0,10,2,15.6595,56.294,0,177.513,77.329,9.992,1,3.301,56.108,9.399,1,0.032,85.979,0.261,0,1,0
1,38.3625,0,12.5822,0,1,1,8,8,11.5302,68.95,0,118.893,328.413,6.752,1,36.798,13.907,3.962,1,9.023,95.72,1.978,0,1,1
1,38.202,0,13.6489,1,1,1,6,2,12.5222,60.87,0,2.508,18.349,11.452,1,5.293,42.843,3.491,1,85.085,7.77,0.077,0,1,0
1,28.7506,0,11.5209,1,1,1,19,2,15.3804,66.155,0,80.593,12.915,12.201,1,61.9,150.279,3.264,1,1.103,74.608,1.967,0,1,0
1,24.1838,0,10.8044,1,1,2,5,6,14.7445,59.154,0,59.314,246.305,23.293,1,46.143,83.603,2.916,0,71.105,4.294,0.832,0,1,1
1,38.6832,0,13.1569,1,1,0,2,2,14.0581,54.613,0,47.105,80.358,26.205,1,63.291,69.259,3.341,1,142.173,61.289,5.978,0,1,0
1,28.0815,0,17.8488,1,1,0,6,2,15.6135,46.823,0,55.155,271.454,33.598,1,49.918,145.983,3.343,1,90.556,98.858,20.707,1,1,0
1,38.3133,0,18.0478,1,1,2,6,1,15.1435,43.203,0,123.209,147.579,36.902,1,5.299,38.317,2.785,1,25.223,34.345,6.678,0,1,0
1,38.1495,0,13.5951,1,1,0,1,3,13.1899,52.923,0,140.874,267.851,9.393,1,59.022,12.255,2.978,1,13.722,0.584,0.513,0,1,0
1,30.342,0,11.4504,0,1,1,2,6,11.961,50.777,0,81.991,235.355,30.772,1,69.456,355.964,3.941,1,163.066,74.773,16.252,1,1,0
1,28.087,0,13.1053,1,1,1,2,3,10.8443,44.823,0,13.089,16.681,8.486,1,48.021,58.406,0.319,1,64.669,68.727,0.027,0,1,0
0,28.9059,0,10.8297,1,1,2,0,2,13.5522,61.07,0,14.844,-14.357,22.438,1,40.118,48.935,2.976,1,22.689,94.456,0.103,0,0,0
1,20.1756,0,0.1348,1,1,2,2,2,32.9197,56.095,0,174.719,28.602,10.282,1,31.324,10.794,4.781,1,5.111,58.829,0.016,0,1,0
1,28.4826,0,12.5199,1,1,0,8,2,12.5126,56.64,0,10.755,116.307,11.291,1,44.21,10.955,3.731,1,63.969,84.557,0.388,0,1,0
1,28.3059,0,18.3456,0,1,0,4,2,10.5499,24.664,0,77.575,20.328,13.142,1,50.083,12.517,2.709,1,2.609,56.782,0.865,0,0,0
1,34.1078,0,14.1663,1,1,0,2,2,13.4099,59.966,0,24.693,61.422,16.647,1,60.115,101.799,8.335,1,7.754,54.877,0.502,0,1,0
1,20.0813,0,13.0401,1,1,0,6,2,13.5702,49.864,0,135.728,299.958,20.772,1,47.816,2.918,3.736,1,62.151,339.25,2.272,0,0,0
1,24.6813,0,5.9588,1,1,0,2,8,19.4424,0.817,0,15.913,279.537,2.552,1,42.322,95.59,4.158,1,1.279,91.951,0.18,0,1,0
1,30.129,0,9.2103,1,1,0,0,9,11.855,56.598,0,13.643,-28.453,37.424,1,7.159,19.509,9.559,1,6.202,78.134,12.51,0,1,0
1,38.9004,0,19.9172,1,1,0,2,6,16.0101,51.843,0,15.525,17.868,2.18,1,1.122,97.899,9.289,1,3.964,40.129,0.771,0,1,0
1,28.7504,0,3.3385,1,1,0,11,2,14.1249,67.183,0,72.445,15.082,10.473,1,17.395,15.923,6.385,3,11.162,80.15,0.777,0,1,0
0,31.4205,0,14.5331,1,1,0,1,8,15.7284,55.811,0,15.884,277.048,39.2,1,38.698,57.95,2.142,1,63.172,7.524,12.85,0,1,0
1,33.3211,0,19.0352,1,1,0,2,8,11.408,49.074,0,1.584,77.399,19.04,1,72.498,43.539,5.829,1,62.903,19.777,0.225,0,0,1
1,38.4072,0,12.6668,1,1,0,0,2,14.8545,58.544,0,44.093,75.855,2.798,1,50.922,21.449,4.309,1,40.621,23.805,0.973,0,1,0
1,30.4838,0,14.4661,1,1,2,6,2,16.6244,84.543,0,159.59,0.354,0.793,1,68.284,7.106,4.319,1,7.969,94.275,4.979,1,1,0
1,38.0825,0,18.3168,1,1,0,6,2,16.6207,56.759,0,117.336,19.142,34.552,1,66.054,20.299,3.539,1,160.365,84.956,2.577,0,1,0
1,29.3995,0,18.5637,1,1,0,16,1,12.6495,40.83,0,11.915,45.697,14.98,1,58.604,50.403,9.287,1,240.639,88.053,0.987,0,1,0
1,36.6751,0,25.687,1,1,0,2,8,19.8444,58.081,0,94.224,574.32,30.492,1,42.14,106.135,5.574,1,41.338,31.082,2.924,1,1,0
1,38.3805,0,27.3504,1,1,0,0,7,14.9246,41.914,0,84.879,340.225,39.953,1,12.321,50.463,8.283,1,47.924,26.82,2.413,0,1,0
0,28.7373,0,15.9397,0,1,2,2,6,11.265,19.84,0,92.414,14.366,31.151,1,44.315,56.885,2.281,1,6.569,16.354,0.071,0,1,0
1,38.3281,0,13.1953,1,1,0,2,7,10.8195,54.035,0,141.613,220.4,11.032,1,1.925,68.413,4.506,1,30.821,53.519,0.902,0,1,0
0,20.6025,0,10.8287,1,1,0,2,6,10.4459,42.853,0,40.541,240.848,3.2,1,68.633,10.177,4.324,1,47.12,34.423,0.074,0,1,0
0,31.0095,0,13.5171,1,1,0,2,5,15.0268,53.947,0,140.562,12.145,2.955,1,58.199,94.47,4.978,1,71.528,88.385,0.217,0,1,0
0,30.3972,0,13.4358,1,1,0,5,1,18.4727,40.633,0,358.753,60.971,39.251,1,42.315,98.454,7.241,1,5.656,66.195,0.912,0,1,0
0,24.1766,0,1.8151,1,1,0,2,6,13.4124,40.045,0,199.727,43.543,19.296,1,56.461,127.955,4.346,0,10.021,93.041,0.646,1,1,0
1,28.6442,0,10.0707,1,1,0,2,5,10.8247,53.963,0,0.16,70.555,32.168,1,9.689,21.751,10.285,1,21.056,83.721,0.225,0,1,0
0,38.3475,0,18.5388,1,1,0,1,5,11.1418,57.803,0,58.082,113.404,12.916,1,3.193,57.53,7.934,1,160.66,74.852,0.28,0,1,0
0,38.1097,0,8.1551,1,1,1,6,2,18.7501,48.841,0,194.258,60.058,4.652,1,36.824,95.83,0.759,1,67.98,48.066,8.767,1,0,0
0,24.489,0,18.0647,0,1,0,0,2,11.4456,59.669,0,199.647,33.366,2.068,1,68.45,6.992,9.762,1,10.913,21.15,20.785,0,1,0
0,26.6643,0,7.8387,1,1,0,2,1,15.4694,54.317,0,102.89,46.333,27.212,1,92.116,195.65,9.929,1,11.866,50.01,5.72,0,1,0
1,28.636,0,18.3058,1,1,0,0,2,20.5727,56.255,0,31.543,-91.358,0.778,1,43.013,126.319,8.326,1,51.022,53.95,15.283,0,1,0
1,20.3005,0,9.1609,1,1,0,6,2,10.2755,54.933,0,138.527,18.091,37.742,1,7.201,46.934,3.384,1,90.613,34.55,5.038,0,1,0
1,38.7935,0,19.1287,0,1,0,2,7,11.5354,32.143,0,19.812,14.315,16.461,1,8.012,46.587,6.332,1,0.149,76.023,0.288,0,1,0
0,28.8428,0,19.8217,1,1,0,4,2,19.6707,59.654,0,291.818,464.386,39.965,1,11.112,146.496,3.389,1,97.799,51.57,0.989,0,1,0
1,38.384,0,12.8006,1,1,0,8,2,16.5124,59.926,0,68.933,247.386,2.748,1,0.619,40.542,4.216,1,4.627,5.951,0.98,0,0,0
1,31.107,0,1.1088,1,1,1,2,4,16.5624,42.914,0,94.019,232.612,18.295,1,9.06,61.983,2.959,1,8.166,83.905,0.272,0,0,0
1,38.0863,0,11.6709,1,1,0,6,7,16.5497,68.414,0,134.949,20.689,21.274,1,62.033,36.974,2.975,1,61.171,7.36,0.06,0,1,0
0,25.763,0,24.3681,1,1,0,1,2,15.0291,50.865,0,97.342,167.606,9.972,1,48.429,257.993,4.789,1,99.129,74.993,0.278,1,1,0
0,35.6678,0,18.2454,1,1,0,6,9,17.0321,51.927,0,172.514,36.817,33.224,1,9.015,56.274,6.942,0,78.352,86.92,1.665,0,1,1
1,38.4537,0,10.1087,1,1,0,1,2,10.8494,56.514,0,134.598,17.059,3.654,1,8.454,148.924,0.588,1,25.459,21.115,0.977,0,1,0
0,23.0578,0,9.9391,1,1,1,6,6,18.4635,59.911,0,139.534,403.851,11.182,1,63.682,48.243,0.205,1,81.49,6.958,1.972,0,1,0
1,34.9893,0,0.9377,1,1,1,9,2,19.4751,52.06,0,43.018,85.346,18.452,1,69.719,58.613,2.522,1,69.769,80.128,1.01,0,1,0
0,48.7866,0,13.3371,1,1,0,2,5,11.0647,57.409,0,70.058,227.392,22.667,1,49.011,88.717,4.785,1,68.823,53.076,0.961,0,1,0
1,38.36,0,3.9554,1,1,0,6,2,27.6754,53.432,0,155.56,3.062,18.796,1,47.515,0.969,6.797,1,51.196,68.55,2.177,0,1,0
0,24.6028,0,16.6766,1,1,0,2,2,25.8584,57.556,0,107.509,55.559,12.293,1,47.865,76.493,3.773,1,113.702,96.866,0.677,1,1,0
1,39.0823,0,17.5113,1,1,0,8,9,16.684,54.357,0,141.948,179.339,9.39,1,43.624,44.786,3.042,1,37.132,76.442,0.622,0,1,0
1,20.177,0,14.3938,1,1,0,2,1,10.5666,52.01,0,94.528,118.872,10.571,1,17.264,73.134,2.931,1,100.301,88.576,0.077,0,1,0
1,28.485,0,10.332,1,1,0,2,5,14.33,43.687,0,52.843,27.851,6.192,1,21.041,12.407,9.908,1,101.255,2.073,0.567,0,1,0
1,38.8509,0,13.1091,0,1,0,2,8,11.4892,51.422,0,100.045,33.815,3.668,1,33.186,3.598,0.708,1,93.123,6.97,0.11,0,1,0
1,34.1601,0,18.9314,1,1,0,1,2,13.5435,44.237,0,71.745,69.012,39.532,1,1.45,80.46,4.92,1,13.071,15.371,2.716,0,1,0
1,22.0773,0,10.9733,1,1,0,2,2,16.5551,50.82,0,129.746,5.327,0.253,1,98.697,10.463,5.289,1,93.583,45.178,0.277,0,1,1
1,23.3634,0,9.5007,0,1,0,2,2,13.4757,52.831,0,70.457,70.814,33.593,1,42.998,2.17,3.21,1,5.095,8.143,1.007,0,1,0
1,38.3026,0,12.935,1,1,0,2,8,16.846,58.91,0,194.881,40.89,63.048,1,43.659,66.611,3.169,1,61.271,84.523,0.875,0,1,0
1,37.6351,0,18.3033,0,1,0,2,2,15.4054,59.39,0,181.543,29.504,33.559,1,69.606,20.163,7.159,1,51.924,20.953,5.802,0,1,0
1,20.72,0,18.73,1,1,0,2,5,13.5557,54.807,0,65.539,37.375,9.918,1,38.185,95.426,9.138,1,7.067,58.956,0.509,0,1,0
1,31.1,0,18.8381,1,1,0,2,7,19.0581,57.477,0,84.438,88.319,0.598,1,5.706,86.243,4.439,1,77.365,108.032,0.829,1,1,0
1,22.3475,0,16.0705,1,1,0,12,9,15.5321,74.857,0,36.488,6.777,29.882,1,82.505,46.278,3.966,1,42.666,68.803,1.592,0,0,0
1,24.107,0,3.8076,1,1,0,2,2,14.6614,12.262,0,112.038,86.213,30.213,1,5.143,30.279,9.3,1,10.561,74.62,0.922,0,1,0
0,34.451,0,19.1411,1,1,1,2,2,12.8135,52.577,0,129.082,80.874,26.411,1,31.527,16.731,2.439,1,107.213,44.782,2.647,0,1,0
1,30.752,0,12.0382,1,1,0,3,2,15.4864,55.514,0,104.713,1.895,20.766,1,53.944,34.413,3.489,1,0.521,129.571,0.015,0,1,0
1,26.1371,0,14.6643,1,1,0,2,2,16.2554,56.635,0,40.341,15.552,26.421,1,49.572,53.506,5.285,1,107.507,99.87,0.924,0,1,0
1,38.7089,0,10.6498,1,1,0,11,6,16.3748,59.424,0,133.49,171.108,22.095,1,14.894,36.036,9.708,1,4.716,89.876,0.517,0,0,0
1,38.1398,0,13.6957,1,1,2,2,6,16.2302,59.91,0,125.637,69.155,7.448,1,12.499,48.6,9.359,1,45.685,53.926,0.175,0,1,0
1,34.7251,0,3.5573,0,1,0,10,2,10.6507,46.455,0,33.88,22.453,31.665,1,73.299,97.277,0.317,1,11.083,53.275,1.975,1,1,0
0,28.2558,0,0.8193,1,1,0,2,1,14.515,53.689,0,179.019,44.876,11.63,1,93.793,104.983,9.084,1,49.117,90.021,0.248,0,0,0
1,32.295,0,2.0103,1,1,0,5,2,15.4627,74.551,0,144.843,57.972,4.052,1,62.697,365.466,3.032,1,6.508,4.975,0.757,0,1,0
1,20.9853,0,14.1001,1,1,0,7,2,13.3607,31.074,0,133.882,77.973,32.421,1,2.211,55.514,2.991,1,107.958,0.822,7.182,0,1,0
0,22.4596,0,20.0421,1,1,0,8,6,15.8601,59.167,0,15.803,124.479,28.905,1,8.29,138.994,30.586,1,17.319,68.726,0.777,0,0,1
0,28.8606,0,14.8189,1,1,0,0,5,12.4259,59.943,0,71.513,84.926,14.469,1,72.601,9.117,3.94,1,23.561,90.766,0.022,0,1,0
1,38.2473,0,14.8633,1,1,0,8,8,11.5996,59.119,0,25.017,1.89,6.969,1,9.844,78.023,0.346,1,12.72,314.81,1.416,0,1,0
0,20.8471,0,15.6245,1,1,2,2,6,15.6125,52.666,0,149.011,295.539,0.292,1,51.084,16.994,0.985,1,99.21,51.771,5.112,0,1,0
1,38.526,0,13.1126,1,1,2,2,6,12.1449,59.234,0,552.023,75.853,22.593,1,47.684,12.273,3.224,1,113.084,88.537,0.572,0,1,0
0,30.1741,0,10.3882,1,1,1,6,6,16.8482,48.64,0,74.33,16.413,36.852,1,68.324,56.485,9.625,1,23.643,57.731,1.272,0,0,0
1,38.2789,0,10.1076,1,1,2,1,7,16.8146,55.915,0,102.556,60.306,23.686,1,23.416,55.913,3.986,1,91.127,394.159,0.344,0,1,0
0,31.5982,0,11.8288,1,0,0,2,2,11.8296,44.916,0,144.841,224.844,1.285,1,48.64,19.506,1.089,1,90.923,94.821,0.572,0,1,0
1,28.4398,0,10.1706,1,1,0,2,2,14.5051,50.093,0,59.548,294.418,12.474,1,49.534,83.703,6.851,1,147.913,64.588,0.252,0,1,0
1,30.3031,0,17.9984,1,1,0,2,2,14.5723,48.023,0,172.774,226.877,34.787,1,48.503,178.718,8.92,1,101.621,279.98,90.917,1,1,0
1,38.2233,0,16.7502,1,1,2,2,6,18.5405,56.848,0,77.249,387.95,4.502,1,1.391,18.221,9.251,1,9.349,71.871,1.877,1,1,0
1,23.5051,0,12.0677,1,1,0,2,8,15.4716,52.154,0,104.333,81.192,2.25,1,78.593,19.953,3.143,1,83.586,41.927,5.019,1,1,0
1,38.6608,0,16.2548,1,1,2,2,2,16.758,53.842,0,152.007,18.115,26.55,1,53.999,44.54,4.445,1,25.66,76.778,1.252,0,1,0
1,25.565,0,17.6395,0,1,1,2,1,19.5206,47.017,0,144.359,15.292,7.566,1,41.103,21.77,0.424,1,21.26,5.066,0.2,0,1,0
0,39.6061,0,19.7517,0,1,0,2,6,18.545,51.264,0,149.858,89.355,33.465,1,14.742,13.784,9.748,1,84.169,71.483,0.701,1,1,0
1,28.8571,0,10.1507,1,1,1,2,6,18.5729,58.851,0,5.083,17.998,33.42,1,61.893,15.969,3.038,1,51.181,290.277,0.239,0,1,0
1,30.6038,0,5.1603,1,1,0,8,6,19.5214,31.93,0,155.66,66.396,19.131,1,68.462,6.503,6.329,0,0.699,92.15,0.462,0,1,0
1,33.6052,0,8.2257,1,1,1,8,2,16.7141,45.094,0,122.814,40.302,24.915,1,42.462,70.473,8.334,1,3.569,60.451,0.25,0,1,0
0,38.0468,0,7.9119,1,1,1,2,2,13.1724,58.034,0,170.759,-5.374,3.099,1,8.598,86.263,9.485,1,131.539,91.125,6.56,0,1,0
1,38.0301,0,17.9409,1,1,0,4,6,14.6933,53.852,0,41.235,20.566,33.701,1,7.235,7.684,5.56,1,5.725,74.775,1.157,0,1,0
1,37.9473,0,11.6342,1,1,1,2,4,18.2127,58.144,0,115.54,89.953,22.95,1,66.251,38.879,9.522,1,6.28,3.153,20.241,0,1,0
0,38.7488,0,7.4004,1,1,0,0,2,25.5264,55.01,0,32.745,69.392,3.264,1,2.475,56.104,3.989,1,63.537,16.743,0.234,0,1,0
1,38.9676,0,18.6531,1,1,0,6,1,26.4317,58.286,0,70.533,45.082,32.256,1,48.104,15.601,3.101,0,63.68,4.124,0.635,0,1,0
1,28.6027,0,19.304,1,1,0,3,4,13.4995,51.017,0,1.319,16.316,3.902,1,85.455,87.509,4.936,1,95.369,84.623,0.385,0,1,0
1,30.327,0,12.5178,1,1,0,2,9,16.4589,42.945,0,8.597,109.159,23.22,1,50.212,35.933,2.349,1,0.353,88.221,1.857,0,1,0
1,38.0751,0,11.5483,0,1,2,2,7,20.3093,53.896,0,105.595,1.843,35.241,1,79.955,66.215,9.312,1,25.322,39.661,39.777,0,1,0
0,35.88,0,10.7144,1,1,0,2,8,16.4152,49.118,0,130.08,49.966,30.152,0,48.821,47.313,4.331,1,190.461,5.571,1.587,0,1,0
0,20.9675,0,11.9967,1,1,1,0,5,17.4344,51.927,0,186.341,69.598,4.848,1,2.85,43.907,7.375,1,109.608,52.082,1.98,1,1,0
1,28.147,0,3.5008,1,1,1,2,2,28.8559,44.424,0,130.843,49.073,1.518,1,1.253,46.255,3.438,1,60.828,7.873,0.672,0,1,0
1,38.1621,0,9.0991,1,1,0,2,8,14.4368,50.493,0,62.112,70.779,33.482,1,69.246,72.794,2.127,1,6.429,66.726,0.971,0,1,0
1,28.4697,0,7.9599,1,1,1,10,2,17.5729,72.656,0,54.544,250.346,10.422,1,48.394,140.484,3.604,1,10.011,1.725,8.096,0,1,0
1,38.3775,0,10.5351,1,1,0,6,9,26.4481,48.404,0,148.023,256.458,9.058,1,70.561,1.379,9.062,1,17.269,36.47,0.081,0,1,0
1,38.131,0,15.6021,1,1,0,2,2,10.4289,70.553,0,40.033,47.328,32.028,1,6.273,38.523,4.721,1,67.982,40.443,0.826,0,0,0
0,37.9529,0,4.9152,1,1,2,8,2,25.9091,59.554,0,140.55,9.908,14.693,1,45.201,14.363,0.914,1,62.424,73.827,2.472,0,0,0
1,28.166,0,3.1687,1,1,0,1,1,12.849,68.816,0,83.871,129.845,10.928,1,70.051,65.293,9.818,1,61.4,63.701,21.156,0,1,0
1,27.9697,0,2.3383,1,1,0,1,2,10.1854,54.969,0,124.745,286.544,1.282,1,47.335,47.702,4.325,1,49.369,81.75,0.903,0,1,0
0,35.0441,0,11.986,1,1,0,2,2,12.8791,39.034,0,103.025,9.391,0.422,1,25.083,81.233,9.364,1,91.002,4.987,0.939,0,1,0
1,30.1568,0,9.806,1,1,0,6,8,22.5165,41.533,0,128.718,41.813,3.222,1,42.498,7.006,6.028,1,2.552,38.179,1.377,1,0,0
1,38.6086,0,10.9355,1,1,0,0,6,17.3522,47.563,0,47.849,56.911,39.926,1,12.147,70.784,0.922,1,132.123,68.324,0.874,0,1,1
1,25.7619,1,14.4354,1,1,0,2,6,16.5181,54.145,0,117.61,90.458,29.761,1,62.639,86.404,2.169,1,195.934,45.51,1.532,1,1,1
1,30.3778,0,11.2302,1,1,1,2,8,16.4023,39.244,0,32.573,136.885,10.552,1,4.555,0.416,7.853,1,13.262,58.462,9.277,0,1,0
1,28.6808,0,18.9337,1,1,1,2,6,16.8341,56.963,0,30.859,743.903,21.262,1,62.183,50.706,4.422,1,67.128,71.732,1.175,0,1,0
0,38.5647,0,20.5545,1,1,2,2,2,17.4727,51.743,0,175.749,31.599,39.032,1,30.412,87.683,4.389,1,11.921,60.955,0.94,0,1,0
1,38.837,0,16.1001,1,1,2,6,2,19.8898,57.263,0,150.178,5.471,30.472,1,96.813,186.498,9.708,1,61.736,41.38,0.052,0,0,0
1,21.1425,0,6.92,1,1,0,2,4,19.6024,58.287,0,68.239,46.333,36.222,1,48.017,43.072,1.086,1,66.969,54.91,1.672,0,1,0
1,32.0751,0,17.8589,1,1,2,2,8,12.8457,4.863,0,124.838,-13.664,32.292,1,79.638,83.927,9.962,1,93.601,78.951,4.047,0,0,0
0,38.605,0,14.5907,1,1,2,2,6,16.826,48.606,0,120.483,218.959,11.515,1,6.92,18.913,4.929,1,53.123,99.441,0.539,0,1,1
1,23.5375,0,10.2471,1,1,0,1,6,16.5059,18.963,0,15.649,23.811,24.993,1,64.887,16.491,5.529,1,9.713,64.338,0.71,0,1,0
0,32.3071,0,23.8277,1,1,0,2,8,14.4476,53.6,0,137.01,236.122,6.458,1,48.362,93.779,3.162,1,1.184,42.915,20.287,1,1,0
0,36.6555,0,10.2391,1,1,1,2,8,10.8451,39.87,0,32.703,12.482,32.178,1,48.022,77.503,4.631,1,99.339,171.379,1.252,0,1,0
1,30.77,0,10.4608,1,1,0,2,6,16.1151,59.29,0,10.71,9.941,9.612,1,12.112,10.693,0.04,1,40.061,241.758,0.53,0,1,0
1,38.7848,0,27.1581,1,1,0,2,6,13.4955,56.873,0,184.0,74.412,3.466,1,31.684,49.536,8.327,1,95.163,74.902,7.274,0,1,0
1,40.1,0,17.9087,1,1,0,12,2,11.8494,53.254,0,177.933,10.403,2.272,1,7.202,56.059,8.939,1,20.993,43.95,3.266,0,1,0
1,35.8974,0,13.1057,1,1,0,2,8,15.8092,60.953,0,174.852,43.876,26.293,1,12.085,81.973,9.017,1,1.233,2.188,0.552,1,1,0
1,39.6835,0,10.9455,0,1,1,2,6,15.4247,59.533,0,6.85,241.812,15.613,1,92.519,46.331,2.958,1,75.151,68.538,0.163,0,1,0
1,33.3064,0,20.1813,1,1,0,2,3,11.0137,71.314,0,40.086,7.322,9.293,1,46.29,66.092,9.382,1,42.234,36.845,1.162,0,0,0
1,36.3028,0,3.9991,1,1,1,2,7,16.9652,46.813,0,59.27,95.493,30.97,0,6.954,7.078,3.928,1,83.553,98.073,1.087,0,1,0
1,28.8768,0,6.4358,1,1,0,2,2,10.3427,52.685,0,124.434,46.251,30.955,1,92.432,140.94,9.445,1,133.905,29.942,0.316,1,1,0
1,28.6883,0,5.0097,1,1,0,2,8,16.9143,56.837,0,284.522,16.693,39.492,1,66.786,8.953,4.389,1,2.413,84.473,0.826,0,1,0
1,38.3776,0,11.9709,1,1,1,2,9,14.6024,41.849,0,192.145,14.31,29.494,1,1.84,10.451,19.362,1,85.756,70.377,0.32,0,0,0
1,26.1845,0,12.808,1,1,0,18,6,13.5783,79.641,0,250.945,39.904,0.581,1,75.446,108.403,4.028,1,65.265,441.56,0.07,0,0,0
1,25.9601,0,18.9501,1,1,0,2,2,14.8641,50.825,0,72.508,207.93,33.672,1,16.013,36.596,1.385,1,56.339,76.245,2.141,0,1,0
1,10.4175,0,12.4371,1,1,0,4,2,16.4904,54.386,0,137.73,317.942,6.186,1,4.4,20.031,7.989,1,93.209,36.829,0.872,0,1,0
0,48.0218,0,17.6021,1,1,0,6,8,16.519,59.93,0,90.958,69.993,29.662,1,5.681,69.804,9.341,1,101.77,71.237,1.972,0,0,0
0,38.3748,0,18.9302,1,1,0,16,8,14.9229,56.522,0,174.713,201.723,0.136,1,49.244,59.383,2.909,1,43.041,24.572,0.566,0,1,0
1,38.2013,0,17.697,1,1,0,3,8,17.4498,49.994,0,147.7,24.356,2.132,1,46.026,10.284,2.86,1,0.628,71.87,21.678,0,1,0
1,38.5358,0,17.2751,1,1,0,2,8,16.4254,89.85,0,5.184,245.219,1.662,1,37.214,67.936,3.151,1,143.633,38.871,0.261,0,1,0
1,38.0745,0,6.0921,1,1,0,2,9,23.2001,57.014,0,59.806,2.219,33.219,1,38.149,27.948,6.323,1,185.11,11.826,7.927,1,1,0
1,23.4728,0,22.9383,1,1,1,5,2,13.0123,63.244,0,94.484,123.304,29.492,1,47.429,1.713,4.982,1,66.07,51.921,1.108,0,1,0
0,35.6055,0,12.2685,1,1,1,6,2,17.2452,50.24,0,34.713,10.385,10.76,1,31.048,3.374,9.331,1,113.263,64.874,5.017,0,1,0
0,24.8306,0,12.9022,1,1,0,2,3,14.575,59.949,0,115.566,227.415,28.43,1,17.12,44.603,2.629,1,67.799,17.555,19.952,0,1,0
1,38.3058,0,16.0945,1,1,0,6,2,29.0171,52.574,0,132.432,39.526,0.884,1,38.046,59.499,3.244,1,52.264,42.568,0.242,0,1,0
1,28.087,0,2.9304,1,1,0,2,6,16.7124,47.634,0,197.135,9.376,26.665,1,42.711,107.933,9.109,1,6.623,55.851,1.671,0,1,0
1,24.089,0,4.948,1,1,0,0,2,27.8606,48.649,0,144.747,215.729,16.152,1,39.194,82.112,9.031,1,51.076,35.944,1.274,0,1,0
1,36.3204,0,11.894,1,1,0,11,7,15.4755,54.013,0,110.568,3.422,36.614,1,21.099,2.71,6.486,1,10.131,50.256,0.27,0,1,0
1,20.8079,0,13.0202,1,1,0,2,8,10.51,59.824,0,136.342,11.989,10.441,1,52.512,67.55,3.383,1,14.319,8.079,1.03,0,0,0
1,38.6878,0,12.1031,1,1,1,2,9,23.1156,49.192,0,113.053,14.624,36.229,1,8.639,84.097,5.18,1,41.251,57.666,0.257,0,1,0
1,38.042,0,18.2219,1,1,0,0,6,11.8927,54.565,0,6.794,168.904,10.922,1,49.051,75.864,2.341,1,142.761,155.127,1.257,0,1,0
1,33.2607,0,3.9159,0,1,0,2,6,15.4231,68.18,0,51.14,8.312,20.668,1,59.041,17.755,3.336,1,48.264,44.976,0.037,0,1,0
0,24.1878,0,19.167,0,1,0,2,6,17.4723,57.821,0,110.95,71.05,9.722,1,62.115,16.974,0.334,1,61.75,133.956,6.982,0,1,1
0,30.6295,0,12.6001,1,1,0,8,8,11.2252,59.565,0,138.291,-79.572,12.57,1,12.675,17.597,0.385,1,11.261,56.555,0.574,0,1,0
1,32.1919,0,10.0689,1,1,0,2,2,13.5221,34.944,0,41.59,80.382,3.217,1,46.743,77.799,0.809,1,112.606,80.826,0.647,0,1,0
1,28.6607,0,0.4151,1,1,0,2,3,11.6453,45.865,0,194.545,92.087,30.248,1,47.636,9.636,3.788,1,7.769,61.573,0.279,0,1,0
1,32.1538,0,11.4013,1,1,0,2,2,12.4604,51.243,0,194.054,240.197,14.962,1,24.113,1.14,9.9,1,1.264,98.755,2.172,0,1,0
1,37.1801,0,1.8928,0,1,1,1,1,19.4724,69.625,0,54.575,210.479,6.196,1,68.798,8.21,9.051,1,9.099,74.179,0.349,0,1,0
1,38.6851,0,17.6903,0,1,1,2,2,13.4367,54.986,0,55.536,126.873,32.977,1,89.633,8.207,0.666,1,95.061,88.868,9.502,1,1,0
1,38.666,0,12.6914,1,1,1,2,8,21.244,90.804,0,114.345,297.856,30.394,1,83.111,56.303,0.381,1,1.355,40.822,0.773,0,1,0
1,36.0886,0,18.329,1,1,0,2,2,11.0447,18.804,0,0.818,247.366,20.297,1,48.098,50.698,39.338,1,144.235,8.183,0.623,0,1,0
1,35.627,0,11.1895,1,1,0,1,2,18.4525,41.85,0,112.597,6.0,1.478,1,39.621,40.9,3.389,1,47.14,89.895,0.037,0,1,0
1,28.5551,0,9.9463,1,1,0,6,2,13.2763,58.191,0,30.815,291.32,0.224,1,34.254,70.103,31.331,1,17.669,77.187,0.087,0,1,0
1,25.1098,0,16.4016,1,1,0,2,6,25.681,50.993,0,9.086,65.763,30.183,1,8.369,40.395,3.644,1,51.129,50.825,0.852,0,0,0
1,38.1406,0,10.8509,1,1,0,9,3,11.0155,59.217,0,30.383,70.991,2.965,1,51.862,8.094,5.482,1,76.998,57.124,0.717,0,1,0
1,28.1659,0,11.1161,1,1,0,1,7,23.4554,39.975,0,153.032,40.544,9.387,1,6.011,8.047,4.78,1,13.263,13.571,1.417,0,1,0
1,38.6001,0,1.7977,1,1,0,2,5,14.5365,56.944,0,50.047,26.254,29.115,1,32.022,130.239,5.341,1,66.162,40.743,0.75,0,1,0
0,37.0475,0,1.2151,1,1,0,2,1,15.152,68.436,0,30.533,19.476,3.194,1,42.099,66.963,2.332,1,96.662,26.526,1.976,0,1,0
1,38.1636,0,13.9303,1,1,0,2,8,15.8216,54.9,0,101.865,246.596,33.59,1,41.393,87.505,8.141,1,0.913,391.87,1.155,0,1,0
1,30.7022,0,12.6854,1,1,2,2,8,19.3843,59.509,0,194.301,48.896,2.963,1,41.112,24.514,9.986,1,38.641,41.95,0.137,0,1,0
0,28.5253,0,3.6302,1,1,0,2,6,6.1036,59.917,3,146.825,106.355,32.296,1,67.113,150.252,10.647,1,11.473,84.258,5.077,0,1,0
1,38.0906,0,9.0655,1,1,0,2,2,11.819,29.423,0,9.022,25.372,6.422,1,54.689,67.063,4.34,1,75.061,71.873,0.837,0,0,0
0,38.4634,0,12.13,1,1,0,2,2,15.7452,67.153,3,578.438,54.456,16.464,1,49.282,26.413,6.925,1,10.124,10.076,0.002,1,1,0
1,30.1765,0,12.2007,1,1,2,6,2,12.6011,58.044,0,20.855,0.06,4.031,1,2.231,86.054,13.969,1,91.761,47.353,1.88,0,1,1
1,37.931,0,16.6759,1,1,0,9,9,13.8453,54.833,0,73.695,19.915,9.481,1,39.794,13.863,3.047,1,59.263,14.851,0.673,0,1,0
0,28.9728,0,15.8011,0,1,2,6,6,20.3247,53.943,0,70.703,200.383,4.545,1,43.081,13.274,2.245,1,1.26,26.775,0.247,0,1,0
0,20.6201,0,17.3479,1,1,1,6,9,16.4286,3.62,0,54.65,7.326,11.226,1,93.814,7.523,5.039,1,85.577,85.577,2.032,0,1,0
1,20.8801,0,10.0051,1,1,0,2,2,14.3522,50.663,0,149.101,21.064,32.496,1,48.144,77.494,9.998,1,91.921,79.313,5.117,0,1,0
0,37.4816,0,12.2587,1,1,2,2,2,10.4194,9.85,0,41.308,39.811,22.385,1,41.651,90.411,9.049,1,2.112,95.176,0.984,0,1,0
1,38.0651,0,10.0481,1,1,0,2,2,15.395,54.975,0,90.596,110.912,31.275,1,68.965,120.706,3.92,1,6.266,96.977,1.963,0,1,0
1,35.3255,0,18.4083,1,1,2,2,6,32.1242,49.403,0,65.897,34.298,2.26,1,2.277,6.944,3.109,1,113.569,72.19,0.975,0,1,0
0,34.8735,0,10.9587,1,1,0,2,2,12.3167,59.403,0,70.086,245.908,29.296,1,47.115,39.983,9.386,1,63.507,1.971,1.175,0,1,0
1,38.8077,0,11.9793,1,1,0,2,2,14.8607,41.543,0,93.943,20.316,2.506,1,78.902,21.966,3.575,1,41.085,64.089,0.165,1,1,0
0,48.7029,0,10.0573,1,1,0,0,2,15.4419,50.443,0,131.894,27.348,3.213,1,49.43,55.541,1.405,1,111.931,73.171,0.598,0,1,0
1,38.1177,0,18.3859,1,1,2,1,5,16.8421,59.053,0,150.54,249.304,2.682,1,46.928,74.98,9.716,1,4.469,44.824,1.777,0,1,1
1,28.7776,0,12.5081,1,1,2,1,6,12.5148,40.815,0,52.56,290.862,2.156,1,49.395,28.841,3.329,1,4.409,74.478,1.672,1,1,0
1,30.2919,0,13.6393,1,1,0,1,1,14.6821,56.897,0,52.777,17.491,21.924,1,60.36,16.57,3.438,1,195.151,1.937,0.21,1,1,0
1,30.0725,0,19.8816,1,1,0,6,2,15.654,50.543,0,46.349,-14.854,36.006,1,9.473,26.039,4.701,1,100.469,57.851,21.927,0,1,0
1,30.4652,0,11.3621,1,1,2,2,6,12.3732,57.916,0,33.516,1.875,0.186,1,63.584,40.114,6.959,1,161.185,41.172,0.87,0,1,0
1,34.6574,0,11.1488,1,1,0,2,2,26.8394,21.013,0,69.832,226.362,20.135,1,42.451,83.784,4.899,1,86.789,18.872,0.603,0,1,0
1,38.4017,0,10.638,1,1,0,6,2,15.4001,73.563,0,158.843,319.572,29.272,1,31.64,6.617,8.978,1,96.603,57.27,0.42,0,1,0
0,22.7295,0,17.2029,1,1,0,2,2,15.1023,34.688,0,142.748,87.866,39.192,1,23.626,5.953,6.082,1,81.719,97.276,0.987,0,1,0
0,30.3525,0,17.1885,0,1,0,2,7,12.4315,58.181,0,54.415,49.314,34.292,1,48.47,6.363,3.28,1,17.824,296.98,0.193,1,1,0
0,30.9475,0,11.4003,1,1,0,8,2,14.8715,40.895,0,6.819,19.356,2.059,1,8.387,67.981,4.168,1,3.593,96.121,0.52,1,0,0
1,38.1559,0,17.9719,1,1,1,4,2,15.4719,50.823,0,77.493,135.972,12.893,1,1.191,94.295,5.32,1,0.631,86.371,1.022,0,1,0
1,37.6926,0,24.055,1,1,2,2,7,16.5601,56.464,0,100.751,244.345,14.881,1,40.011,67.405,9.38,1,2.166,89.23,1.661,0,1,0
1,30.6048,0,10.605,1,1,0,2,2,11.8254,57.024,0,23.452,122.883,2.199,1,12.594,14.407,3.242,1,25.969,40.203,1.771,0,1,0
0,38.9779,0,15.0038,1,1,1,2,2,14.1651,59.966,0,102.819,43.458,1.894,1,15.673,6.283,7.82,1,1.123,88.096,0.962,0,1,0
1,30.677,0,15.9299,1,1,1,0,2,13.4816,59.64,0,0.437,314.964,19.432,1,49.155,8.243,4.108,1,45.511,53.933,3.979,0,1,0
0,34.0573,0,1.0236,1,0,0,2,1,11.5069,51.733,0,96.806,7.307,14.41,1,58.03,13.743,8.922,1,141.468,29.245,0.971,0,1,0
1,34.8298,0,19.8463,1,1,0,2,8,18.5765,44.515,0,107.516,215.555,2.914,0,98.403,42.61,3.161,1,0.628,71.187,2.07,0,1,0
1,36.3005,0,13.803,1,1,0,8,8,14.8674,50.023,0,0.153,244.002,9.548,1,3.936,16.98,9.885,1,57.29,31.82,0.112,0,1,0
1,38.607,0,18.0687,1,1,0,2,3,12.6322,54.938,0,141.448,4.812,30.14,1,40.722,53.543,3.789,1,7.05,83.082,1.362,0,1,0
1,38.2178,0,14.3147,0,1,0,4,2,12.8117,58.912,0,82.029,110.916,33.096,1,38.699,80.41,9.698,1,9.224,35.77,4.231,0,1,0
1,20.8819,0,9.8903,1,1,0,6,2,15.3177,53.558,0,126.23,73.447,0.298,1,58.617,87.153,2.949,1,95.589,34.177,0.239,0,0,0
0,28.3229,0,12.9527,1,1,1,1,1,18.5546,57.892,0,115.571,40.359,0.168,1,49.894,56.412,0.76,1,95.761,54.653,0.19,0,1,0
1,28.5709,0,21.9751,1,1,0,2,1,11.4192,56.847,0,172.843,76.373,3.408,1,48.371,50.109,9.48,1,13.121,3.127,0.187,0,1,0
1,37.6145,0,19.5173,1,1,0,2,9,15.5457,44.256,0,134.113,62.429,1.368,1,7.637,46.706,7.169,1,132.268,80.74,13.186,0,1,0
1,28.9059,0,10.7411,1,1,0,2,7,16.8852,58.506,0,141.708,29.173,2.644,1,2.896,57.194,0.73,1,42.123,39.475,0.074,0,1,0
1,30.8852,0,9.0507,1,1,0,2,1,17.1167,61.504,0,1.043,129.856,26.331,1,42.494,70.043,5.59,1,5.058,72.525,0.543,0,1,0
1,38.1577,0,14.9082,1,1,0,6,1,10.4716,59.534,0,67.818,76.429,19.51,1,90.919,77.989,8.669,1,31.262,74.753,0.869,0,1,0
1,48.6909,1,10.9904,1,1,0,2,3,17.3927,20.55,0,47.716,217.266,9.911,1,69.541,87.093,7.828,1,100.913,62.166,0.139,0,1,0
1,38.6098,0,15.1017,1,1,2,2,1,14.9551,68.144,0,43.053,141.653,2.221,1,41.684,88.365,0.717,1,60.267,91.95,0.246,0,1,0
0,39.9879,0,10.9083,1,1,0,4,2,15.6688,47.893,0,132.858,36.826,1.151,1,82.422,80.588,9.747,1,72.969,68.058,0.987,0,1,0
0,21.8255,0,10.6013,1,1,0,2,2,16.5558,42.919,0,0.8,85.523,31.124,1,42.019,24.032,3.059,1,70.516,74.743,1.02,0,1,0
1,38.43,0,13.6784,1,1,0,2,2,20.5841,59.554,0,78.782,9.464,33.293,1,98.022,67.373,4.402,1,65.545,89.755,11.51,0,1,0
0,38.8835,0,17.6393,1,1,1,2,2,16.6115,51.623,0,139.84,124.319,36.766,1,2.785,45.499,3.884,1,7.119,66.52,0.27,0,1,0
1,48.8202,0,13.2691,1,1,2,2,5,14.5554,16.764,0,114.253,54.34,22.792,1,48.084,73.546,2.014,1,43.181,15.36,1.552,0,1,0
1,28.8273,0,12.8351,1,1,0,6,6,16.2445,29.53,0,145.844,-28.52,23.233,1,12.045,16.492,3.067,1,99.708,67.553,5.113,0,1,0
1,28.1008,0,28.9571,1,1,0,2,2,19.0601,56.854,0,90.245,228.447,38.242,1,57.281,20.263,3.523,1,165.223,3.827,1.681,0,0,0
1,24.8296,0,12.7631,1,1,2,1,4,18.3619,53.954,0,122.591,26.808,33.76,1,0.888,52.235,0.925,1,87.227,75.631,0.783,0,1,0
1,48.456,0,2.5973,1,1,1,2,8,10.2045,68.945,0,143.285,110.216,2.988,1,40.094,55.403,3.338,1,2.633,70.572,0.177,0,0,0
1,30.4055,0,14.9023,1,1,0,2,6,17.4497,9.256,0,170.992,54.903,24.28,1,55.314,52.538,3.325,1,161.051,96.827,0.671,0,1,0
1,37.6092,0,17.9983,1,1,1,1,2,11.2671,49.92,0,142.331,198.875,3.316,1,39.518,47.763,5.282,1,42.681,73.031,0.982,0,0,0
0,22.6071,0,12.5058,1,1,0,1,2,15.6716,51.611,0,169.222,167.829,22.442,1,67.423,107.175,4.115,1,41.266,93.867,1.042,0,1,0
1,45.407,0,19.61,1,1,0,5,8,10.0954,59.811,0,63.008,12.091,2.29,1,60.981,50.092,0.658,1,67.823,16.356,1.384,0,1,0
1,24.7769,0,13.5973,1,1,0,2,8,16.9649,58.853,0,15.002,26.823,2.216,1,1.097,26.035,2.938,1,89.723,61.175,0.933,0,1,0
1,33.8787,0,10.9069,1,1,2,2,6,12.5766,70.66,0,177.888,12.362,33.93,1,39.865,1.594,3.183,1,17.129,63.47,0.512,0,1,0
0,38.3822,0,14.1189,0,1,0,0,6,15.2544,56.013,0,115.702,58.496,26.982,1,90.45,87.227,2.062,1,81.233,72.241,1.167,0,1,0
0,27.3051,0,14.0661,1,1,0,2,5,19.5505,54.994,0,1.106,16.923,31.113,1,1.614,57.249,8.662,1,13.612,44.025,0.223,0,1,0
1,29.6076,0,11.0071,1,1,0,4,2,15.9754,49.815,0,86.799,51.563,3.765,1,9.426,96.715,9.333,1,243.763,51.135,0.783,0,1,0
1,33.407,0,9.5673,1,1,1,2,6,14.7747,66.597,0,144.42,57.366,9.33,1,87.691,47.449,9.007,1,0.621,31.512,1.172,0,0,0
1,25.3765,0,9.7009,1,1,1,8,1,18.5221,37.727,0,145.634,13.212,0.176,1,42.066,13.26,9.86,1,1.863,81.075,0.65,0,1,0
1,30.1431,0,3.8459,1,1,0,8,9,19.9894,48.85,0,72.07,73.019,12.175,1,21.311,20.415,6.338,1,37.963,29.025,1.261,0,1,0
0,31.2561,0,11.8221,1,1,0,4,6,14.4407,58.615,0,64.782,11.563,0.078,1,56.642,22.717,2.44,1,18.383,13.358,8.262,0,0,0
0,42.1258,0,12.0319,1,1,0,2,1,16.7507,50.666,0,7.57,146.773,33.902,1,54.552,8.237,2.629,1,19.429,72.449,0.678,0,0,0
1,26.49,0,18.0578,1,1,0,2,5,12.4064,51.737,0,135.695,45.886,22.955,1,40.453,11.559,9.889,1,107.704,18.872,0.015,0,1,0
1,38.12,0,3.0381,1,1,0,3,9,15.6412,59.804,0,49.579,228.376,6.293,1,9.861,56.756,9.289,1,66.06,64.865,1.21,0,1,0
0,28.2021,0,12.3577,1,1,1,4,2,14.0351,29.153,0,49.112,27.142,9.479,1,40.398,83.538,0.319,1,114.285,14.116,4.217,0,1,0
0,27.5051,0,4.8312,1,1,0,2,8,16.1101,28.859,0,90.55,6.816,0.294,1,8.197,86.004,3.749,1,6.126,74.476,0.277,0,1,0
1,38.1569,0,18.9175,1,1,2,2,5,13.4495,54.24,0,55.116,588.056,7.202,1,42.858,71.978,3.72,1,3.393,88.281,0.782,0,1,0
1,30.6503,0,5.6708,1,1,1,1,8,15.5657,55.804,0,51.042,169.258,23.862,1,18.985,48.937,3.955,1,0.636,64.95,1.017,0,1,0
1,35.0671,0,3.7427,1,1,0,1,2,11.567,2.227,0,81.718,16.425,0.598,1,131.011,54.512,2.458,1,62.787,88.143,0.235,0,1,0
1,38.4777,0,19.0331,1,1,0,2,2,14.6245,51.035,0,141.812,47.872,33.693,1,49.014,61.976,9.519,1,66.241,101.741,0.16,0,0,0
1,38.3778,0,18.8468,1,1,1,2,2,11.6699,57.854,0,51.031,220.9,0.066,1,90.963,17.583,5.389,1,95.969,76.16,0.072,0,1,0
1,21.8851,0,10.1307,1,1,0,2,6,17.5159,42.827,0,47.842,0.452,9.425,1,60.413,48.206,8.949,1,21.36,95.87,0.249,0,1,0
1,35.4934,0,13.2498,1,1,0,5,3,18.9028,55.043,0,360.543,218.468,2.293,1,47.484,88.273,4.539,1,50.173,92.826,3.042,0,1,0
1,23.1547,0,12.8007,1,1,2,2,7,43.7786,40.626,0,9.81,69.356,34.63,1,33.016,12.538,0.582,1,10.655,71.55,0.167,0,1,0
0,20.8165,0,14.6157,1,1,0,6,2,12.8881,73.814,0,10.503,63.7,6.121,1,69.09,197.694,9.352,1,7.353,81.16,1.86,0,1,0
1,28.6275,1,19.7438,1,1,0,14,2,15.5641,59.31,0,52.254,112.874,26.554,1,42.21,67.886,4.286,1,41.095,11.522,0.577,0,1,0
1,38.0801,0,12.6949,1,1,0,1,7,14.7121,63.513,0,29.743,149.168,0.033,1,49.011,18.223,3.528,1,6.382,19.985,0.481,0,1,0
0,35.159,0,12.4404,1,1,0,2,6,15.7713,53.414,0,77.923,228.364,30.792,1,32.491,48.677,0.042,1,85.253,43.068,0.57,0,1,0
1,38.4292,0,0.6131,1,1,0,4,2,11.4055,98.98,0,82.017,29.03,29.892,1,25.805,41.933,3.904,1,91.412,80.75,1.052,0,0,0
0,38.69,0,10.9031,1,1,1,6,2,12.902,68.018,0,115.683,14.436,12.765,1,35.45,8.94,1.96,1,47.001,4.95,0.61,0,1,0
0,38.5063,0,1.8083,1,1,1,2,8,10.8567,58.185,0,129.874,345.814,23.744,1,18.48,17.804,1.918,1,119.42,6.293,0.942,0,1,0
1,38.6366,1,19.608,1,1,0,2,8,17.1877,50.512,0,119.819,46.813,2.955,1,57.204,3.825,7.963,1,141.952,51.32,0.241,0,1,0
1,35.199,0,17.552,1,1,0,16,8,16.6578,40.346,0,44.548,-49.06,15.615,1,42.401,27.273,9.928,1,2.081,5.255,8.617,0,1,0
0,26.7577,0,18.9383,1,1,2,2,9,15.4267,40.104,0,78.935,245.753,18.542,1,58.748,56.913,0.726,1,105.698,84.822,0.887,0,1,0
1,27.4829,0,14.6494,1,1,0,2,3,16.5728,61.915,0,99.849,31.971,2.261,1,66.49,150.378,0.572,1,90.772,89.978,0.175,0,1,0
1,28.3275,0,1.6583,1,1,1,6,2,10.862,54.84,0,174.078,319.433,9.488,1,62.415,14.542,9.028,1,104.7,53.763,3.315,0,1,0
0,28.1612,0,17.2904,1,1,0,2,1,19.272,40.406,0,29.202,74.842,20.946,0,32.632,55.474,3.109,1,41.771,84.125,0.838,0,1,0
1,38.8987,0,18.9177,1,1,0,2,8,14.8646,59.353,0,42.893,243.366,37.962,1,40.454,56.926,0.966,1,62.622,31.937,0.037,0,1,0
1,24.2609,0,4.8053,1,1,0,2,4,12.4367,51.974,0,112.839,21.31,32.971,1,33.311,10.227,3.986,1,25.169,87.27,0.054,1,1,0
1,30.1859,0,12.9514,1,1,0,4,2,16.5184,58.283,0,30.427,88.362,22.162,1,22.544,87.023,3.948,1,67.61,15.27,0.937,0,1,0
1,30.652,0,15.5007,1,1,0,2,2,15.5744,53.384,0,4.388,47.32,22.918,1,14.159,10.015,17.028,1,73.369,9.551,0.567,0,1,0
0,38.4371,0,19.53,1,1,0,14,8,15.9606,49.814,0,70.506,99.779,0.443,1,6.329,8.013,9.485,1,163.172,84.911,0.487,0,1,0
1,38.4878,0,16.2029,1,1,0,2,1,14.5409,59.845,0,13.838,241.345,20.214,1,31.413,83.784,2.139,1,152.621,76.38,0.027,0,1,0
1,37.7831,0,10.4453,1,1,1,6,9,16.5691,49.693,3,152.77,45.348,36.224,1,62.099,66.222,6.369,1,116.736,40.775,2.972,1,1,0
1,20.8775,0,10.8944,1,1,0,0,4,10.4663,56.913,0,104.388,204.358,72.144,1,52.085,74.913,9.299,1,91.625,65.575,0.794,0,1,0
0,30.7038,0,18.9313,1,1,0,8,2,17.4734,55.0,0,70.322,4.774,29.639,1,22.298,17.958,0.49,1,57.719,74.116,1.862,0,1,0
1,21.3971,0,9.5158,1,1,0,16,2,11.4269,58.964,0,77.387,20.861,30.952,1,40.324,28.484,8.54,1,1.661,60.876,1.929,0,1,0
0,30.6778,0,13.5166,1,1,0,2,5,21.8499,59.754,0,88.758,-97.371,2.755,2,38.625,52.237,2.888,1,145.262,1.981,1.16,0,0,0
1,26.7508,0,13.504,1,1,0,10,2,15.1224,59.03,0,110.869,3.341,32.292,1,49.125,71.299,9.212,1,1.951,78.18,4.344,1,1,0
1,38.0421,0,20.4163,1,1,0,11,1,12.1786,49.317,0,165.847,59.325,1.402,1,47.311,74.636,9.784,0,2.569,96.986,0.81,0,1,0
1,24.9505,0,2.7386,1,1,1,2,2,12.8547,18.144,0,52.581,248.344,39.762,1,43.481,4.96,6.328,1,3.401,46.778,11.126,0,1,0
1,28.7657,0,15.9087,1,1,0,0,6,15.6447,51.684,0,132.545,9.877,22.235,1,12.178,81.179,3.518,1,45.268,7.183,1.112,0,1,0
0,38.02,0,6.3763,1,1,0,8,5,15.87,22.897,0,0.372,26.236,40.625,1,47.779,45.403,0.738,0,42.224,4.851,1.132,0,1,0
0,31.0049,0,7.9703,1,1,0,6,4,17.7714,31.948,0,291.043,20.758,22.022,1,58.895,37.709,3.121,1,1.155,53.176,1.572,0,1,0
1,24.1679,0,3.0199,1,1,0,2,2,13.9379,54.399,0,149.61,42.841,3.282,1,62.004,63.755,7.712,1,98.082,98.986,0.581,0,0,0
1,35.6271,0,16.2592,1,1,0,6,2,14.4477,59.873,0,20.14,7.001,0.454,1,94.213,48.963,3.522,1,89.119,59.196,0.177,0,1,0
0,18.412,0,23.1424,1,1,0,2,2,18.3144,1.623,0,33.956,3.969,31.454,1,16.482,97.627,7.343,0,60.629,71.871,0.046,0,1,0
1,38.2435,0,13.4511,1,1,0,2,6,14.761,54.54,0,132.786,290.557,33.622,1,41.298,4.783,3.332,1,96.023,2.349,0.917,0,1,0
1,24.8256,0,19.3789,1,1,2,3,9,12.8626,49.663,0,177.882,0.828,1.574,1,49.985,12.466,3.442,1,111.923,21.506,0.572,1,1,0
1,35.007,0,4.5187,1,1,0,2,6,10.5894,9.965,0,60.543,86.448,14.814,1,68.712,164.706,43.582,1,140.976,70.255,0.336,0,0,0
0,41.2236,0,6.3949,1,1,0,2,9,26.6651,56.874,0,8.013,46.073,6.554,1,1.085,34.494,3.382,1,87.168,90.801,11.193,0,1,0
1,36.7783,0,29.0785,1,1,0,2,4,15.4123,96.723,0,155.75,249.755,12.215,1,5.784,17.183,4.389,1,62.266,32.37,0.967,0,1,0
1,22.1745,0,15.959,1,1,0,2,2,13.6144,52.524,0,122.072,-6.314,32.082,1,72.944,100.743,7.339,1,3.139,19.25,1.187,1,1,0
1,38.1857,0,15.8137,1,1,0,2,2,14.3767,73.953,0,159.526,17.342,0.422,1,9.672,131.006,12.799,1,91.101,65.141,1.987,0,1,0
0,28.1005,0,10.958,1,1,2,2,2,12.1655,59.851,0,144.07,207.622,0.662,1,32.158,6.849,3.919,1,91.753,88.837,7.17,1,1,0
1,29.11,0,10.0302,1,1,0,2,3,15.8003,56.925,0,192.144,18.393,10.287,1,62.411,88.295,9.953,1,47.161,83.895,3.067,0,1,0
0,38.7553,0,17.0205,1,1,2,6,6,12.5417,52.956,0,72.956,179.062,22.746,1,42.942,44.415,3.059,1,1.627,78.371,19.072,0,0,0
0,32.1318,0,19.5974,1,1,0,2,4,15.5654,49.053,0,149.429,319.399,13.335,1,11.456,23.463,11.591,1,13.213,70.301,0.917,0,1,0
1,28.1928,0,0.9575,1,1,0,2,9,18.5205,40.74,0,92.555,-0.906,14.278,1,17.435,47.206,8.081,1,76.211,60.843,0.28,0,1,0
1,32.601,0,19.9001,1,1,0,1,6,18.4877,52.306,0,60.598,49.928,34.265,1,79.245,2.014,4.386,1,0.236,43.128,8.672,1,1,0
1,31.8675,0,17.1601,0,1,0,2,2,16.3087,51.396,0,44.699,236.053,2.42,1,2.485,49.26,7.129,1,62.65,29.724,8.586,1,1,0
1,32.1705,0,12.6043,1,1,0,2,2,10.4525,54.965,0,136.71,206.406,39.185,1,5.085,8.589,9.021,1,25.65,46.733,0.197,0,1,0
1,38.6035,0,13.4303,1,1,2,2,7,45.5111,59.347,0,77.594,519.997,33.115,1,38.149,65.527,1.02,1,61.786,311.329,20.964,0,1,0
1,23.0697,0,11.034,1,1,0,6,8,16.6144,52.906,0,1.71,517.097,19.94,1,46.811,176.993,0.347,1,41.303,88.953,0.296,1,1,1
0,68.0094,0,15.6701,1,1,0,2,9,24.3265,86.835,3,174.705,119.896,10.712,1,66.315,43.431,9.069,1,1.265,81.029,10.768,0,0,0
1,23.0421,0,10.1996,1,1,0,8,6,16.7611,64.716,0,127.18,17.883,12.712,1,48.113,12.78,4.397,1,44.135,273.951,11.716,1,1,0
0,30.0055,0,8.0687,1,1,1,8,2,14.4821,40.805,0,35.028,18.199,4.952,3,66.62,12.576,2.919,1,63.069,92.339,1.503,0,0,0
0,33.957,0,23.9819,1,1,0,2,2,13.5767,51.953,0,74.848,49.353,28.398,1,5.047,0.999,3.909,1,91.164,52.37,0.323,0,1,0
1,24.3005,0,23.4973,1,1,1,4,2,16.1884,82.366,0,123.845,19.965,23.714,1,9.336,50.213,4.685,1,85.312,64.475,25.594,0,1,0
1,35.0821,0,19.5323,1,1,0,6,8,14.4848,53.606,0,155.713,275.753,12.494,1,59.68,23.63,2.2,1,2.274,307.929,0.072,0,1,0
1,30.6376,0,14.4239,1,1,2,1,3,18.8654,61.443,0,12.534,116.862,22.607,1,52.725,1.693,0.112,1,62.089,38.617,0.475,1,1,0
1,38.937,0,11.3313,1,1,0,4,6,10.3555,59.913,0,120.113,117.566,6.01,1,8.615,68.013,7.179,1,141.631,376.871,0.682,0,1,0
1,32.3277,0,18.4108,1,1,0,5,2,10.838,54.249,0,166.43,45.018,2.544,1,42.012,15.69,6.589,1,7.967,52.276,0.277,0,1,1
1,30.818,0,8.9455,0,1,0,4,1,24.0914,51.935,0,304.067,87.016,32.733,1,8.629,27.043,5.84,1,25.166,49.735,7.637,0,0,0
1,24.9787,0,9.8911,0,1,0,2,7,12.8079,59.824,0,70.143,10.847,14.799,1,2.995,98.493,33.972,1,66.79,5.313,0.041,1,1,0
1,28.5575,0,24.3013,1,1,0,2,2,24.2714,59.683,0,192.827,20.341,22.225,1,9.511,16.602,4.907,1,61.709,12.657,4.663,0,1,0
0,38.6851,0,19.3302,1,1,0,6,2,14.1524,40.824,0,113.542,39.053,18.27,1,48.259,18.993,7.389,1,73.281,40.831,4.025,0,1,0
1,24.9971,0,10.3803,1,1,1,6,8,18.4521,57.304,0,110.14,102.003,33.78,1,3.404,40.234,4.364,1,243.574,40.955,0.748,0,1,0
0,38.7906,0,10.4454,0,1,0,2,7,16.0251,37.813,0,271.333,247.855,23.052,1,64.667,46.831,9.609,1,45.661,76.065,1.275,0,1,0
1,24.7859,0,13.0408,1,1,0,2,8,11.2481,92.134,0,145.053,247.092,0.969,1,52.612,55.543,4.337,1,36.101,90.19,0.927,0,0,0
0,38.6093,0,19.9558,0,1,2,2,2,16.4111,21.596,0,125.488,46.995,17.492,1,17.021,26.513,6.03,1,0.224,45.725,7.204,0,1,0
0,38.4069,0,8.9791,1,1,0,9,8,15.8195,58.734,0,197.467,298.373,33.565,1,69.329,6.936,3.928,1,0.224,81.745,0.77,0,1,0
1,27.6303,0,18.5073,0,1,0,2,2,18.7661,59.826,0,155.397,39.051,32.266,1,65.049,80.074,4.434,1,90.963,24.945,0.972,0,1,0
1,38.8491,0,16.0654,1,1,0,6,2,16.4707,58.946,0,1.143,278.966,91.55,1,59.792,194.034,8.069,1,16.127,78.448,0.071,0,1,0
1,34.1308,0,18.8042,1,1,1,0,6,11.5756,52.954,0,13.853,7.452,34.738,1,48.136,8.231,0.942,1,33.207,47.879,0.669,0,0,0
1,33.4913,0,1.5071,1,1,2,2,2,38.4475,87.824,0,40.54,19.838,2.428,1,65.616,67.003,3.339,1,68.369,51.329,0.822,0,1,0
1,38.2091,0,17.3108,1,1,0,2,1,13.1881,56.273,0,5.728,140.358,1.295,1,8.17,82.275,2.329,1,103.76,87.475,0.172,0,1,0
0,35.7559,0,13.4248,1,1,0,2,5,10.5284,57.245,0,177.838,40.564,35.462,1,22.119,99.039,6.669,1,0.256,43.278,21.055,0,1,0
0,20.785,0,10.5243,1,1,0,9,1,16.8806,54.835,0,30.427,21.314,5.59,1,17.219,57.112,2.02,1,10.154,66.272,0.587,0,1,0
1,28.0065,0,17.13,1,1,0,1,2,16.7846,34.163,0,114.688,60.037,30.172,1,2.273,202.415,3.241,1,22.764,34.913,0.582,0,1,0
1,38.1008,0,8.3797,1,1,0,2,2,10.8157,57.993,0,110.705,6.432,30.84,1,18.577,0.983,3.146,1,0.962,51.165,24.772,0,1,0
0,30.2605,0,11.0551,1,1,0,0,2,30.6901,59.951,0,139.532,5.407,22.202,1,68.445,45.148,0.731,1,25.689,0.651,1.749,0,1,0
1,38.9872,0,13.6312,1,1,0,3,2,16.8104,53.718,0,197.599,53.368,12.261,1,67.614,22.15,3.924,1,3.007,14.857,0.023,1,1,1
1,31.4328,0,9.5769,1,1,0,2,1,16.2127,13.847,0,28.757,10.822,17.155,1,92.685,17.956,0.758,1,141.223,1.636,0.713,0,1,0
1,23.171,0,11.7354,1,1,0,2,2,11.5149,59.654,0,7.87,241.393,2.054,1,40.444,118.224,4.07,1,162.169,8.513,1.959,0,1,0
1,38.8791,0,12.0859,1,1,0,2,2,33.4759,92.82,0,35.69,204.559,9.402,1,46.642,1.913,2.939,1,9.351,399.251,2.046,0,1,0
0,33.3772,0,1.6001,1,1,0,4,6,11.499,51.57,0,138.815,11.52,1.064,1,38.433,56.584,5.682,1,65.213,18.821,1.383,0,1,0
1,38.2034,0,19.0147,1,1,0,2,6,18.4711,67.02,0,42.052,85.117,30.451,1,41.611,7.237,9.22,1,13.261,84.127,9.049,0,1,0
1,38.8196,0,15.939,1,1,1,8,6,15.2905,18.254,0,79.847,507.145,3.814,1,38.281,108.033,0.949,1,142.763,0.983,0.776,0,1,0
1,38.175,0,12.6765,1,1,0,1,2,17.111,53.749,0,149.063,6.312,33.28,1,1.629,111.263,7.173,1,8.659,98.32,0.774,0,1,0
1,38.4631,0,10.9031,1,1,1,12,8,16.4149,59.07,0,75.877,8.326,2.948,1,45.212,179.923,0.613,1,193.361,19.551,0.166,0,1,0
0,34.9075,0,13.8389,1,1,1,4,2,14.4045,50.954,0,132.003,178.852,9.244,1,69.56,58.934,2.427,1,18.924,34.822,0.202,0,1,0
1,35.8751,0,12.9358,1,1,0,2,6,18.8205,70.653,0,194.707,65.478,1.913,1,66.68,38.91,0.319,1,19.651,61.921,9.902,0,1,0
1,48.1803,0,0.7048,0,1,1,2,2,18.1624,44.705,0,93.603,210.358,15.339,1,31.325,74.597,6.948,1,62.937,54.541,7.768,0,1,0
1,38.6872,0,0.5407,1,1,0,2,3,20.4124,1.524,0,144.501,234.998,9.884,1,33.428,27.868,3.229,1,69.285,23.136,0.012,0,1,0
1,63.7908,0,19.6318,1,1,0,2,3,17.0522,61.111,0,87.993,38.368,2.293,1,47.321,77.547,2.793,1,1.916,44.74,0.723,0,1,0
1,38.0828,0,16.2247,1,1,0,2,9,16.0996,47.83,0,148.331,89.425,32.893,2,98.199,10.713,4.959,1,193.259,14.081,0.989,0,1,0
1,20.6728,0,10.9337,1,1,2,2,3,13.7389,51.918,0,188.783,141.346,32.615,1,32.445,17.223,5.495,1,44.103,81.955,2.257,0,1,0
1,24.8501,0,12.9723,1,1,0,5,2,11.0941,11.518,0,7.208,211.177,2.992,1,47.094,13.635,2.369,1,65.029,33.846,0.942,0,1,0
1,26.5249,0,9.9746,0,1,0,2,2,32.8674,59.453,0,41.318,45.477,24.988,1,96.391,10.264,9.08,1,0.008,43.472,9.623,0,1,0
1,38.3563,0,4.0394,1,1,0,6,5,44.4122,52.36,0,60.893,61.455,6.145,1,9.21,38.407,2.42,1,63.771,66.373,0.916,0,1,0
1,20.8899,0,4.6197,0,1,2,8,2,15.516,51.257,0,145.784,25.348,30.914,1,40.385,88.84,3.936,1,5.324,34.355,0.721,0,0,0
1,30.1678,0,19.1253,1,1,1,8,2,16.8729,52.943,0,109.703,410.682,32.138,1,48.919,5.023,30.978,1,147.231,58.957,0.127,0,1,0
1,38.1701,0,19.2343,1,1,2,2,2,11.8759,58.863,0,39.71,41.976,9.725,1,41.796,57.32,2.63,1,1.493,37.56,0.307,0,0,0
1,48.6351,0,10.3097,1,1,1,2,3,14.7414,79.945,0,156.887,501.813,22.428,1,49.943,39.645,0.939,1,71.859,75.078,5.993,0,0,0
0,46.0553,0,15.3793,1,1,0,2,2,14.4141,60.294,0,192.502,91.616,92.768,1,53.513,50.514,9.349,1,63.211,13.726,0.977,0,1,0
1,36.7006,0,10.6008,0,1,0,2,2,14.3149,45.09,0,92.704,10.076,2.026,1,49.095,50.823,0.896,1,42.646,68.941,0.016,0,0,0
1,33.7803,0,19.0193,1,1,1,2,6,13.7287,44.295,0,144.84,29.458,2.812,1,43.863,93.213,6.988,1,99.783,67.753,0.059,0,1,0
1,28.364,0,22.9931,1,1,0,2,2,16.5762,49.868,0,45.845,90.359,37.732,1,63.811,65.925,4.999,1,95.823,10.121,0.918,0,1,0
1,35.0205,0,0.5313,1,1,0,6,2,15.4745,1.619,0,43.025,249.361,3.175,1,4.357,81.455,4.189,1,183.669,42.062,0.979,0,0,0
0,38.6595,0,13.8053,1,1,0,2,7,16.8224,57.534,0,178.032,97.402,1.462,1,58.312,77.8,9.976,1,95.923,74.924,0.14,0,1,0
0,35.9023,0,12.5188,1,1,0,2,7,12.6612,58.253,0,140.536,-0.195,11.161,1,1.255,9.874,9.338,1,7.789,71.151,0.042,0,1,0
1,38.1658,0,10.4049,1,1,0,6,2,16.3457,66.94,0,38.482,31.81,6.286,1,19.811,10.958,8.328,1,161.606,19.81,9.345,1,1,0
1,20.1201,0,0.7486,1,1,1,5,5,15.5545,60.84,0,121.874,791.351,23.482,1,59.113,37.403,3.929,1,73.336,81.522,0.996,0,1,0
1,28.6054,0,10.3029,1,1,0,2,6,16.4486,3.874,0,149.21,314.872,20.919,1,10.695,11.505,3.906,1,6.939,86.721,0.018,0,1,0
1,38.8079,0,0.8431,1,1,0,2,7,16.5807,87.817,1,155.88,5.963,13.318,1,52.423,50.816,2.072,1,76.123,78.331,0.1,0,1,0
0,42.5672,0,1.4025,1,1,0,2,2,16.837,59.701,0,107.84,289.91,33.632,1,29.584,107.598,8.32,1,9.115,7.075,0.572,0,1,0
1,36.107,0,11.0473,1,1,0,2,6,16.5801,53.311,0,6.338,3.975,13.276,1,54.013,167.518,3.982,1,91.082,8.935,0.07,0,1,0
0,48.3023,0,14.0408,0,1,0,12,9,13.5241,57.813,0,54.81,221.066,30.033,1,43.754,80.324,7.962,1,93.273,92.82,1.927,0,1,0
0,34.627,0,12.0964,1,1,0,2,9,14.4325,77.563,0,120.782,246.843,36.42,1,36.621,4.254,2.444,1,61.787,41.721,0.2,0,1,0
1,28.9603,0,13.8659,1,1,0,2,7,22.8269,57.013,0,199.857,73.456,21.01,1,44.009,14.065,30.369,1,69.185,80.862,0.215,0,0,0
1,38.6298,0,10.3702,1,1,1,1,2,17.4926,71.946,0,49.613,-75.218,23.232,1,3.199,95.954,5.137,1,15.26,54.131,0.157,0,1,0
1,41.1831,0,15.9017,1,1,1,8,9,12.762,52.674,0,143.49,15.316,28.562,1,22.456,3.262,3.948,1,167.914,76.835,8.952,0,1,0
1,38.827,0,11.8087,1,1,2,0,2,15.3466,40.77,0,113.705,40.499,39.773,1,14.15,56.413,5.238,1,3.124,85.737,1.0,0,1,0
0,38.1803,0,19.0361,1,1,1,2,6,17.4394,77.895,0,78.249,71.458,2.154,1,48.745,83.711,6.34,1,63.653,11.985,0.183,3,1,0
1,39.3506,0,19.5077,1,1,0,1,1,15.0511,51.523,0,143.607,14.015,3.654,1,62.054,16.118,7.37,1,88.138,68.17,0.571,1,1,0
1,38.3255,0,10.0473,1,1,0,2,8,15.0865,58.825,0,93.244,38.858,9.092,1,66.472,3.984,0.485,1,47.323,81.744,0.907,0,1,0
1,39.1016,0,18.906,1,1,0,2,3,18.6297,51.274,0,168.23,290.316,0.275,1,42.214,46.22,8.329,1,65.981,72.544,0.57,0,1,0
1,38.8875,0,17.9548,1,1,2,0,2,18.5669,56.414,0,155.184,219.421,33.046,1,52.464,160.586,4.911,1,0.191,33.951,0.111,0,0,0
1,32.622,0,15.8467,1,1,0,2,9,14.5721,56.414,0,153.583,249.853,2.965,1,5.101,48.612,9.987,1,13.661,73.143,0.798,0,1,0
1,28.6741,0,13.0593,1,1,0,4,2,15.3125,27.063,0,23.607,545.452,53.014,1,8.468,14.281,7.308,1,63.901,95.571,1.669,0,0,0
1,28.1753,0,12.0078,1,1,0,2,3,14.1295,51.926,0,170.944,66.356,30.438,1,8.415,146.094,7.502,1,1.333,65.378,7.222,1,1,0
1,31.4895,0,15.9585,1,1,0,2,2,10.4205,64.628,0,78.793,55.596,10.312,1,49.302,80.242,0.742,1,5.028,91.87,1.11,0,1,0
1,34.4753,0,18.7714,1,1,0,2,5,16.4492,58.664,0,32.649,17.868,37.714,1,3.021,7.234,8.661,1,2.923,52.123,0.683,0,1,0
1,38.4093,0,3.9473,1,1,0,2,7,12.5246,65.814,0,76.023,279.357,31.501,1,42.684,56.43,7.78,1,116.102,93.952,0.093,0,1,0
1,58.2558,0,11.1678,1,1,0,5,7,15.677,47.194,0,171.813,47.356,9.775,1,61.955,6.021,0.676,1,203.363,28.251,1.572,0,1,0
0,28.603,0,0.6939,1,1,0,1,2,18.0411,9.383,0,29.055,79.818,21.282,1,7.974,15.663,0.968,1,65.133,1.327,1.374,0,1,0
1,30.4451,0,9.0001,1,1,2,10,2,11.8647,59.835,0,58.076,28.422,2.789,1,47.145,70.633,4.44,1,43.924,81.825,0.982,0,0,0
1,28.0553,0,7.9303,0,1,0,6,9,12.1043,59.363,0,26.043,8.352,8.664,1,9.635,17.46,3.381,1,72.223,76.822,0.962,0,0,0
1,38.0251,0,0.8342,0,1,0,6,7,22.824,58.41,0,134.814,110.563,3.315,1,12.043,77.935,2.225,1,45.606,54.671,49.872,1,0,0
0,24.1175,0,10.8355,1,1,0,2,6,18.0544,56.543,0,65.644,47.586,18.063,1,68.244,63.304,2.889,1,2.203,92.584,0.263,0,0,0
1,31.1521,0,12.8193,1,1,0,4,2,10.0696,59.824,3,132.838,246.882,80.955,1,19.327,28.402,3.602,1,0.346,114.771,0.76,0,1,0
1,40.7041,0,8.0543,1,1,0,2,6,19.1637,53.463,0,35.573,29.874,39.464,1,53.112,28.049,7.08,1,40.188,81.17,0.463,1,1,0
1,48.1578,0,17.0504,1,1,0,8,2,16.5853,58.45,0,37.835,25.262,32.335,1,0.088,82.94,4.921,1,3.756,99.621,0.078,0,0,0
1,30.7006,0,0.9838,1,1,0,2,2,15.0915,54.956,0,130.641,24.436,29.44,1,5.694,7.013,2.378,1,31.034,2.857,1.733,0,1,0
1,28.7302,0,8.9992,1,1,0,2,2,19.8747,51.553,0,25.47,752.842,6.285,1,63.451,70.589,3.189,1,31.349,76.857,0.224,0,1,0
0,24.1086,0,29.9717,0,1,0,1,1,15.1714,51.106,0,149.267,13.859,20.594,1,41.789,55.712,2.342,1,199.266,61.551,0.012,0,1,0
0,38.9771,0,16.0773,1,1,1,5,5,18.2116,40.86,0,171.788,118.41,2.136,1,62.651,46.26,0.329,1,66.194,80.63,0.962,0,1,0
1,31.0902,0,11.8229,0,1,0,2,2,14.4197,52.944,0,117.535,340.43,37.16,1,92.432,10.938,5.844,1,91.071,80.825,0.975,0,1,0
1,28.6971,0,12.9774,1,1,2,5,8,16.5165,54.683,0,146.696,99.765,39.865,1,44.251,39.914,7.309,1,16.714,22.423,0.982,0,1,0
1,38.7002,0,14.578,1,1,0,8,2,22.4144,84.044,0,158.834,42.329,33.702,1,44.953,90.184,0.303,1,97.082,78.071,10.287,0,1,0
1,32.4077,0,0.935,1,1,2,2,6,10.4155,51.116,0,115.153,98.593,33.26,1,12.047,93.289,2.331,1,99.256,4.23,0.972,0,1,0
0,38.9339,0,17.9127,1,1,1,4,2,14.8535,64.455,0,178.086,210.316,12.186,1,59.53,90.976,9.924,1,3.025,97.852,0.09,0,1,0
1,38.1285,0,18.9701,1,1,0,0,3,14.5074,51.993,0,127.88,-73.554,4.444,1,51.915,16.443,9.622,1,401.946,97.281,3.462,0,1,0
1,38.1577,0,23.0082,1,1,2,3,1,14.0924,59.194,0,156.753,76.326,29.286,1,66.201,21.341,9.371,1,1.001,31.124,20.761,0,1,0
1,28.1631,0,12.975,1,1,0,2,6,15.5126,57.024,0,33.826,6.177,22.203,1,65.74,23.934,6.929,1,31.916,43.62,1.97,1,1,0
1,34.1656,0,0.0188,1,1,1,6,6,13.3007,46.24,0,148.543,45.365,12.969,1,3.294,68.633,3.889,1,151.484,7.355,5.613,0,0,0
1,22.3826,0,2.935,1,1,0,2,8,10.0467,79.663,0,142.875,401.355,27.227,1,41.391,163.704,3.935,1,17.626,75.382,0.637,0,1,0
1,28.2054,0,19.8069,1,1,0,2,2,12.515,54.244,0,138.074,90.353,23.032,0,49.208,20.913,2.942,1,91.141,65.242,0.003,0,1,0
1,28.6725,0,11.2452,1,1,0,2,3,17.415,50.933,0,74.506,14.324,36.682,1,79.795,79.475,8.519,1,141.934,5.982,0.221,0,1,0
1,20.1711,0,11.6081,1,1,0,2,2,19.4094,59.92,0,168.286,70.347,32.215,1,42.141,77.679,9.581,1,67.94,6.852,0.278,0,1,0
1,48.2816,0,5.5338,0,1,1,2,6,11.4087,59.164,0,174.753,128.104,19.532,1,69.309,8.553,1.923,1,29.97,20.976,8.962,0,1,0
1,48.9828,0,12.6328,1,1,0,2,2,15.7337,1.338,0,102.188,108.339,6.668,1,98.138,6.55,2.209,1,81.294,88.35,6.728,0,1,0
1,34.7878,0,14.261,1,1,2,2,5,13.0659,54.168,1,66.743,349.324,0.493,1,8.621,85.783,3.324,1,16.162,90.256,0.982,0,1,0
1,30.065,0,17.9914,1,1,1,7,2,14.5485,56.92,0,61.072,96.619,25.281,1,75.611,87.532,2.77,1,26.266,13.17,1.375,0,1,0
0,38.0735,0,10.1347,1,1,0,0,6,18.0302,48.401,0,49.432,19.25,29.722,1,40.543,0.499,3.58,1,92.42,80.65,0.762,0,1,0
1,27.3851,0,13.4983,1,1,0,2,6,15.4809,48.824,0,193.133,616.912,2.223,1,38.224,18.359,1.089,1,4.006,87.191,2.382,0,1,0
1,24.1226,0,19.0552,1,1,1,10,9,12.3126,58.942,0,144.421,310.178,13.506,1,41.646,21.552,7.606,1,18.668,59.471,0.015,0,1,0
1,34.5808,0,1.0473,1,1,0,2,5,11.4315,59.921,0,161.71,47.353,30.935,1,98.352,7.22,4.036,1,62.08,66.735,0.265,0,0,0
1,20.6897,0,14.1263,1,1,0,2,3,12.415,78.84,0,79.547,231.248,39.224,1,53.391,56.662,9.687,1,3.112,286.921,2.96,0,0,0
1,36.1735,0,17.8001,1,1,0,2,2,18.7956,55.841,0,166.532,146.259,3.332,1,139.752,53.591,0.762,1,65.227,46.827,0.712,0,1,0
1,32.675,0,10.0024,1,1,0,2,2,11.5123,54.704,0,172.82,94.073,31.439,1,41.214,27.144,3.926,1,1.301,82.521,0.862,0,1,0
1,30.6628,0,3.8527,1,1,0,2,6,16.4211,44.745,0,179.117,106.686,37.552,1,69.021,63.464,9.132,1,65.183,83.375,0.166,0,1,0
1,38.1018,0,5.9429,1,1,0,2,2,15.4494,1.925,0,8.983,4.126,12.755,1,8.642,87.999,3.389,1,0.351,60.67,1.902,0,0,0
1,32.1279,0,15.1164,1,1,2,2,8,29.5051,55.263,0,69.036,90.493,3.046,1,92.513,6.964,2.145,1,13.516,76.359,0.892,0,1,0
0,30.1298,0,9.4788,1,1,0,2,6,14.9725,44.853,0,148.743,581.856,33.197,1,38.087,73.547,4.731,1,9.749,68.726,0.672,0,1,0
1,28.0035,0,12.9171,1,1,0,2,8,10.9914,51.976,0,10.648,298.874,1.252,1,65.155,429.508,0.039,1,69.203,105.172,0.267,0,1,0
1,37.1706,0,13.9508,1,1,0,2,6,14.3257,68.667,0,116.705,277.382,32.024,1,49.843,12.21,3.427,2,76.424,31.857,0.23,0,1,0
0,38.0547,0,9.9233,1,1,1,1,6,12.6855,64.82,0,115.784,278.868,14.888,1,40.393,55.024,5.38,1,13.361,59.073,2.781,0,1,0
1,38.1405,0,4.5073,1,1,0,8,2,15.4167,52.85,0,173.592,210.059,13.868,1,64.765,48.7,2.338,1,0.069,49.548,9.786,0,0,0
1,28.8621,0,19.9087,1,1,0,8,8,11.3187,71.357,0,179.485,20.426,33.902,1,94.044,542.183,3.547,1,61.796,20.498,0.177,1,1,0
1,38.2776,0,14.4101,1,1,0,5,2,16.8225,44.994,0,64.834,247.924,6.496,1,48.789,190.755,2.82,1,75.685,84.764,1.202,1,1,0
1,34.785,0,13.1389,1,1,1,2,1,16.8415,59.543,0,5.409,47.493,30.42,1,159.626,95.424,4.089,1,25.122,51.427,1.666,0,0,0
1,25.1693,0,10.0467,1,1,1,0,4,15.4505,76.655,0,54.483,-70.493,26.986,1,8.319,160.373,2.089,1,183.538,10.32,0.917,3,1,0
1,48.1669,0,12.2659,1,1,2,8,9,16.4011,51.837,0,7.543,74.948,22.483,1,39.029,1.583,3.639,1,13.021,24.177,0.199,0,1,0
1,28.9996,0,10.6323,1,1,1,2,5,46.4941,92.616,0,19.852,315.345,33.082,1,1.748,0.279,2.027,1,33.601,22.353,1.272,0,1,0
0,20.4251,0,11.1495,0,1,0,2,1,16.5193,42.92,0,72.316,78.393,9.716,1,40.717,157.77,8.91,1,195.008,34.72,1.217,1,1,0
1,28.1961,1,7.2498,1,1,2,6,8,19.4366,67.903,0,48.573,75.095,3.926,1,45.442,201.03,3.387,1,1.659,57.501,0.902,0,1,0
1,38.6649,0,10.3051,1,1,0,2,6,13.447,53.07,0,184.548,19.857,12.261,1,29.685,41.914,6.929,1,65.178,57.577,1.017,0,1,0
1,38.6871,0,6.6359,1,1,0,2,2,18.565,58.954,0,150.017,378.14,22.135,1,75.41,128.61,3.97,1,63.969,81.681,10.018,0,1,0
0,28.8808,0,19.0367,1,1,0,0,9,18.5052,57.104,0,158.57,56.879,22.596,1,69.685,6.973,9.887,1,95.085,54.105,0.04,0,1,0
0,33.754,0,13.0998,1,1,0,2,2,18.7457,57.958,0,147.747,11.314,22.156,1,59.147,86.538,8.389,1,69.065,84.826,6.383,0,1,0
0,33.1095,0,18.1372,1,1,1,2,2,12.8727,6.266,0,166.093,179.666,13.888,1,48.697,3.091,9.047,1,53.624,4.73,8.117,0,1,0
0,32.2076,0,14.6714,1,1,0,9,6,16.3923,57.834,0,140.531,12.456,10.295,1,56.994,45.413,9.738,1,11.279,180.954,0.57,0,1,0
1,38.6009,0,10.0449,1,1,1,2,6,13.2281,58.615,0,141.753,229.598,9.116,1,84.631,140.049,3.735,1,0.721,65.878,7.387,0,1,0
1,28.3815,0,19.545,1,1,1,2,6,16.6535,61.826,0,116.532,46.896,33.537,1,59.515,74.793,8.363,1,95.969,58.529,5.822,0,1,0
1,38.1471,0,13.8091,1,1,2,2,2,15.4749,54.619,0,17.143,79.33,22.652,1,8.199,25.528,3.752,1,48.72,4.152,0.187,0,1,0
0,34.1043,0,21.9208,1,1,0,2,6,13.4344,51.124,0,112.843,202.125,30.842,1,49.66,87.701,8.238,1,7.619,266.248,0.877,1,1,0
1,30.287,0,14.9647,0,1,0,2,9,10.0327,59.125,0,89.53,279.376,2.203,1,7.699,140.444,3.259,1,191.521,88.657,0.712,0,1,0
0,40.7098,0,16.5798,1,1,0,2,9,12.3056,79.604,0,44.81,72.297,2.265,1,0.995,16.234,7.682,1,64.775,38.851,0.189,0,1,0
0,48.3734,0,14.8386,1,1,0,3,2,25.2754,54.937,0,176.56,249.334,0.66,1,42.424,57.388,4.506,1,95.772,3.773,0.187,0,1,0
1,30.5709,0,3.3477,1,1,0,2,8,16.1075,48.572,0,134.539,34.395,3.962,1,44.89,144.703,4.104,0,83.121,73.973,1.075,1,1,0
1,38.7441,0,2.3033,1,1,0,2,4,14.8812,51.924,0,74.427,6.057,2.868,1,41.148,84.414,4.112,1,41.639,34.437,0.333,0,0,0
1,29.3028,0,29.677,1,1,2,2,6,12.5088,64.13,0,105.513,240.023,2.752,1,12.545,77.249,9.491,1,92.861,38.076,1.997,0,1,0
0,20.6815,0,12.6057,1,1,0,6,2,12.1468,50.933,0,0.775,21.906,9.189,1,10.354,98.647,3.122,1,85.578,88.323,2.12,0,1,0
0,38.455,0,12.1907,1,1,0,8,2,14.2454,62.954,0,99.108,205.888,19.755,1,44.574,8.953,4.98,1,142.229,56.27,1.179,0,1,0
1,28.6078,0,2.9236,1,1,0,2,7,14.3157,30.956,0,137.418,60.929,23.762,1,88.29,1.2,0.386,1,89.753,2.121,0.077,1,1,1
1,21.2501,0,9.6768,1,1,1,0,2,19.8955,13.013,0,175.024,295.906,22.254,1,1.743,96.22,9.988,1,3.402,53.933,0.575,0,1,0
1,38.7726,0,12.2606,1,1,0,2,3,12.8475,50.653,0,166.388,66.327,0.614,1,48.502,15.019,4.286,1,5.773,80.614,0.526,0,1,0
1,32.0155,0,9.3947,1,1,0,2,6,15.5445,59.637,0,3.839,-88.018,2.282,1,49.319,198.56,3.536,1,9.161,80.743,8.62,1,1,0
0,21.8771,0,19.0843,1,1,0,2,8,16.1957,59.089,0,92.902,6.662,0.66,1,64.858,30.887,9.336,1,0.261,21.463,7.087,1,1,0
1,45.1901,0,0.9133,1,1,0,0,1,18.4152,72.44,0,47.549,27.951,33.922,1,63.176,86.74,3.176,1,73.413,52.17,0.997,0,1,0
0,28.9693,0,13.2683,1,1,2,8,6,16.8963,44.333,0,437.953,764.516,22.186,1,68.369,64.493,6.916,1,47.656,32.872,1.562,0,1,0
1,25.3758,0,17.1046,1,1,1,2,4,18.4446,54.413,0,67.597,8.376,30.941,1,18.492,17.973,5.659,1,18.412,8.929,3.127,0,1,0
0,38.0778,0,16.0467,1,1,2,2,8,12.8216,53.82,0,65.801,28.953,39.968,1,3.296,17.934,3.021,1,67.613,44.825,1.977,0,1,0
1,32.3761,0,10.6021,1,1,1,5,5,11.3523,56.06,2,77.268,80.356,2.092,1,6.299,0.201,9.433,1,27.201,36.07,0.582,1,1,0
1,33.1608,0,14.5074,1,1,0,8,5,15.0155,64.604,0,154.422,42.456,21.993,1,18.694,87.564,4.113,1,111.162,57.236,1.18,0,1,0
1,23.3453,0,10.3705,1,1,1,5,8,11.582,47.803,0,20.032,41.423,30.985,1,49.592,37.585,9.587,1,11.76,64.971,0.172,0,1,0
1,34.4497,0,17.1318,1,1,0,6,2,12.8616,72.862,0,71.816,16.954,30.924,1,8.429,18.936,4.176,1,86.983,7.228,0.007,0,1,0
0,24.109,0,18.9388,1,1,0,6,2,14.4599,57.92,0,81.948,0.063,11.171,1,2.218,9.473,2.084,1,141.603,57.871,0.285,0,1,0
1,28.1439,0,10.088,1,1,0,1,2,10.8125,79.403,0,114.814,536.328,16.73,1,72.311,17.443,4.08,1,73.066,61.122,0.018,0,1,0
1,35.3708,0,10.6687,1,1,1,6,2,10.6465,44.946,0,142.538,596.933,32.942,1,67.2,166.733,9.382,1,45.923,271.55,0.926,0,1,0
1,68.1596,0,19.9107,1,1,0,6,6,16.6794,47.954,0,113.663,114.332,23.106,1,48.935,82.682,3.685,1,9.287,73.375,9.257,0,1,0
1,32.3555,0,0.0781,0,1,1,4,2,24.4717,57.024,0,177.701,21.815,38.726,1,11.78,77.965,2.379,1,30.723,7.978,0.177,0,1,0
0,33.84,0,10.1086,1,1,0,2,2,12.0967,79.931,0,94.3,45.842,2.752,1,6.752,10.719,2.386,1,193.314,23.876,2.992,0,1,0
1,34.1858,0,13.9307,1,1,1,8,2,10.4281,96.154,0,141.32,40.318,29.152,1,72.647,10.964,3.535,1,114.72,168.528,0.962,0,1,0
1,43.4407,0,14.0701,1,1,0,2,6,16.4622,73.744,0,23.448,113.824,2.652,1,7.312,134.303,3.286,1,5.917,20.213,5.063,0,1,0
1,28.644,0,10.0705,1,1,1,6,8,13.4164,79.697,0,178.419,145.378,24.016,1,1.119,50.516,2.232,1,69.757,61.557,0.547,0,1,0
1,33.6566,0,0.6088,1,1,0,2,6,15.4214,57.543,0,153.693,25.546,31.334,1,60.592,16.99,7.946,1,43.08,70.503,0.477,0,1,0
0,30.7605,0,10.825,1,1,0,8,8,10.8231,9.04,0,149.629,28.512,13.044,1,59.411,73.744,3.949,1,18.051,88.171,0.914,0,0,0
1,38.0741,0,0.6586,1,1,0,0,5,15.3346,33.294,0,153.841,695.415,34.284,1,42.999,0.511,0.389,1,0.206,57.951,0.576,0,1,0
1,34.0415,0,13.1026,1,1,1,2,3,25.4607,87.18,0,127.412,432.06,36.242,1,60.017,91.337,3.385,1,40.363,6.871,0.262,0,1,0
0,18.3852,0,6.5673,1,1,1,2,8,25.4421,47.915,0,18.53,218.865,6.068,1,79.616,16.233,9.362,1,99.096,53.068,0.678,0,1,0
1,38.4416,0,4.8713,0,1,0,4,7,16.8445,58.95,2,0.713,29.453,2.289,1,68.415,72.462,3.629,1,91.176,49.529,3.028,0,1,0
1,21.4906,0,10.9055,1,1,0,2,6,11.8396,97.614,0,150.808,46.676,7.136,1,53.479,73.494,4.914,1,17.223,47.495,0.287,1,1,0
0,34.1308,0,9.6352,1,1,0,0,1,12.5198,56.535,0,36.882,11.993,7.161,1,67.611,10.99,1.721,1,41.342,2.053,0.835,0,0,0
1,39.4848,0,12.3753,1,1,0,0,8,16.2786,42.624,0,117.915,135.498,9.15,1,8.055,72.903,3.363,1,106.721,51.521,21.077,0,1,0
1,38.1875,0,17.4784,1,1,0,6,6,18.5089,55.314,0,136.842,216.912,29.476,1,4.594,57.664,4.28,1,1.47,85.554,1.575,0,1,0
1,48.6856,0,12.6001,1,1,1,6,9,18.6547,78.254,0,190.655,147.304,21.944,1,58.153,95.404,2.447,1,67.66,94.531,0.076,0,1,0
1,36.1578,0,11.9626,1,1,0,1,2,13.4244,56.826,0,74.143,11.915,10.432,1,47.083,81.4,6.279,1,61.221,58.612,20.26,0,1,0
0,28.84,0,10.4107,1,1,0,2,1,19.5757,44.643,0,158.315,92.009,12.295,1,69.684,63.434,1.325,1,5.469,74.17,0.817,0,1,0
1,30.8778,0,19.6387,1,1,0,2,2,16.6107,56.514,0,124.848,237.657,6.652,1,47.058,25.059,3.64,1,10.093,78.579,6.187,0,0,0
0,28.1857,0,19.7093,1,1,2,2,2,13.1241,51.745,0,144.518,15.811,3.174,1,4.713,23.918,0.228,1,9.661,44.623,25.072,0,1,0
0,34.4615,0,13.8337,1,1,0,9,2,19.5425,92.946,3,8.508,210.472,4.04,1,41.327,2.23,6.929,1,65.729,54.922,0.698,0,0,0
1,28.1159,0,7.0727,0,1,0,2,4,15.9787,46.827,0,129.486,147.068,2.287,1,63.983,28.861,12.601,1,85.172,32.826,0.737,0,1,0
1,28.1805,0,17.7133,1,1,0,4,2,19.5151,66.053,0,33.609,185.38,0.297,1,59.321,25.483,4.623,1,0.269,77.878,1.015,1,1,0
1,38.1626,0,14.9557,1,1,0,2,9,10.5141,54.829,0,72.615,65.596,9.293,1,39.432,56.233,8.946,1,143.385,1.853,0.925,0,1,0
1,34.8001,0,11.6421,1,1,0,0,2,18.0857,46.363,0,84.193,96.32,19.244,1,99.201,10.41,3.316,1,41.118,31.43,0.376,0,0,0
1,28.104,0,10.6517,1,1,1,6,3,16.9622,59.651,0,107.358,7.054,29.674,1,48.865,4.133,4.121,1,92.003,73.961,4.915,0,1,0
1,30.4015,0,12.0023,1,1,0,2,5,17.002,48.33,2,178.61,75.213,2.225,1,71.668,31.809,8.338,1,1.222,16.187,1.138,0,1,0
0,36.7502,0,18.6103,1,1,0,2,4,19.4587,54.853,0,184.526,-16.326,22.784,1,17.315,91.518,2.362,1,60.269,83.728,0.632,0,1,0
1,28.1808,0,10.1647,1,1,0,6,2,17.5481,54.141,0,19.508,47.221,4.068,1,2.033,97.044,0.945,1,87.731,18.821,0.121,0,1,0
1,39.1628,0,13.1001,1,1,0,6,2,18.6635,53.638,0,54.248,179.456,2.29,1,64.498,147.787,3.921,1,7.826,11.776,1.151,0,1,0
1,20.9959,0,16.6628,1,1,0,4,2,16.4621,57.206,0,2.683,19.008,29.79,1,65.61,17.478,3.656,1,165.16,90.176,0.121,0,1,0
1,38.779,0,7.5707,1,1,0,0,1,16.3593,86.053,0,73.088,6.742,0.182,1,59.112,48.591,0.592,1,62.229,71.958,13.179,0,0,0
1,30.378,0,7.5601,1,1,2,0,2,15.5996,50.926,0,136.801,201.305,4.098,1,60.809,20.554,8.04,1,70.321,65.973,5.973,1,1,0
1,28.2737,0,11.0093,1,1,0,2,2,10.8459,51.114,0,22.772,5.056,29.014,1,41.018,82.213,8.91,1,119.123,44.326,7.979,1,0,0
0,26.7793,0,12.7104,1,1,0,2,6,15.0727,50.563,0,79.525,202.454,18.533,1,48.021,70.236,4.137,1,93.165,44.875,0.721,0,1,0
1,30.3706,0,12.4933,1,1,0,2,6,13.9497,35.843,0,48.393,129.375,0.762,1,33.644,50.979,9.769,1,2.329,29.462,0.631,0,1,0
1,28.97,0,11.2684,1,1,1,2,6,18.5201,54.928,0,145.802,40.89,3.226,1,41.938,48.587,9.771,1,35.138,77.556,21.077,0,1,0
1,38.1609,0,18.4867,1,1,0,2,2,11.1181,59.268,0,122.575,279.05,21.316,1,48.669,17.982,9.289,1,99.173,6.471,0.462,0,1,0
0,37.4649,0,12.3555,1,1,0,2,2,12.5451,12.691,0,17.464,22.39,6.609,1,8.634,16.041,4.9,1,149.962,34.913,0.549,0,1,0
0,26.0531,0,14.9361,1,1,0,2,2,15.4143,54.015,0,5.003,70.305,33.217,1,39.987,145.593,3.064,1,45.269,37.373,1.141,0,1,0
0,34.3916,0,6.1257,1,1,0,2,2,17.466,51.868,0,74.59,6.339,23.394,1,58.582,40.863,9.3,1,66.573,89.025,0.072,1,1,0
0,35.474,0,15.1304,1,1,0,4,2,15.9587,28.014,0,115.323,236.452,2.218,1,8.965,46.281,9.758,1,93.563,16.172,0.077,1,1,0
0,24.6201,0,14.4742,1,1,0,2,8,15.6143,58.83,0,140.437,17.66,21.925,1,12.395,16.299,2.669,1,29.145,1.977,13.977,0,1,1
1,28.8571,0,9.1631,1,1,0,2,2,15.4667,54.518,0,92.693,16.053,22.409,1,12.995,172.993,0.738,1,98.018,79.727,5.272,0,1,0
0,30.5571,0,17.9257,1,1,0,2,1,13.2147,41.95,0,141.187,194.899,2.256,1,68.692,23.403,3.751,1,83.149,11.575,0.11,0,1,0
1,30.0655,0,19.7387,1,1,0,2,8,16.528,50.036,0,60.743,285.46,34.818,1,18.822,67.744,9.925,1,1.834,81.726,10.257,0,1,0
0,28.4078,0,18.3218,1,1,0,8,1,15.8033,52.838,0,70.422,-78.356,34.751,1,47.964,98.49,4.322,1,92.356,57.561,8.478,0,1,0
1,28.0628,0,13.3907,1,1,0,2,6,17.8637,52.916,0,49.522,49.35,29.966,1,2.894,62.453,3.524,1,59.96,94.855,1.27,0,0,0
1,34.6064,0,10.9651,1,1,0,2,2,15.8893,50.493,0,143.627,11.724,29.062,1,101.699,88.679,3.031,1,3.264,101.446,0.167,0,1,0
1,38.8058,0,3.5008,1,1,2,2,7,14.6927,52.943,0,71.348,79.314,0.178,1,2.066,88.334,3.783,1,37.051,73.792,1.167,0,1,0
1,24.4006,0,15.5694,1,1,0,2,6,18.3797,81.943,0,0.929,76.697,16.932,1,40.289,94.235,3.649,1,9.862,86.176,0.73,0,1,0
1,22.4372,0,29.8162,1,1,0,2,5,22.2421,48.865,0,126.518,25.911,29.612,1,1.114,0.173,3.529,1,74.751,66.74,0.047,0,1,0
0,31.5374,0,1.831,1,1,1,2,2,10.6139,56.895,0,74.347,59.966,0.96,1,42.382,8.281,9.048,1,61.601,21.848,0.382,0,1,0
1,28.3721,0,17.3703,1,1,0,2,2,14.0691,59.994,0,50.857,37.98,35.698,1,5.084,40.515,3.384,1,66.957,94.965,0.646,0,1,0
1,28.0585,0,18.6917,1,1,1,2,7,10.4185,56.245,0,17.195,3.617,5.891,1,72.439,145.559,9.319,1,42.524,10.993,2.046,1,1,0
1,38.1455,0,19.748,1,1,0,2,2,18.5867,0.964,0,190.803,3.424,30.517,1,52.159,170.55,4.121,1,11.028,5.129,4.284,0,1,0
1,30.1346,0,10.4919,1,1,0,11,5,16.4413,10.275,0,78.367,81.822,20.409,1,49.01,6.453,4.201,1,98.176,69.541,2.203,0,1,0
1,30.7591,0,18.1047,1,1,1,2,7,12.6254,37.953,0,70.581,213.491,2.262,1,41.888,96.529,5.327,1,23.366,84.442,8.055,0,1,0
1,27.1593,0,6.1106,1,1,0,2,1,15.1495,55.326,0,140.543,75.326,30.135,1,63.456,84.044,2.11,1,75.121,61.35,2.97,0,1,0
0,22.405,0,10.2378,0,1,0,2,8,15.9363,52.635,0,132.584,14.204,30.284,1,41.983,16.136,2.326,1,110.614,95.077,0.122,1,1,0
0,36.9005,0,17.7785,1,1,0,1,2,10.572,19.203,0,164.805,55.495,33.005,1,73.185,97.077,1.88,1,65.761,19.862,0.673,0,1,0
1,39.8004,0,9.4743,1,1,1,6,8,10.8304,87.057,0,121.438,14.118,0.769,1,34.063,86.784,2.332,1,3.32,8.276,1.508,0,1,0
1,23.7613,0,16.4383,1,1,0,5,2,11.3475,59.843,0,42.522,10.473,6.062,1,69.944,17.491,3.109,1,9.77,26.88,2.13,0,1,0
0,38.8206,0,13.2294,1,1,0,2,6,11.9211,68.249,0,144.908,27.473,1.452,1,55.435,44.81,4.852,1,93.269,12.07,3.207,0,1,0
1,23.6455,0,8.5199,1,1,0,6,9,18.6794,57.333,0,124.261,77.407,6.098,1,43.882,46.538,0.321,1,65.103,43.524,1.133,0,1,0
1,31.7094,0,6.03,1,1,1,4,2,19.434,59.902,0,15.512,366.445,0.273,1,59.446,17.213,0.388,1,2.666,1.677,0.823,0,1,0
1,30.6578,0,17.2077,1,1,0,2,2,11.4452,51.266,0,122.183,42.467,32.271,1,70.167,68.951,4.302,1,45.219,81.021,2.263,0,1,0
0,34.3738,0,24.6538,1,1,0,2,2,15.4201,42.064,0,142.859,4.376,12.348,1,14.516,60.493,3.619,1,11.451,78.429,1.918,0,1,1
1,33.4413,0,18.804,1,1,0,2,2,16.0867,15.065,0,117.475,206.353,2.198,1,138.324,54.219,2.419,1,5.933,79.354,0.58,0,0,0
1,21.741,0,14.9741,1,1,0,8,2,16.932,51.828,0,65.013,46.956,30.465,1,43.019,45.003,3.246,1,13.515,22.327,0.077,0,1,0
1,34.3648,0,13.197,1,1,0,2,8,13.3556,50.983,0,122.482,80.498,27.918,1,66.045,18.734,9.789,2,0.102,51.247,0.184,1,1,0
1,38.7512,0,28.4009,1,1,0,2,2,15.7996,44.823,0,5.087,8.809,0.375,1,49.423,8.099,4.735,1,63.261,98.12,2.713,0,0,0
1,35.9256,0,15.904,1,1,1,5,6,19.3784,56.27,0,132.425,87.477,33.22,1,17.098,217.508,3.357,1,0.901,83.825,0.052,0,1,0
1,20.7893,0,4.7063,1,1,0,2,2,19.1634,70.466,0,76.328,28.543,4.76,1,31.817,14.063,2.41,1,96.901,74.876,0.272,0,1,0
1,28.0542,0,19.3457,1,1,0,6,6,12.4406,54.995,0,155.103,236.843,2.314,1,59.685,81.843,8.341,1,0.16,98.257,4.517,0,1,0
0,30.1208,0,3.5003,1,1,1,3,2,15.1168,59.824,0,47.788,42.413,2.384,1,41.1,143.051,7.086,1,71.121,94.558,0.08,0,1,0
1,35.8573,0,19.3939,1,1,0,0,6,16.8713,50.117,0,130.808,197.034,26.922,1,49.274,65.969,3.859,1,60.351,68.121,1.814,0,0,0
1,25.6176,0,17.48,1,1,0,2,2,15.625,42.495,0,74.532,10.351,36.474,1,37.355,69.931,0.222,1,25.243,53.191,9.643,0,0,0
1,28.107,0,10.2243,1,1,0,7,6,18.0355,49.9,0,101.052,126.497,29.915,1,19.111,17.483,3.221,1,3.227,85.871,1.157,0,1,0
0,38.473,0,12.9037,1,1,2,8,4,11.4197,59.811,0,144.405,89.926,32.708,1,41.694,62.364,1.735,1,93.889,54.401,4.02,0,1,0
1,20.1039,0,18.9901,1,1,0,2,2,12.5394,79.557,0,2.073,12.702,1.578,1,192.014,48.633,5.262,0,41.229,361.436,0.242,0,1,0
1,36.4768,0,5.6681,1,1,0,2,6,18.7982,39.017,0,161.653,60.353,0.952,1,58.454,10.513,3.097,1,90.923,12.18,0.647,0,1,0
0,34.6023,0,19.1991,1,1,2,2,2,12.5367,44.603,0,150.795,760.355,1.21,1,41.798,55.699,2.339,1,100.123,64.771,1.083,1,0,0
0,35.0585,0,20.7901,1,1,0,2,4,12.1554,54.414,0,158.835,149.185,9.124,1,61.715,17.99,3.787,1,1.128,73.951,1.468,0,1,0
1,35.9726,0,10.6687,1,1,1,6,7,18.5745,58.575,0,6.189,165.162,30.465,1,74.943,64.003,9.94,1,91.014,72.772,0.245,0,1,0
1,28.1041,0,14.1778,0,1,1,0,4,12.5225,55.816,0,135.031,203.297,27.31,1,18.203,84.64,2.388,1,141.259,89.228,1.322,0,1,0
0,36.3776,0,3.9381,1,1,1,2,4,10.0199,95.897,0,7.642,18.182,26.996,1,64.11,17.79,0.1,1,11.661,7.275,0.922,1,1,0
1,39.0077,0,13.6217,1,1,0,1,1,19.5736,84.207,0,115.88,27.314,31.352,1,39.099,103.234,7.282,1,99.636,69.75,4.053,0,1,0
0,35.6373,0,13.9964,0,1,0,2,8,14.8411,51.028,0,118.501,221.373,4.7,1,92.599,119.446,8.338,1,91.963,76.954,1.107,0,1,0
0,38.4205,0,12.5607,1,1,0,2,8,15.2141,19.406,0,140.111,88.304,23.592,1,241.393,18.418,3.388,1,7.326,81.128,0.556,0,1,0
1,14.9743,1,11.9097,1,1,0,1,1,14.5524,29.065,0,2.753,47.476,19.902,1,68.855,38.512,9.991,1,42.2,74.572,1.127,0,0,0
1,38.1033,0,11.9723,1,1,1,2,2,13.7351,58.904,0,155.098,5.349,22.295,1,2.483,46.003,13.969,1,89.123,37.275,3.781,0,1,0
1,40.6751,0,10.0043,1,1,1,2,4,17.7241,87.024,0,5.42,8.434,20.186,1,59.102,75.738,8.368,1,11.753,6.321,1.812,0,1,0
1,24.442,0,3.4666,1,1,0,6,8,16.4227,58.91,0,171.784,48.348,33.899,1,8.921,27.614,4.948,1,95.722,10.85,0.797,0,0,0
1,38.1029,0,10.9733,1,1,0,2,6,15.58,52.933,0,140.494,217.321,39.4,1,0.219,50.211,4.923,1,65.515,50.27,1.072,1,1,0
1,28.1879,0,10.0508,1,1,2,4,2,27.0859,66.328,0,147.118,21.38,89.964,1,57.762,82.488,9.987,1,61.194,25.577,0.763,0,1,0
1,21.1579,0,10.9288,1,1,0,2,6,15.4227,51.219,0,169.545,62.475,2.374,1,49.433,52.593,23.116,1,1.273,53.748,0.033,0,1,0
1,38.3091,0,18.2373,1,1,1,0,6,12.1781,43.913,0,5.582,42.326,21.668,1,1.166,36.003,4.268,1,113.955,39.805,0.92,0,1,0
1,14.5898,0,11.1004,1,1,0,2,2,16.6002,65.314,0,70.543,8.346,20.962,0,19.522,87.75,4.449,1,31.017,82.526,1.972,0,1,0
1,33.0292,0,11.0263,1,1,0,2,2,16.5489,57.557,0,63.463,417.92,21.114,1,33.013,29.675,1.366,1,18.014,81.976,0.672,0,1,0
0,33.6088,0,10.7509,1,1,1,2,8,16.5024,57.005,0,79.697,277.342,20.723,1,6.211,13.513,3.14,1,65.303,64.348,1.012,0,1,0
0,30.6832,0,15.8444,1,1,0,2,5,12.8465,54.643,0,113.558,241.358,31.755,1,13.245,101.653,7.949,1,66.008,15.742,1.077,0,1,1
1,31.3252,0,10.2903,1,1,0,5,5,18.3947,50.725,0,22.826,212.999,6.144,1,11.298,25.983,6.932,1,82.164,76.981,7.07,0,1,0
1,39.6203,0,0.8909,1,1,1,2,2,16.4115,54.843,0,117.086,311.25,39.006,1,2.484,14.804,1.928,1,155.332,51.963,0.602,0,1,0
1,38.114,0,11.9103,1,1,0,2,1,12.8945,56.513,0,179.584,96.362,3.752,1,52.798,50.222,3.564,1,35.169,51.937,3.172,0,0,0
0,24.375,0,10.9661,1,1,0,1,5,18.5085,53.083,0,59.542,260.212,13.68,1,38.374,23.914,6.386,1,141.476,4.957,0.574,0,1,0
1,48.3056,0,7.1099,1,1,1,2,8,19.4362,77.143,0,10.58,236.565,23.228,1,98.67,17.362,3.649,1,61.115,78.751,0.562,0,1,0
0,38.0498,0,10.9748,1,1,0,16,2,10.6847,56.933,0,162.844,10.873,39.802,1,2.426,121.936,9.822,1,105.119,84.355,4.072,0,1,0
1,29.9408,0,0.6665,1,1,2,12,6,15.8176,52.445,0,74.582,14.759,21.482,1,3.403,44.243,2.529,1,2.969,71.226,1.82,0,1,1
0,28.087,0,12.5575,1,1,0,2,4,14.4356,54.934,0,3.808,74.673,6.905,1,8.22,10.579,10.385,1,73.836,71.35,1.502,0,1,0
1,32.8558,0,10.6388,0,1,0,2,3,15.8708,51.553,0,4.017,46.002,3.492,1,48.638,60.761,4.38,1,8.122,64.77,0.079,0,1,0
1,44.3001,0,11.234,1,1,0,2,2,15.5904,49.022,0,36.615,22.306,3.102,1,62.626,9.677,2.974,1,30.886,50.102,1.23,0,0,0
1,20.4857,0,10.8563,1,1,0,2,1,15.5592,79.84,0,234.242,-76.812,22.364,1,11.095,16.943,3.859,1,149.963,18.562,1.217,0,1,0
1,38.6858,0,11.6397,1,1,0,2,4,19.8611,10.647,0,102.576,227.828,2.17,1,38.132,82.691,19.383,1,93.828,90.626,1.12,0,1,0
0,48.4047,0,11.6438,1,1,1,2,6,13.2193,39.72,0,78.582,3.354,20.975,1,68.225,47.505,9.976,0,13.245,58.352,1.797,0,1,0
1,30.7855,0,12.0097,1,1,0,1,8,15.9621,51.339,2,15.407,48.822,6.414,1,59.342,12.448,6.781,1,70.12,80.12,0.182,0,1,0
0,27.1379,0,12.3977,1,1,0,8,8,15.4895,62.013,0,171.831,599.896,29.366,1,2.862,80.782,5.309,1,7.069,73.561,1.165,0,1,0
1,31.2758,0,17.5683,1,1,0,2,6,12.4344,48.845,0,8.813,42.728,42.885,1,16.423,1.684,8.01,1,161.762,88.377,0.955,1,1,0
0,28.7726,0,11.4703,1,1,0,4,2,13.4106,8.853,0,71.812,4.357,3.442,1,7.121,17.464,6.31,1,90.369,34.84,0.675,1,1,0
1,30.9051,0,9.3083,1,1,0,1,8,17.5724,46.436,0,12.318,35.814,36.066,1,77.742,17.695,7.889,1,4.941,90.92,0.677,0,1,0
0,38.8066,0,13.3915,1,1,0,1,2,16.4607,57.939,0,144.493,707.309,31.967,1,44.445,78.643,5.017,1,25.06,76.87,9.554,1,1,0
0,30.7575,0,15.6624,1,1,0,2,8,10.3123,59.409,0,80.438,60.32,8.295,1,43.34,4.74,9.116,1,65.579,91.45,0.178,0,1,0
0,38.3,0,1.0099,1,1,0,2,2,19.5711,52.911,0,175.989,69.476,33.915,1,58.151,2.987,3.94,1,75.129,98.629,0.877,0,1,0
0,20.979,0,12.3317,0,1,0,2,2,11.4439,81.85,0,110.361,16.303,36.765,1,18.011,23.403,0.918,1,1.727,17.52,0.561,0,0,0
0,24.4863,0,18.2023,1,1,2,2,8,15.6627,66.419,0,135.514,249.414,30.165,1,47.404,41.992,3.66,1,12.098,58.955,0.102,0,0,0
1,30.587,0,14.3086,1,1,0,8,7,14.3109,59.126,0,103.409,59.365,33.452,1,1.118,7.753,3.68,1,81.508,166.726,0.412,0,1,0
1,34.1407,0,12.2248,1,1,0,2,7,16.4694,56.874,0,137.02,14.066,26.671,1,17.98,66.787,0.048,1,90.25,78.178,25.113,1,0,0
1,25.0409,0,19.9429,1,1,1,2,6,15.4327,58.045,0,48.832,130.742,31.662,1,57.312,5.449,4.931,1,51.537,8.045,0.136,0,1,0
1,24.1925,0,10.5674,1,1,0,2,6,11.9697,59.873,0,133.73,60.392,0.984,1,49.626,6.434,0.023,1,18.583,68.983,0.2,0,1,0
1,20.377,0,13.8274,1,1,0,2,2,13.4137,57.066,0,14.659,149.366,33.772,1,47.026,70.56,6.325,1,11.82,75.161,1.877,0,1,0
0,35.3298,0,9.66,1,1,1,2,4,16.564,59.535,0,80.955,78.375,16.939,1,45.984,46.934,2.231,1,68.922,85.174,0.27,0,1,0
1,37.9863,0,21.8327,1,1,1,2,6,12.5627,49.99,0,156.046,246.135,39.189,1,40.18,15.977,9.688,1,31.211,21.282,5.877,0,1,0
1,38.8452,0,18.6204,1,1,0,8,2,16.2071,59.353,0,65.26,121.388,21.102,1,32.819,50.265,3.105,1,33.561,88.979,0.018,0,1,0
0,32.523,0,28.0079,1,1,0,2,6,29.0122,49.921,0,125.193,48.974,26.517,1,71.384,96.034,2.282,1,90.206,71.956,0.554,0,1,0
1,38.6028,0,2.9049,1,1,0,2,2,12.047,64.998,0,170.712,40.578,20.286,1,11.069,20.503,0.158,1,111.062,75.438,0.964,0,1,0
1,21.0873,0,16.2914,1,1,0,6,8,10.4196,56.194,0,65.586,123.76,9.222,1,38.229,92.913,6.532,1,99.991,260.728,0.96,0,1,0
0,38.3349,0,19.9301,1,1,0,2,4,16.4001,67.977,1,51.073,267.554,19.43,1,98.627,1.0,17.717,1,167.502,58.721,0.688,0,1,0
1,23.8311,0,10.8357,1,1,0,2,9,13.8994,28.469,0,125.898,316.822,29.733,1,87.274,7.563,32.129,1,61.731,21.563,0.532,0,1,0
1,38.362,0,17.8727,1,1,0,2,9,18.3125,54.92,0,4.212,11.426,19.458,1,52.041,74.545,8.319,1,31.751,98.27,6.262,0,1,0
0,40.1078,0,5.0603,1,1,0,2,4,11.5854,59.663,0,112.69,27.859,0.55,1,5.719,49.245,6.789,1,6.229,77.85,4.772,0,1,0
1,34.6079,0,0.1071,1,1,1,8,5,16.4656,39.926,0,10.09,11.885,33.224,1,6.344,78.763,1.984,1,60.31,257.808,0.082,0,1,0
1,30.6258,0,3.3941,1,1,0,2,8,15.7647,53.014,0,165.284,660.093,10.892,1,2.695,83.986,7.916,1,35.963,61.358,0.901,0,1,0
1,38.8154,0,17.3214,1,1,0,2,6,24.1146,49.823,0,49.819,49.474,17.222,1,79.457,12.222,4.02,1,13.528,65.775,9.292,0,1,0
0,32.005,0,17.1013,1,1,1,2,6,20.1491,56.967,0,110.549,18.754,29.212,1,48.524,148.954,8.668,1,269.165,23.981,0.836,0,0,0
1,24.8551,0,0.5767,1,1,2,8,2,15.9743,50.03,0,113.802,-6.822,30.991,1,47.399,17.733,4.279,1,82.92,53.052,8.017,0,0,0
0,28.26,0,10.165,1,1,0,2,2,12.5442,9.54,0,115.41,25.528,1.91,1,61.819,70.473,8.739,1,2.523,16.857,1.913,0,1,0
1,31.1546,0,14.6817,1,1,1,2,6,14.5526,51.845,0,183.812,49.996,6.754,1,1.221,141.973,3.692,1,60.153,9.908,1.912,0,0,0
0,28.3008,0,8.4548,1,1,0,2,4,14.6244,53.813,0,59.796,41.394,39.555,1,48.118,84.441,3.822,1,43.624,15.421,0.058,0,1,0
0,38.3009,0,10.7093,1,1,0,2,6,10.811,89.953,0,161.008,9.89,9.359,1,5.76,96.034,8.369,1,19.311,17.35,2.772,1,1,0
1,28.3495,0,19.5237,1,1,0,6,2,16.8491,44.534,0,144.345,537.328,31.072,1,40.464,41.538,6.68,1,13.393,81.145,8.28,0,1,0
1,38.0502,0,0.9373,1,1,0,10,2,18.8916,64.247,0,157.883,97.475,39.768,1,82.632,7.491,3.338,1,61.425,4.317,0.977,0,1,0
1,31.4341,0,19.3318,1,1,2,4,2,16.412,54.753,0,196.079,99.375,0.019,1,43.491,71.044,3.305,1,9.766,85.965,0.626,0,1,0
1,38.8097,0,17.9509,1,1,0,2,6,18.7177,48.827,0,147.395,795.051,23.941,1,38.386,50.953,7.088,1,2.761,81.551,2.18,0,0,0
1,20.121,0,12.8811,1,1,1,8,8,16.4244,52.901,0,142.055,63.475,34.958,1,1.001,17.994,9.128,1,0.78,53.354,0.578,0,1,0
1,28.4877,0,2.5583,0,1,1,1,6,8.525,54.659,0,77.434,19.891,0.398,1,6.306,54.456,4.385,1,86.979,39.103,0.997,0,1,0
0,30.3708,0,3.5163,1,1,0,6,2,14.544,48.293,0,144.753,29.31,22.065,1,59.444,22.55,9.339,1,90.921,85.77,1.034,0,0,0
1,37.869,0,17.2011,1,1,2,6,6,15.4644,17.238,0,2.812,249.71,29.892,1,41.409,43.201,3.98,1,114.138,63.161,0.903,0,1,0
0,32.657,0,28.9087,1,1,0,2,1,15.3927,50.966,0,171.182,14.098,21.052,1,18.051,6.212,2.324,1,109.166,60.334,9.027,1,1,0
1,33.002,0,19.3743,0,1,1,8,5,10.5217,54.859,0,149.522,58.856,3.991,1,0.547,93.414,2.262,1,4.769,8.943,10.51,0,1,0
1,28.057,0,14.5081,1,1,1,2,2,15.4124,87.864,0,110.575,80.603,2.122,1,34.113,67.136,7.629,1,31.245,61.831,1.277,0,1,0
1,38.0705,0,4.1053,1,1,2,2,6,16.689,52.59,1,125.415,105.372,0.229,1,8.865,114.224,7.983,1,72.23,88.277,0.997,1,1,1
1,30.4071,0,0.1308,0,1,0,2,2,32.4804,94.801,0,30.855,264.326,0.667,1,49.783,66.959,7.085,1,91.782,0.537,0.573,0,1,0
0,38.3735,0,19.9353,1,1,0,9,9,18.164,55.869,0,140.535,579.388,3.384,1,49.011,1.951,7.92,1,1.76,67.073,0.08,0,1,0
0,38.7712,0,12.4847,1,1,0,2,2,15.5623,49.422,0,144.81,98.877,2.899,1,17.493,157.01,4.732,1,11.6,34.859,0.292,0,1,0
1,21.8878,0,3.9634,1,1,0,0,2,20.4801,52.949,0,70.291,7.423,9.155,1,47.008,17.094,0.683,1,192.161,290.331,0.272,0,0,0
1,28.3765,0,4.167,1,1,0,2,6,18.6624,1.763,0,179.096,27.164,33.215,1,62.095,66.078,0.62,1,84.571,56.399,1.719,0,1,0
1,34.3896,0,3.6353,1,1,2,5,2,15.5499,54.244,2,64.685,67.856,0.255,1,51.629,87.976,4.484,1,20.764,12.91,6.873,0,0,0
0,38.3009,0,17.3729,1,1,0,2,2,14.5847,54.936,0,9.583,146.465,19.661,1,66.186,17.212,10.275,1,66.233,84.875,2.012,0,1,0
1,38.8466,0,10.1083,1,1,0,5,9,12.4125,58.94,0,10.063,40.442,32.967,1,2.919,67.49,2.347,1,70.261,32.871,1.789,0,0,0
1,38.193,0,17.9421,1,1,0,2,6,21.6197,52.553,0,137.945,41.154,2.854,1,8.159,2.964,9.308,1,43.311,35.479,8.949,1,1,0
1,31.6883,0,10.4133,1,1,2,2,8,14.8949,56.431,0,56.89,246.432,20.144,1,8.202,98.433,4.98,1,11.164,32.423,8.697,0,1,0
1,33.6058,0,2.8397,1,1,0,12,6,18.8991,51.948,3,141.068,9.353,12.274,1,8.515,5.134,4.609,1,64.219,53.161,0.177,0,1,1
1,38.107,0,23.1331,1,1,0,1,6,26.8404,59.97,0,73.717,43.885,6.728,1,4.604,108.613,3.989,1,71.123,14.375,1.031,0,1,0
1,21.0917,0,3.6769,1,1,1,2,6,17.411,41.445,0,114.738,121.453,23.114,1,31.177,31.833,3.852,1,83.243,79.016,44.573,0,1,0
0,38.9008,0,10.6513,1,1,0,10,9,14.8222,54.049,0,40.612,96.886,28.532,0,48.593,152.473,3.961,1,14.45,33.779,0.078,0,0,0
1,28.6414,0,10.9517,1,1,0,6,1,16.8006,47.604,0,114.233,91.358,26.417,1,49.625,36.977,86.92,1,90.083,88.526,0.2,1,0,0
0,24.1655,0,11.9018,1,1,0,2,6,15.864,44.14,0,165.493,38.4,22.654,1,69.264,40.682,0.586,1,5.267,28.353,1.542,0,0,0
0,33.6456,0,19.9083,1,1,0,12,2,15.8611,51.259,0,146.843,14.944,33.462,1,6.665,91.843,4.517,1,0.269,78.332,0.417,0,0,0
0,34.9375,0,10.3301,1,1,0,2,2,14.4997,52.02,0,119.787,94.704,29.29,1,17.323,78.96,9.38,1,1.264,54.671,0.388,0,1,0
1,38.5888,0,13.0289,1,1,0,2,2,12.8002,88.854,0,130.758,38.428,20.252,1,62.094,27.404,3.782,1,0.42,63.325,0.265,0,1,0
1,36.4818,0,3.6104,1,1,0,1,6,16.4752,40.824,0,24.157,-77.812,32.208,1,49.397,66.973,4.322,1,29.903,303.146,0.677,0,1,0
1,45.938,0,1.0376,0,1,0,3,3,11.8426,38.72,0,49.559,111.388,3.433,1,2.115,42.044,9.25,1,12.264,73.873,1.082,0,0,0
1,34.151,0,12.3059,1,1,2,2,2,10.3429,46.967,0,164.17,54.359,6.15,1,8.844,66.963,4.531,1,142.225,72.824,0.284,0,1,0
0,38.777,0,19.7488,1,1,0,2,2,10.7924,74.744,0,72.082,8.4,29.285,1,48.046,54.0,4.259,1,209.62,58.172,0.803,0,1,0
1,38.1773,0,0.5796,1,1,1,2,8,17.066,45.57,0,136.24,101.394,2.182,1,59.152,89.57,3.909,1,21.221,81.571,0.287,0,1,0
1,23.1078,0,8.9076,1,1,0,2,2,19.2251,18.603,0,171.343,210.756,6.201,1,8.208,70.523,3.949,1,241.169,39.655,5.623,0,1,0
1,28.1562,0,16.6023,1,1,1,4,2,10.4476,12.82,0,103.218,7.347,8.665,1,8.025,56.555,3.688,1,25.162,53.07,9.074,0,1,0
1,38.6837,0,14.9394,1,1,0,2,8,14.825,57.953,0,60.016,21.813,27.115,1,43.225,6.175,5.93,2,66.791,74.625,2.074,0,0,0
1,38.806,0,18.6096,1,1,0,12,2,18.1458,56.825,0,141.917,219.853,2.157,1,0.238,47.384,4.959,1,62.501,4.981,0.716,0,1,0
1,30.276,0,10.3102,1,1,0,2,1,16.8949,59.934,0,64.738,6.458,30.12,1,67.319,5.147,9.02,1,2.669,371.324,0.773,0,1,0
1,37.1635,0,12.0144,1,1,0,2,3,18.8891,59.094,0,31.003,128.856,14.253,1,57.395,76.543,2.512,1,73.413,89.976,8.741,0,1,0
1,20.8271,0,11.0027,1,1,0,2,2,29.51,35.155,0,130.753,282.582,31.135,1,9.331,13.635,4.214,1,67.174,4.971,5.069,0,1,0
1,38.5891,0,1.2766,1,1,1,6,2,16.5786,68.93,0,122.514,13.866,33.202,1,8.764,84.963,3.308,1,82.594,95.737,2.205,0,0,0
0,23.1341,0,4.8562,1,1,1,7,2,13.6556,74.443,0,74.197,115.012,19.752,1,41.451,46.993,1.305,1,31.119,78.276,0.075,0,1,0
1,20.3076,0,17.54,1,1,2,4,6,19.7791,58.703,0,116.212,16.492,2.422,1,49.495,9.41,8.348,1,109.969,57.825,1.327,0,1,1
0,68.6298,0,18.6459,1,1,0,6,1,16.2417,67.88,2,108.023,-64.873,6.262,1,93.182,6.523,3.562,1,113.383,46.777,0.17,0,0,0
1,38.8721,0,10.5,1,1,0,1,7,13.5654,38.867,0,24.81,17.918,21.982,1,49.738,86.062,2.988,0,7.91,88.589,1.672,0,1,0
0,28.829,0,6.5781,1,1,0,2,2,16.1712,59.844,0,147.14,215.826,10.278,1,58.41,16.034,74.027,0,131.19,94.873,1.777,0,1,0
0,38.2726,0,18.1041,1,1,0,4,2,25.4698,53.064,0,76.951,365.452,33.434,1,44.754,40.223,9.669,1,93.913,5.271,0.664,0,1,0
0,38.0071,0,19.8053,1,1,1,2,2,18.5117,68.944,0,174.07,16.871,21.242,1,30.372,148.504,3.178,1,2.618,95.827,0.421,0,1,0
1,28.8656,0,10.5604,1,1,2,2,8,16.5203,51.664,0,70.433,126.755,39.124,1,41.378,95.634,8.938,1,80.079,0.342,0.162,0,1,0
0,38.6226,0,16.2331,1,1,1,2,8,12.3187,51.609,0,4.625,81.33,5.469,1,52.252,13.987,9.32,1,1.111,15.172,1.124,0,1,0
0,38.9535,0,18.0094,1,1,1,5,3,10.8615,49.544,0,74.479,273.463,6.819,1,56.516,84.66,5.629,1,1.133,1.671,0.134,0,1,0
1,35.0991,0,13.5928,1,1,1,2,2,15.4648,51.915,0,138.774,69.324,26.953,1,51.055,27.403,3.739,1,9.323,85.829,1.077,0,1,0
1,30.6555,0,19.1627,1,1,0,6,3,16.4428,50.91,0,194.804,88.225,32.271,1,47.404,16.43,2.034,1,11.261,81.986,0.56,0,0,0
1,24.3989,0,19.4083,1,1,0,10,2,21.3677,46.194,0,107.593,87.373,36.645,1,41.138,7.582,8.324,1,22.841,58.878,0.91,0,0,0
1,35.8049,0,11.8208,1,1,0,2,2,12.1672,57.242,0,121.182,208.963,22.055,1,48.813,3.364,8.931,1,1.966,9.85,1.7,0,1,0
1,25.423,0,18.6954,1,1,2,1,2,13.169,51.645,0,129.422,117.339,2.692,1,9.42,7.948,9.539,1,4.613,81.81,2.333,0,1,0
0,38.0079,0,14.8891,1,1,1,2,1,15.6521,65.063,0,130.348,15.356,9.829,1,47.541,131.08,3.912,1,65.281,38.597,4.177,0,1,0
1,30.6175,0,8.5488,1,1,0,6,2,16.5803,48.654,0,71.393,72.043,32.62,1,54.263,60.006,8.336,1,101.333,73.55,1.582,0,1,0
1,28.1872,0,15.7542,0,1,2,2,2,18.7557,54.974,0,156.841,71.266,30.876,1,27.205,10.544,5.336,1,90.26,91.451,0.621,0,1,0
0,31.9971,0,12.945,1,1,0,0,9,19.884,54.534,0,66.182,38.548,32.711,1,49.419,3.49,8.361,0,91.403,15.821,0.167,0,1,0
1,24.6605,0,12.9387,1,1,0,2,2,16.1847,46.034,0,2.073,15.311,6.467,1,42.899,76.937,1.987,1,143.335,60.436,8.683,1,1,0
1,38.405,0,17.9046,1,1,2,9,4,19.7111,46.615,0,10.815,11.952,9.96,1,11.795,50.753,3.932,1,93.213,35.995,1.286,0,1,0
1,28.4015,0,12.0698,1,1,0,6,6,14.7225,44.073,0,104.563,295.453,26.5,1,38.152,1.019,7.585,1,145.656,57.742,4.036,1,1,0
1,33.4621,0,10.9688,1,1,0,2,2,14.1247,11.953,0,133.073,17.316,16.728,1,42.15,53.004,32.92,1,11.655,81.866,0.383,0,1,0
0,38.6052,0,3.1811,1,1,0,1,9,10.6497,56.853,0,152.046,88.829,31.762,1,41.695,7.575,9.942,1,69.581,53.516,0.839,0,1,0
1,37.8856,0,3.9783,1,1,0,8,3,16.2068,52.513,0,114.739,17.822,25.852,1,72.266,18.21,3.972,0,35.909,206.623,0.227,1,1,0
1,25.3568,0,0.86,1,1,2,2,7,18.8521,17.244,0,99.717,42.319,8.455,1,39.108,48.434,3.17,1,108.794,71.152,1.951,0,1,0
1,39.7075,0,11.5857,1,1,0,8,9,12.6544,49.585,0,100.082,41.498,30.783,1,41.279,95.543,7.361,1,11.114,3.088,0.189,0,1,0
0,30.303,0,10.9153,1,1,0,2,2,18.4224,35.064,0,130.082,28.895,32.276,1,8.481,72.584,8.885,1,62.954,39.851,0.062,0,1,0
1,38.4701,0,0.1607,1,1,1,2,9,16.9136,56.29,0,168.521,64.321,0.772,1,78.019,23.808,6.119,1,85.915,91.821,5.415,1,1,0
0,40.3485,0,10.1647,1,1,0,6,2,18.9795,15.964,0,170.579,48.874,16.486,1,42.493,7.892,4.889,1,26.403,93.942,0.175,0,1,0
1,28.8187,0,13.9969,1,1,0,3,7,11.5555,49.826,0,171.753,210.058,19.855,1,19.021,146.059,9.512,1,21.106,38.971,0.218,0,1,0
1,38.3446,0,10.905,1,1,0,2,2,16.4621,56.24,0,151.596,217.057,42.735,1,28.693,82.55,3.188,1,66.526,86.57,0.32,0,1,0
0,30.8845,0,10.1667,1,1,0,4,2,29.5675,51.034,0,0.533,89.443,22.253,1,72.854,86.245,4.121,1,62.919,91.775,0.077,0,1,0
1,28.3357,0,11.6395,1,1,0,2,2,14.7492,54.943,0,49.553,10.898,27.465,1,52.011,13.008,0.931,1,61.589,89.744,0.229,0,1,1
0,23.6255,0,12.8087,1,1,0,2,8,10.0445,54.565,0,19.428,217.395,22.115,1,42.312,4.693,3.789,1,16.101,16.27,20.766,0,1,0
0,30.8701,0,10.7707,1,1,1,8,2,30.5097,58.901,0,179.533,51.841,3.752,1,60.696,44.306,9.594,1,13.669,73.531,0.589,0,1,0
1,26.9951,0,12.3631,1,1,0,1,4,12.2197,41.057,0,144.013,37.772,22.462,1,2.093,67.163,3.939,1,53.421,87.02,1.113,0,0,1
0,38.2395,0,0.8011,0,1,0,10,8,15.0127,54.504,0,22.24,15.773,2.098,1,5.319,6.643,0.943,1,0.919,3.181,0.173,0,1,0
1,38.7078,0,17.4207,1,1,0,1,1,12.5264,54.646,0,380.016,426.458,7.254,1,44.199,7.553,4.162,1,65.471,73.775,1.688,0,1,0
1,38.6738,0,10.0691,1,1,0,2,3,16.8311,59.976,0,171.04,275.952,33.314,1,68.685,97.443,1.939,1,14.703,53.575,0.515,0,0,0
0,28.8239,0,13.6074,1,1,0,2,9,12.7455,40.065,0,80.018,92.414,26.11,1,34.415,11.944,7.381,1,3.066,10.825,0.677,0,1,0
0,27.4892,0,13.6407,0,1,0,14,2,22.8264,53.964,0,96.254,228.498,8.422,1,8.311,43.696,2.829,1,61.137,34.731,1.037,1,1,0
0,38.4035,0,20.9632,1,1,0,2,7,16.4474,50.45,2,158.983,10.456,0.18,2,58.115,8.74,3.803,1,93.211,21.821,0.013,0,1,0
1,34.1833,0,19.3972,1,1,0,2,6,19.5206,89.614,0,105.538,29.312,36.952,1,46.024,7.164,6.638,1,6.211,78.774,0.844,0,1,0
0,29.189,0,14.9206,1,1,1,8,2,14.4724,59.514,0,185.827,81.413,12.212,1,50.399,23.501,0.555,1,148.176,60.125,7.172,0,1,0
1,28.1861,0,13.9193,1,1,0,4,2,18.6514,54.216,0,24.185,10.872,13.254,1,41.604,71.704,9.93,1,34.109,61.851,12.056,0,1,0
1,38.9,0,5.1621,1,1,2,0,2,10.8693,50.96,0,172.182,31.392,3.912,1,12.029,11.28,9.332,1,12.107,1.02,1.037,0,0,0
1,38.3775,0,23.6501,1,1,0,3,6,13.8625,69.975,0,154.413,25.873,26.215,1,38.894,45.03,6.902,1,122.989,84.328,1.777,0,0,0
1,34.6017,0,6.1259,1,1,0,2,2,15.0582,61.958,0,111.223,79.314,29.772,1,62.372,8.833,3.73,1,73.269,99.86,0.902,1,1,0
1,27.699,0,8.9944,1,1,2,5,2,14.6767,9.634,0,110.785,48.552,0.515,3,14.212,97.593,9.58,1,99.961,77.7,0.462,0,1,0
1,30.9089,0,8.75,1,1,0,2,2,30.5967,59.997,0,189.31,-21.353,26.098,1,56.158,87.463,3.524,1,92.404,52.875,1.987,0,1,0
1,28.1775,0,14.0361,1,1,0,2,1,16.4151,41.944,0,97.262,87.011,3.181,1,41.118,90.21,4.33,1,56.284,50.718,4.642,0,0,0
0,24.1418,0,13.274,1,1,2,2,8,12.5547,81.062,0,109.054,295.453,3.729,1,12.638,76.305,3.043,1,13.471,53.259,0.07,0,1,0
0,28.4729,0,11.8146,1,1,0,2,1,15.5507,79.92,0,60.353,24.156,32.442,1,48.712,48.963,3.584,1,10.569,78.175,0.963,0,0,0
1,36.0701,0,16.9041,1,1,0,5,2,13.5197,61.225,0,130.681,-94.197,32.453,1,103.09,2.817,3.388,1,65.746,88.17,3.267,0,1,0
1,28.09,0,10.9503,1,1,2,2,6,15.1684,47.585,0,3.243,209.885,6.598,1,1.004,55.057,3.322,1,61.339,54.11,0.577,0,1,0
1,30.6252,0,10.9488,1,1,0,2,8,16.5457,1.238,0,130.516,37.806,1.105,1,34.355,81.401,3.032,1,51.121,83.993,0.175,0,1,0
1,32.2654,0,10.1791,1,1,0,2,2,12.9425,45.823,0,46.543,81.318,38.511,1,3.912,53.705,6.105,1,11.709,80.326,7.21,0,0,0
0,33.7019,0,11.7893,1,1,1,2,8,14.6752,67.144,0,42.804,48.953,29.152,1,49.609,16.307,12.163,1,190.951,34.585,1.872,0,1,0
1,20.4063,0,10.9603,1,1,0,2,8,19.0497,52.854,0,110.129,176.305,23.451,1,44.109,40.797,9.922,1,40.756,44.92,40.124,0,1,0
1,38.5888,0,11.4591,1,1,0,5,2,21.0605,51.144,0,105.426,245.129,34.957,1,46.203,102.406,0.449,1,91.123,14.272,0.133,0,1,0
0,38.1068,0,17.559,0,1,0,2,1,26.578,50.9,0,160.553,209.348,18.578,1,52.396,82.281,3.1,1,51.953,7.124,1.86,0,1,0
0,28.6008,0,19.6109,1,1,0,2,6,12.4395,59.924,0,110.623,2.111,9.192,1,2.523,1.215,2.064,1,365.754,98.35,0.114,0,1,0
1,28.6828,0,18.6209,1,1,0,1,2,27.6455,14.963,2,158.83,270.353,1.488,1,47.595,1.951,2.183,1,3.469,54.555,1.82,0,1,0
1,38.1426,0,12.6498,1,1,1,1,6,19.4559,53.653,0,79.709,200.861,10.923,1,60.276,74.66,3.57,0,65.261,98.031,0.46,0,1,0
1,28.38,0,10.9303,1,1,0,2,1,14.4082,54.822,0,647.354,113.856,23.353,1,1.301,18.069,9.212,1,3.983,5.723,0.367,0,1,0
1,30.8707,0,10.5403,1,1,0,1,2,13.4102,48.604,0,149.645,80.456,33.732,1,59.395,15.423,3.949,1,3.729,64.179,0.91,0,0,0
1,38.0409,0,4.5616,1,1,0,2,6,13.3296,19.694,0,54.582,74.952,6.158,1,69.068,76.593,4.303,1,4.302,95.952,4.613,1,1,0
1,24.6516,0,10.8453,1,1,0,2,4,12.5325,41.965,0,155.714,84.568,14.299,1,52.815,64.079,3.338,1,61.539,28.32,0.812,0,0,0
0,38.7975,0,18.1244,1,1,0,8,8,25.6522,41.61,0,75.941,506.367,26.596,1,5.047,66.964,9.122,1,1.082,78.17,0.779,0,1,0
1,28.6965,0,2.8037,1,1,0,14,8,14.6227,53.603,0,64.545,90.856,2.152,1,31.938,13.513,0.049,1,2.589,31.891,0.37,0,0,0
1,35.1628,0,15.6077,1,1,0,2,6,18.8481,89.858,0,70.516,242.383,0.438,1,32.111,163.113,0.733,1,63.923,84.21,2.928,0,1,0
0,28.1801,0,28.0437,1,1,0,6,3,10.2241,60.907,0,35.041,125.936,59.344,1,33.586,10.55,2.746,1,6.926,8.821,0.677,0,1,0
1,33.1268,0,29.9071,1,1,1,2,6,16.3207,45.8,0,158.853,1.712,32.642,1,79.338,51.757,3.922,1,63.11,373.925,0.978,0,1,0
1,39.614,0,19.1481,1,1,1,2,2,14.5989,51.7,0,149.587,67.092,35.121,1,8.158,50.635,4.711,1,20.713,8.957,0.502,0,1,0
1,43.5238,0,12.4104,1,1,0,15,9,10.6128,52.753,0,132.573,33.208,20.16,1,57.014,59.706,4.383,1,79.269,75.721,0.772,0,1,0
0,35.1529,0,2.6713,1,1,0,8,1,26.5094,63.247,0,150.047,16.322,24.314,1,12.013,16.473,9.919,1,4.78,44.985,0.807,1,1,0
1,33.6274,0,10.5241,1,1,1,2,2,16.1604,49.824,0,13.119,364.863,0.932,1,7.421,95.847,6.771,2,1.219,8.544,0.317,0,1,0
1,25.9683,0,10.9226,1,1,0,1,6,13.425,49.573,0,147.382,14.478,29.026,1,10.439,8.62,1.279,1,127.281,64.832,11.271,0,1,0
1,38.4303,0,14.6515,1,1,0,5,2,11.8454,61.991,0,112.444,10.317,0.192,1,3.799,103.8,0.304,0,36.92,41.592,0.168,1,1,0
1,38.3459,0,0.1615,1,1,1,2,6,14.0852,10.691,0,107.07,12.865,24.486,1,41.185,148.583,5.328,1,65.161,599.261,7.517,0,1,0
1,38.8843,0,14.9061,1,1,0,6,8,18.5635,52.614,0,102.417,13.774,29.232,1,47.801,50.633,3.587,1,61.224,48.972,27.272,0,1,0
0,30.3755,0,11.9958,1,1,2,2,6,12.7497,52.566,0,160.735,240.451,16.425,1,18.981,90.643,34.121,1,1.756,86.771,0.689,0,1,0
1,35.3835,0,8.9717,1,1,1,2,8,15.4697,59.823,3,178.949,217.954,37.892,1,15.499,66.479,9.511,1,60.396,92.254,0.371,0,1,0
1,38.9308,0,14.968,0,1,0,2,2,16.8885,45.534,0,60.71,526.778,37.998,1,8.607,17.924,7.792,1,4.29,81.977,11.975,0,0,0
1,41.347,0,10.0937,0,1,2,8,3,15.5106,69.643,0,288.703,77.506,31.262,1,5.099,84.057,4.56,1,18.26,74.57,1.95,0,1,0
1,25.0871,0,13.837,1,1,0,4,8,10.4744,53.242,0,76.061,149.023,33.683,1,18.484,27.443,8.342,1,1.68,81.891,2.502,0,1,0
1,30.1237,0,11.8605,1,1,0,10,7,18.8381,66.833,0,113.513,788.801,23.565,1,48.411,73.944,2.738,1,45.296,32.525,2.287,1,1,0
1,35.4758,0,15.0987,1,1,1,0,5,16.7497,47.506,0,139.912,40.569,32.235,1,16.139,35.584,1.32,1,3.295,192.853,10.307,0,1,0
0,28.5059,0,39.8007,1,1,0,4,2,15.4627,53.844,0,97.758,95.095,39.768,1,66.124,60.563,7.186,1,5.976,88.05,1.91,0,1,0
1,38.6851,0,9.9307,1,1,0,3,2,18.4604,52.61,0,42.532,88.297,19.292,1,140.424,30.903,4.188,1,96.163,91.872,0.508,1,1,0
1,38.1077,0,17.9483,1,1,0,8,4,10.8457,16.993,0,79.601,11.938,23.912,1,60.014,64.633,9.789,1,111.901,78.15,0.976,0,1,0
1,38.7687,0,10.9023,1,1,2,2,8,15.5204,59.24,0,122.782,47.393,26.813,1,18.675,46.178,2.52,1,88.536,64.576,0.162,1,1,0
0,38.6071,0,19.9739,1,1,0,2,6,17.5242,64.994,0,110.846,249.31,19.724,1,68.128,48.201,3.919,1,92.17,73.821,0.073,0,0,1
0,28.487,0,14.6026,1,1,0,2,4,16.4255,60.514,0,120.708,56.544,6.762,1,59.784,81.944,8.051,0,91.297,71.02,6.005,0,1,0
0,36.6458,0,18.5403,1,1,0,2,3,13.4095,59.232,0,137.279,208.35,38.195,1,8.19,51.314,0.123,1,62.185,40.246,24.679,1,0,0
0,28.6636,0,1.9663,1,1,0,8,5,16.5125,42.823,0,126.772,277.413,0.29,1,79.535,20.953,2.759,1,106.758,24.941,2.077,0,0,0
1,33.4556,0,12.9014,1,1,0,2,8,16.4121,42.744,0,147.148,2.806,2.952,1,45.614,0.107,30.945,1,119.524,84.911,0.844,0,1,0
1,38.183,0,12.5509,1,1,0,2,6,15.5153,36.043,0,6.885,212.226,9.782,1,12.334,18.808,8.486,1,10.126,36.721,2.966,1,1,0
1,28.8228,0,16.8101,1,1,1,1,9,28.8539,55.565,0,48.414,19.379,30.448,1,9.37,50.256,0.359,1,1.921,79.121,0.077,0,1,0
1,38.6808,0,17.6683,1,1,0,2,7,15.3581,54.044,0,80.493,206.192,32.014,1,60.105,43.848,0.389,1,60.328,48.156,0.986,0,1,0
1,38.1018,0,15.4367,1,1,0,6,6,24.8055,59.851,0,84.41,17.832,36.562,1,41.699,44.954,3.369,1,49.903,83.958,0.517,1,1,0
1,38.0255,0,14.8724,1,1,1,2,2,17.5971,52.344,0,74.855,16.112,16.016,1,17.627,93.664,7.865,0,91.169,61.55,1.972,0,1,0
0,38.6406,0,13.9281,1,1,0,1,6,17.4524,48.656,0,95.278,21.316,32.742,1,79.272,78.186,4.586,1,5.939,33.965,30.96,2,1,0
1,28.6265,1,2.5835,1,1,0,2,3,16.4622,52.802,0,31.034,575.019,0.71,1,68.793,10.856,3.564,1,35.356,54.079,1.842,0,1,0
1,35.687,0,20.7307,1,1,0,2,2,13.1287,56.177,0,118.892,234.873,23.876,1,48.035,118.934,4.539,1,2.249,82.176,1.669,0,1,0
1,22.2408,0,18.6081,1,1,1,4,2,16.5024,47.323,0,82.149,69.064,30.893,1,82.045,11.973,5.581,1,60.015,83.061,0.447,1,0,0
1,30.3655,0,10.4086,1,1,2,2,2,16.5045,57.855,0,147.608,-31.676,0.213,1,59.953,41.234,3.648,1,169.051,99.873,0.145,0,1,0
1,36.1965,0,5.9053,1,1,0,2,3,16.5554,52.861,0,74.747,0.856,29.798,1,9.398,13.973,3.553,1,7.29,62.166,0.577,0,1,0
0,19.6008,0,15.864,1,1,2,4,2,14.0714,9.02,0,90.718,330.372,32.555,1,93.114,100.844,0.609,1,63.091,82.774,0.97,1,1,0
1,38.1878,0,12.2501,1,1,2,2,6,10.1454,51.51,0,19.856,335.24,14.604,1,5.024,108.056,6.882,1,5.65,0.572,2.678,0,1,0
0,32.8818,0,18.1356,1,1,0,12,2,14.5164,61.203,0,45.023,35.118,11.034,1,32.688,97.5,0.984,1,11.733,67.866,0.162,0,1,0
1,24.8929,0,7.9717,1,1,1,1,2,16.4046,55.852,0,178.204,66.826,30.213,1,5.435,107.593,4.91,1,25.477,36.776,0.542,0,1,0
1,30.3818,0,12.1004,1,1,0,2,2,18.5499,68.57,0,51.779,213.997,1.412,1,19.353,86.401,9.781,1,9.208,88.991,2.017,1,1,0
1,38.7845,0,16.2607,1,1,0,5,2,18.6787,45.234,0,277.101,66.216,2.418,1,32.512,106.559,3.979,1,61.263,90.553,5.362,0,1,0
1,28.127,0,3.9008,1,1,0,1,8,34.5595,1.034,0,55.573,31.321,2.592,1,6.895,7.413,0.329,1,63.528,68.923,0.02,0,0,1
1,38.385,0,5.2999,1,1,2,5,2,10.1847,46.76,0,63.943,47.716,20.289,1,8.045,75.212,5.323,1,1.953,85.876,0.885,0,1,0
1,28.7268,0,17.3757,0,1,0,2,2,19.3901,56.687,0,124.782,29.247,30.939,1,3.099,0.744,3.369,1,25.913,24.373,0.191,1,1,0
0,38.3761,0,18.7011,1,1,0,2,1,16.1718,54.714,0,148.042,43.898,27.156,1,42.132,27.515,1.915,1,6.568,37.567,1.261,0,1,0
1,28.3274,0,12.5319,1,0,0,15,1,15.4852,52.857,0,120.112,179.553,10.235,1,59.753,51.409,2.98,1,29.219,71.631,0.857,0,1,0
1,40.3318,0,7.3302,1,1,0,2,5,10.4116,69.844,0,74.743,116.95,19.048,1,8.688,12.589,4.006,1,145.799,55.378,0.034,0,1,0
1,28.962,0,13.001,1,1,0,6,8,15.6967,54.647,0,17.086,16.411,34.7,1,18.619,90.252,0.626,1,90.369,97.152,0.04,0,1,0
1,33.8428,0,10.1689,1,1,0,0,9,13.4747,58.464,0,172.135,-5.851,39.058,1,48.604,22.501,4.356,1,115.926,59.871,0.132,0,1,0
0,26.6076,0,19.5508,1,1,0,2,2,15.9147,58.553,0,64.84,40.342,32.253,1,18.799,17.247,3.988,1,15.053,83.823,22.846,0,0,0
1,34.787,0,10.7848,1,1,0,2,2,14.8012,58.003,0,142.132,203.298,21.275,1,48.541,96.003,0.239,1,4.543,11.815,0.57,0,0,0
1,35.1023,0,13.6261,1,1,1,2,9,10.8443,54.665,0,15.741,-98.812,29.202,1,6.182,45.285,0.913,1,9.377,38.965,11.577,0,1,0
1,22.1263,0,14.8696,1,1,0,2,8,12.6706,54.517,0,94.662,42.366,38.812,1,9.399,20.785,2.37,1,8.035,76.525,0.377,0,1,0
0,30.4792,0,10.936,1,1,1,2,6,10.5105,40.294,0,62.16,11.371,2.663,1,8.454,158.928,2.055,1,102.221,53.275,8.102,0,1,0
0,38.6565,0,10.9007,1,1,0,1,7,15.146,55.356,0,71.049,0.363,30.094,1,44.514,70.516,8.994,1,90.906,20.857,31.982,0,0,0
1,21.9,0,15.401,1,1,0,2,2,18.7094,57.923,0,67.538,-14.867,39.602,1,33.285,80.917,3.739,1,20.505,49.726,7.055,0,1,0
1,18.7029,0,7.5206,0,1,2,0,2,18.6645,11.825,0,43.549,27.81,35.966,0,36.128,48.573,0.782,1,76.628,18.853,0.06,0,1,0
1,32.4197,0,13.5082,1,1,0,2,8,12.9169,60.963,0,152.044,19.069,22.145,1,6.689,15.443,2.385,1,33.323,51.081,10.587,0,1,0
0,38.8275,0,1.2646,1,1,0,2,2,19.8644,45.153,0,111.814,25.495,28.064,1,97.794,66.471,4.973,1,42.269,18.742,0.924,0,1,0
0,25.2295,0,10.5097,1,1,0,2,9,18.672,59.844,0,144.423,66.956,2.177,1,1.802,18.564,9.339,1,69.966,180.421,0.1,0,1,0
1,30.745,0,0.2306,1,1,0,4,2,12.4858,54.914,0,145.005,15.556,37.296,1,61.415,7.358,4.332,1,65.921,32.563,0.123,0,0,0
0,33.3391,0,10.8078,1,1,0,2,2,16.3395,57.949,0,102.128,87.017,12.234,1,60.952,3.584,9.918,1,61.091,54.853,0.986,1,1,0
0,35.0297,0,19.8478,1,1,0,18,9,19.5476,57.535,0,16.469,577.392,32.999,1,1.994,10.784,4.983,1,91.263,74.85,2.17,0,1,0
0,38.0795,0,13.3351,1,1,0,4,2,15.4097,59.643,0,4.547,10.949,0.91,1,13.267,87.243,2.856,1,106.923,84.52,0.254,0,1,0
1,34.2071,0,15.6358,1,1,0,6,6,19.5365,53.841,0,94.94,74.97,6.229,1,18.218,7.081,0.729,1,160.401,10.159,0.846,0,0,1
1,22.3832,0,9.5081,1,1,0,2,1,12.5105,27.833,0,142.852,49.299,32.73,1,1.98,56.535,9.308,1,61.201,34.776,8.08,0,1,0
1,21.365,0,13.1187,0,1,1,2,9,14.2701,54.1,0,115.763,245.893,0.285,1,33.161,47.379,3.225,0,0.924,43.357,0.282,0,1,0
1,30.9854,0,0.57,1,1,0,8,1,14.8722,26.704,0,69.508,95.963,2.21,1,59.203,60.013,4.365,1,100.988,33.711,15.582,0,1,0
1,33.1128,0,14.027,1,1,0,2,6,13.4923,52.945,0,129.052,88.568,11.767,1,48.655,51.204,7.011,1,22.024,73.352,0.117,0,1,0
0,38.9825,0,19.9041,1,1,0,2,1,16.5407,7.257,0,152.703,243.886,0.244,1,18.121,60.348,9.97,1,6.421,53.175,0.491,0,1,0
1,38.9608,0,19.0053,1,1,0,2,1,15.4894,54.854,0,59.043,40.842,14.463,1,41.317,6.464,1.289,1,76.564,45.771,0.775,0,1,0
1,31.1772,0,23.6277,1,1,0,2,9,10.1051,54.034,0,174.794,26.874,36.978,1,43.643,64.23,4.852,1,149.911,73.855,0.35,0,1,0
0,23.2805,0,10.945,1,1,1,8,2,14.854,56.224,0,132.819,0.37,24.8,1,22.981,41.913,7.518,1,103.054,87.877,24.946,0,1,0
1,29.2221,0,18.0086,1,1,0,2,2,18.438,56.714,0,19.829,21.476,11.094,1,99.244,6.213,9.31,1,193.667,14.247,1.675,0,1,0
1,35.8063,0,19.0687,1,1,0,8,8,21.5465,71.093,0,110.078,41.456,37.992,0,38.409,51.71,4.389,1,109.687,5.156,34.277,1,1,0
1,34.7411,0,12.0701,1,1,0,2,8,13.8655,50.249,0,170.012,19.373,1.05,1,3.534,18.253,7.572,1,6.222,60.605,0.477,0,1,0
0,38.3093,0,10.1854,1,1,2,2,3,16.4446,56.404,0,46.505,375.526,2.167,1,95.619,78.599,1.382,1,106.985,71.179,0.682,0,1,0
1,30.4875,0,18.028,1,1,0,2,8,16.4115,59.02,0,170.583,25.416,37.561,1,45.067,137.765,3.443,1,90.389,70.072,2.163,0,1,0
0,28.1159,0,19.302,1,1,0,1,2,12.5545,58.136,0,39.792,40.306,26.761,1,69.002,89.903,3.585,1,105.661,84.851,0.685,0,1,0
0,45.4877,0,15.6619,1,1,0,6,1,16.4162,50.246,0,52.553,-41.653,19.244,1,59.014,3.055,8.985,1,11.333,38.955,0.581,0,1,0
1,38.7318,0,14.4317,1,1,1,2,6,8.581,58.924,0,172.147,45.335,2.251,1,42.074,30.003,4.53,1,61.579,86.454,0.972,0,1,0
1,23.3689,0,11.6163,1,1,0,8,8,12.8007,59.023,0,129.845,30.916,39.752,1,6.655,83.863,3.445,1,17.356,62.756,0.02,0,0,0
0,38.0063,0,6.8009,1,1,0,5,2,13.6342,62.604,0,144.47,180.715,39.775,1,7.558,20.4,4.313,1,10.885,31.87,0.66,0,1,0
1,28.1886,0,10.9404,1,1,0,6,2,18.5821,57.923,0,154.32,120.317,25.756,1,42.391,20.999,3.996,1,9.203,78.423,0.572,0,0,0
0,28.0033,0,14.4778,1,1,0,4,2,11.8729,54.813,0,169.423,29.206,22.62,1,8.374,20.4,8.682,1,65.161,6.986,0.364,0,1,0
1,30.3211,0,21.8682,1,1,0,2,7,17.8411,30.948,0,141.894,22.49,0.155,1,38.517,26.413,4.779,0,6.921,34.633,0.564,0,1,0
1,38.0674,0,10.1303,1,1,1,2,2,14.1759,58.145,0,173.438,1.77,39.872,1,9.529,8.413,2.065,1,61.265,51.224,0.816,0,1,0
0,32.9735,0,10.6303,1,1,0,0,2,16.7427,59.053,0,98.364,231.87,31.2,1,1.014,111.634,2.337,1,11.756,30.328,3.52,0,1,0
1,31.1847,0,13.1775,1,1,0,2,4,16.4439,69.631,0,33.849,317.954,32.952,1,47.413,81.704,2.93,1,31.209,99.557,0.082,0,1,0
1,38.0765,0,14.5801,1,1,0,2,2,12.4725,54.044,0,141.84,77.33,20.734,1,40.399,17.401,6.386,1,1.705,86.177,7.923,0,1,0
1,34.1777,0,10.9558,1,1,0,6,1,15.8706,51.865,0,135.97,87.388,12.863,1,56.881,148.782,3.319,1,31.362,47.171,0.072,0,1,0
1,26.4472,0,13.8551,1,1,2,2,6,14.4424,51.255,0,69.242,33.452,0.287,1,19.114,5.999,0.72,1,89.556,66.26,0.177,0,1,0
1,31.1783,0,10.8591,1,1,0,2,9,19.565,40.825,0,191.012,14.858,9.41,1,5.465,40.848,9.925,1,77.19,29.776,0.251,0,1,0
0,38.1643,0,18.2707,1,1,0,9,8,8.7629,56.891,0,12.248,50.605,8.226,1,78.391,82.21,3.769,1,0.685,66.273,0.272,0,1,0
0,37.155,0,10.1109,1,1,0,2,5,14.1569,54.231,0,159.041,12.395,0.265,1,30.062,90.369,0.469,1,36.266,48.905,1.292,0,1,0
1,38.2859,0,17.4959,1,1,1,8,6,16.6625,83.877,0,172.21,119.059,36.064,1,52.994,4.49,3.68,1,13.952,64.323,1.962,0,1,0
0,33.861,0,19.9148,1,1,0,2,1,28.4435,40.333,0,97.343,26.396,2.576,1,43.259,47.507,4.728,1,143.283,61.87,1.927,0,1,0
1,23.307,0,11.8575,1,1,0,5,1,27.8139,39.434,0,74.024,277.296,39.212,1,68.796,12.683,0.929,1,111.569,81.146,2.713,0,1,0
1,38.3952,0,20.996,1,1,0,2,6,10.1851,59.294,0,99.686,88.025,27.196,1,2.245,79.703,3.392,1,100.52,73.67,0.517,0,1,0
1,35.37,0,7.6306,1,1,0,6,7,14.1365,59.434,0,102.298,71.96,30.852,1,0.021,46.939,4.432,1,67.153,41.07,21.952,0,1,0
0,31.1438,0,16.1684,1,1,0,4,2,15.8544,51.933,0,104.43,36.854,22.239,1,1.621,67.449,4.389,1,174.369,301.249,0.066,0,1,0
1,20.6502,0,14.3769,1,1,0,2,2,12.4647,69.654,0,137.082,95.43,35.135,1,9.393,6.59,0.261,1,29.105,70.482,5.282,0,1,0
1,24.6035,0,18.0744,1,1,0,2,9,17.9391,60.941,0,144.604,27.836,0.46,1,8.216,50.076,2.115,1,67.764,1.076,9.777,0,1,0
0,20.1436,0,10.3067,1,1,0,12,3,14.4259,53.475,0,157.676,85.386,22.319,1,14.87,26.065,8.901,1,23.788,73.413,0.677,0,1,0
1,23.0048,0,17.9383,1,1,0,8,9,18.1654,11.004,0,114.987,4.09,0.656,1,42.495,62.453,6.551,1,11.193,51.957,0.587,0,0,0
0,30.6378,0,8.4482,1,1,0,6,2,16.535,52.104,0,54.858,49.988,3.492,1,38.515,93.564,9.98,1,45.654,53.621,1.264,1,1,1
1,20.1861,0,1.7001,1,1,0,2,2,15.9787,50.99,0,150.534,749.619,29.306,1,57.431,22.914,9.767,0,42.289,52.319,0.235,0,1,0
1,33.1276,0,3.64,1,1,2,2,2,12.4145,40.255,0,3.493,29.366,29.019,1,67.815,87.187,8.925,1,107.653,71.739,0.922,0,1,0
1,28.7854,0,15.7173,1,1,0,2,5,12.4158,51.113,0,12.04,12.413,32.017,0,38.962,13.99,8.591,1,53.284,72.848,0.603,0,1,0
0,28.9094,0,19.2226,1,1,0,6,2,14.5751,14.713,0,15.777,14.676,28.462,1,71.531,8.975,0.76,1,10.285,64.166,1.92,0,0,0
0,35.1879,0,19.8249,1,1,0,2,2,12.4713,66.854,0,93.884,397.71,19.353,1,49.391,75.501,0.446,1,57.171,348.542,1.272,0,1,0
1,24.0871,0,4.3651,1,1,2,10,3,11.1647,40.624,0,141.807,585.598,0.055,1,50.714,63.184,7.339,1,18.219,78.188,0.202,0,1,0
0,24.8006,0,16.0204,1,1,0,2,5,14.4481,59.293,0,62.854,257.962,32.554,1,31.725,82.212,7.719,1,99.333,326.82,0.278,0,1,0
0,21.6005,0,9.0301,1,1,0,2,2,16.5042,58.078,0,64.04,77.364,21.714,1,69.419,42.789,2.942,1,8.003,81.477,0.782,0,1,0
0,28.6311,0,19.8338,1,1,0,2,6,19.134,47.507,0,191.593,4.751,0.228,1,6.411,18.099,8.349,1,102.361,53.851,0.038,0,1,0
1,37.0753,0,15.6837,0,1,0,4,8,11.5143,51.655,0,271.633,99.988,32.939,1,59.266,21.977,6.432,1,6.931,64.126,0.576,0,1,0
0,30.6031,0,0.2903,1,1,0,2,9,16.6159,50.163,2,75.495,65.362,29.228,1,72.314,54.636,4.324,1,122.317,73.776,9.52,0,1,0
1,30.6475,0,9.9862,1,1,0,2,2,15.4154,46.915,0,164.93,17.304,32.442,1,43.677,1.01,4.649,1,11.79,57.779,5.302,1,0,0
1,21.66,0,10.0383,1,1,0,6,2,33.77,7.017,0,58.058,278.456,36.188,0,60.964,81.939,7.339,1,109.761,43.441,0.296,0,1,0
0,35.4064,0,18.8009,1,1,2,1,6,19.5887,54.44,0,31.702,60.965,16.119,1,59.199,60.103,0.511,1,0.249,66.529,0.3,0,1,0
1,20.3839,0,18.8597,1,1,0,6,5,18.9265,59.451,0,7.112,0.872,30.288,1,12.413,6.658,2.669,1,150.989,6.15,0.724,0,1,0
1,35.3072,0,1.8683,1,1,0,2,2,10.4496,68.644,0,7.714,45.322,6.194,1,5.581,6.405,4.811,1,97.164,15.851,0.884,0,0,0
0,28.8956,0,6.3503,1,1,0,2,3,13.4167,47.43,0,1.77,219.256,0.48,1,12.403,56.573,0.415,1,64.115,82.546,0.973,0,1,0
0,34.6851,0,17.6071,1,1,0,2,2,17.7421,69.249,0,89.482,16.954,29.465,1,72.696,10.284,8.932,1,5.384,31.826,0.87,0,1,0
1,38.607,0,16.6147,1,1,1,0,1,19.6154,53.214,0,126.845,6.376,4.158,1,41.722,8.33,4.079,1,100.634,93.128,0.573,1,1,0
0,38.7641,0,18.8763,1,1,2,2,2,13.3527,54.23,0,70.812,34.845,19.452,1,59.039,96.148,0.949,1,48.648,41.122,2.86,1,1,0
0,44.6075,0,14.9543,0,1,2,2,7,16.4487,15.54,0,152.612,11.81,0.182,1,48.612,42.971,9.225,1,97.101,74.924,4.95,0,1,0
1,38.6091,0,2.9996,1,1,0,2,6,15.6863,19.943,0,168.543,43.864,11.158,1,11.695,15.504,0.896,1,31.008,74.313,0.922,0,1,0
1,34.61,0,9.9844,1,1,0,8,2,11.7001,34.163,0,77.054,26.811,29.952,1,43.151,37.95,2.232,1,108.369,88.852,0.662,0,1,0
0,30.7627,0,10.2098,1,1,1,0,1,16.1017,49.95,0,45.586,246.899,36.294,1,49.714,91.945,3.828,1,60.951,64.829,1.777,0,0,0
0,30.4669,0,9.6752,1,1,0,2,7,13.7077,59.553,0,127.5,-36.38,20.488,1,6.519,147.994,9.369,1,65.593,66.923,9.061,0,1,0
1,32.5505,0,6.2985,1,1,0,5,2,19.5721,54.854,0,83.598,18.826,12.665,1,8.672,66.246,1.42,1,61.662,20.635,0.04,0,1,0
1,24.1557,0,29.47,0,1,0,4,6,18.4649,64.279,0,110.748,102.816,1.993,1,11.995,78.862,4.796,1,93.265,10.728,2.914,0,1,0
1,22.0071,0,6.8487,1,0,0,2,6,19.8384,39.886,0,70.898,-1.767,18.842,1,65.315,7.821,3.947,1,8.311,8.74,0.904,0,1,0
1,28.6005,0,17.3287,0,1,0,2,2,10.3227,52.02,0,199.638,25.842,23.457,1,3.796,17.551,7.839,1,0.753,58.18,9.17,1,1,0
1,38.675,0,14.972,1,1,0,7,4,18.5155,14.823,0,70.633,91.445,2.699,1,58.391,53.659,3.941,1,69.024,33.753,0.767,0,1,0
0,38.3206,0,7.1967,1,1,2,0,6,13.8046,70.554,0,49.767,197.396,2.252,1,28.622,7.647,2.241,1,133.312,1.423,1.383,0,1,0
0,32.1781,0,19.9477,1,1,2,2,4,11.4826,44.787,0,171.66,39.913,25.112,1,58.278,48.595,0.64,1,9.007,84.167,2.27,0,1,0
0,29.8479,0,11.299,1,1,0,0,2,18.4956,59.113,0,48.815,41.154,19.444,1,61.394,55.519,13.436,1,47.862,7.57,0.611,0,1,0
1,48.1629,0,10.7011,1,0,2,2,3,18.5543,55.943,0,170.007,232.464,33.597,1,6.089,67.288,4.032,1,95.302,29.222,70.177,0,1,0
0,20.7047,0,3.0315,1,1,0,2,7,13.5067,96.271,0,143.347,306.778,30.268,1,47.95,22.509,8.467,1,91.729,78.948,0.167,0,1,0
1,22.1201,0,10.3351,1,1,0,5,2,10.6785,41.311,0,132.833,70.817,13.422,1,47.223,49.074,3.085,1,22.909,7.382,0.275,0,0,0
1,30.677,0,12.9413,1,1,1,5,8,13.5654,44.963,0,194.046,78.735,33.453,1,2.002,13.989,9.986,1,1.131,56.851,1.067,0,1,0
0,29.4509,0,10.3459,1,1,0,2,7,13.5551,68.351,0,42.258,16.455,21.976,1,6.918,64.042,9.326,1,40.543,45.812,35.173,0,0,0
1,27.9508,0,13.3309,1,1,0,5,6,15.4764,54.649,1,137.323,103.952,34.795,1,47.378,15.664,7.679,1,66.169,70.92,0.375,0,1,0
1,38.4269,0,13.6404,1,1,0,10,6,14.3125,31.014,0,133.528,125.407,27.15,1,46.816,11.963,2.903,1,164.695,68.479,0.25,0,0,0
1,31.1635,0,10.1543,1,1,2,6,1,14.9427,47.213,0,9.04,3.861,0.741,1,48.741,19.055,4.83,1,40.55,86.558,0.772,0,0,0
1,38.1795,0,10.5385,1,1,0,6,6,16.1064,59.649,0,145.118,7.985,39.49,1,89.919,6.797,9.385,1,35.539,88.93,0.63,0,1,0
1,31.523,0,14.5913,1,1,0,2,6,13.8766,56.887,0,111.033,19.336,33.107,1,12.914,76.213,2.38,1,36.704,78.22,0.102,0,1,0
0,38.6895,0,0.9001,1,1,1,5,6,24.5492,51.383,0,19.113,11.099,0.917,1,8.314,48.039,3.321,1,33.037,46.925,0.551,0,0,0
1,20.8086,0,9.0452,1,1,0,4,2,19.2844,59.533,0,194.616,410.452,33.577,1,51.04,110.784,2.342,1,7.856,62.921,1.373,0,1,0
1,38.9718,0,26.1482,1,1,0,2,7,18.3686,42.086,0,501.821,88.915,11.99,1,79.055,47.982,6.23,1,37.684,1.129,0.624,0,1,0
0,28.0702,0,13.1113,1,1,1,8,6,12.5491,54.956,0,193.625,267.792,32.249,1,16.159,56.186,6.199,1,66.06,86.732,0.072,0,1,0
1,28.1095,0,6.4594,1,1,0,2,8,15.9026,59.925,0,144.498,7.426,39.952,1,133.706,80.024,3.985,1,107.766,85.964,0.052,0,0,0
1,32.7507,0,19.1251,1,1,0,2,4,13.6184,70.827,0,52.052,69.312,2.926,1,19.005,15.102,4.038,1,31.12,53.376,0.211,0,1,0
1,38.6771,1,17.0087,1,1,0,2,8,18.4905,43.828,0,155.659,42.275,20.021,1,30.663,8.401,6.97,1,13.101,4.229,1.082,0,1,0
1,28.7738,0,0.718,0,1,0,8,9,13.5141,42.516,0,172.284,216.863,9.531,1,33.609,67.978,4.114,1,13.686,64.281,6.624,0,0,0
1,35.6295,0,9.1642,1,1,0,5,6,13.1991,58.581,0,148.586,19.366,13.933,1,49.984,13.463,9.513,1,18.618,10.723,0.175,1,1,0
1,28.0808,0,10.6396,1,1,0,2,2,17.1144,55.55,0,63.011,10.878,26.767,1,1.225,105.11,9.315,1,0.616,92.941,0.172,1,1,0
1,35.0708,0,18.5098,1,1,0,2,6,15.1125,50.545,0,7.852,16.904,33.121,1,2.498,18.054,93.519,1,240.207,87.326,1.787,0,1,0
0,28.5801,0,5.028,1,1,0,16,2,12.5447,59.26,0,60.546,99.916,22.039,1,45.248,26.923,3.562,1,3.278,80.077,0.07,0,1,1
1,35.7078,0,12.2752,1,1,1,2,1,15.6699,44.25,0,15.543,41.463,4.299,1,47.667,41.5,2.16,1,85.623,29.355,0.127,0,1,0
0,24.4075,0,5.0149,1,1,0,6,1,13.258,30.368,0,155.213,7.478,32.204,1,43.406,18.585,3.9,1,48.249,14.98,1.772,0,0,0
1,30.423,0,18.2713,1,1,0,2,2,11.4294,50.03,0,24.016,40.8,2.41,1,47.392,71.53,4.319,1,7.321,77.722,1.899,0,1,0
1,40.1007,0,16.9457,1,1,0,2,5,13.341,54.944,0,188.148,43.881,7.658,1,6.844,3.572,9.92,1,75.949,99.555,0.983,0,1,0
1,25.9252,0,15.4707,1,1,2,7,9,12.3188,50.017,0,55.936,201.213,1.685,1,61.047,107.043,3.449,1,65.281,68.27,0.973,0,1,0
0,38.18,0,19.3545,1,1,0,2,5,25.4721,57.041,0,50.413,212.333,29.973,1,50.272,4.073,9.917,1,107.224,86.577,11.671,0,1,0
1,38.1995,0,27.2079,1,1,1,2,7,12.8155,13.103,0,22.722,32.694,0.152,1,64.179,54.258,2.349,1,86.305,0.779,4.629,0,1,1
1,58.1704,0,10.6417,1,1,1,2,6,15.825,61.926,0,195.114,297.758,32.901,1,52.134,93.639,3.562,1,61.367,19.322,1.377,0,1,0
1,28.4918,0,18.9957,1,1,0,8,2,16.8157,50.765,0,194.813,1.183,3.156,1,49.693,0.57,3.325,1,61.227,74.851,0.171,0,1,0
1,38.4504,0,27.9488,0,1,2,6,7,13.5274,56.081,0,87.228,260.306,33.172,1,42.525,66.963,2.404,1,1.639,11.916,0.083,1,0,0
1,31.0299,0,2.0397,1,1,0,2,6,10.5567,53.443,3,74.517,541.878,23.288,1,18.811,191.003,4.7,1,0.299,75.531,0.677,0,1,0
1,38.0,0,12.2411,1,1,0,2,6,15.4325,94.054,0,104.598,79.443,20.142,1,15.399,2.204,5.924,1,69.166,76.163,0.18,0,1,0
1,38.783,0,15.8147,1,1,0,2,2,16.5145,52.664,0,94.846,19.479,32.044,1,48.253,140.547,2.041,0,77.256,88.875,1.287,0,1,0
0,37.3508,0,8.5302,1,1,1,6,2,19.7945,90.552,0,44.232,107.366,0.124,1,43.004,17.493,7.758,1,91.21,31.121,0.121,0,0,0
1,35.105,0,10.5186,1,1,1,1,7,8.4224,47.424,0,45.554,19.344,3.834,1,69.15,0.823,1.682,1,13.259,86.915,0.845,0,0,0
1,30.7043,0,13.8588,1,1,2,2,9,18.471,41.923,0,149.982,198.346,34.455,1,48.619,45.266,3.705,1,64.172,74.328,4.215,0,1,0
0,40.609,0,17.3093,1,1,0,1,2,18.2528,76.761,0,142.037,48.322,1.714,1,6.375,9.694,6.984,1,2.82,84.871,0.184,0,1,0
0,28.8698,0,17.6162,1,1,0,2,2,17.5884,57.24,0,150.97,241.818,33.281,1,59.226,94.218,9.557,1,161.063,9.726,21.374,0,0,0
1,24.5691,0,10.1372,1,1,0,14,2,25.5141,51.945,0,145.307,90.822,4.045,1,38.686,46.78,7.024,1,142.604,487.471,0.803,0,1,0
1,28.6737,0,13.0317,1,1,0,8,6,18.5911,19.563,0,185.503,17.658,16.744,1,61.011,61.337,2.432,1,1.569,65.811,0.07,0,0,1
1,38.1372,0,0.1503,1,1,0,2,5,14.1081,48.617,0,32.523,47.394,6.051,1,52.334,151.776,4.347,1,1.073,81.548,0.023,0,0,0
1,20.7776,0,10.6351,1,1,0,2,6,15.8942,95.903,0,329.002,71.71,20.081,1,18.305,88.519,3.772,1,79.969,1.918,0.327,0,1,0
1,17.6322,0,17.3525,1,1,0,0,2,15.4495,41.944,0,10.007,180.672,32.673,1,38.26,86.499,6.969,1,0.762,68.756,1.924,0,1,0
1,34.6079,0,3.5606,1,1,2,2,1,22.4456,33.915,0,196.547,32.473,28.278,1,50.294,46.984,3.266,1,0.281,86.74,0.087,0,1,0
1,28.5876,0,9.6115,1,1,1,2,8,16.4614,78.035,2,20.78,123.956,39.128,1,44.099,144.694,3.884,1,53.803,83.067,0.581,0,2,0
1,27.78,0,14.972,1,1,0,2,2,18.8419,50.674,0,167.551,49.16,19.772,1,2.421,26.556,3.02,1,94.769,81.576,2.3,0,0,0
0,38.4171,0,29.9157,1,1,2,6,6,18.0015,56.693,1,63.118,202.895,9.238,1,66.543,214.683,3.963,1,29.762,91.255,1.572,1,1,0
1,28.8858,0,18.5083,1,1,0,8,2,16.4243,69.966,0,141.885,114.602,0.202,1,7.241,23.004,0.039,1,9.619,46.078,8.52,0,1,0
1,31.1426,0,2.0922,1,1,2,2,1,12.7064,40.594,0,114.845,14.393,2.661,1,40.718,33.234,8.144,1,12.121,82.856,0.756,0,1,0
1,31.466,0,11.6197,1,1,0,2,8,12.5545,56.823,0,174.113,201.758,4.762,1,1.985,48.407,4.322,1,42.139,64.565,2.273,0,0,0
1,43.6054,0,13.1301,1,1,2,2,6,19.621,34.545,0,148.084,73.313,38.28,1,37.615,292.597,3.239,1,11.266,33.276,1.263,0,1,0
0,28.1908,0,18.0653,1,1,0,11,8,19.8543,59.563,0,548.379,119.173,33.216,1,2.902,78.695,5.546,1,47.413,71.52,0.04,0,1,0
0,19.605,0,18.0137,1,0,0,2,8,13.5657,56.707,0,171.742,56.331,22.835,1,4.246,82.4,0.916,1,85.429,77.926,6.281,0,1,0
1,30.2243,0,0.9713,1,1,0,8,9,16.5127,59.39,0,138.27,646.853,3.151,1,42.681,71.405,4.339,1,60.123,41.586,0.577,1,1,1
1,38.423,0,15.4631,1,1,0,9,7,12.9895,59.583,0,179.895,14.955,6.215,1,47.201,74.955,39.439,1,11.865,82.356,0.15,0,1,0
1,34.121,0,18.7683,1,1,2,10,8,16.719,51.908,0,157.808,260.884,9.006,1,9.497,109.815,2.129,1,17.069,47.143,6.912,0,0,0
1,38.9069,0,20.0178,1,1,0,12,8,13.3887,44.155,0,124.053,660.317,11.632,1,67.719,46.495,3.999,1,62.335,87.831,0.275,0,1,0
1,33.703,0,27.4059,1,1,0,4,1,18.6749,61.746,0,92.159,149.555,0.217,1,7.894,47.945,0.817,1,41.256,1.97,0.386,1,1,0
0,30.567,0,10.7301,1,1,0,1,6,11.4488,50.372,0,21.593,49.419,39.192,1,6.385,10.649,0.381,1,65.784,91.423,26.602,0,1,0
1,23.6529,0,10.9648,1,1,1,6,4,18.5787,52.073,0,84.175,264.603,19.694,1,4.015,97.473,33.019,1,9.12,54.941,0.272,0,1,0
1,28.1289,0,10.3209,1,1,0,2,8,20.9691,56.822,0,247.82,296.455,8.997,1,5.078,14.411,0.389,1,31.926,67.324,0.662,0,1,0
1,32.6055,0,8.6359,1,1,0,1,6,11.6625,49.053,0,59.589,89.324,0.27,1,46.219,57.704,3.423,1,11.402,50.258,0.972,0,1,0
1,28.8539,0,12.9481,1,1,0,2,5,13.5557,64.147,0,194.308,70.884,37.975,1,8.202,153.694,8.731,1,67.96,73.746,5.07,0,1,0
1,24.6763,0,17.1499,1,1,0,2,4,17.8125,57.57,0,149.028,17.723,22.752,1,9.319,41.883,3.918,1,865.765,85.722,0.178,1,1,0
1,30.169,0,10.6447,1,1,0,5,9,15.8152,53.982,0,89.853,317.4,2.796,1,7.222,21.27,3.613,1,46.145,1.821,1.967,0,1,0
1,26.8007,0,13.9316,1,1,0,6,2,15.0346,46.023,0,87.534,534.337,24.654,1,12.485,13.239,5.308,1,81.643,67.942,0.07,0,1,0
1,20.6009,0,13.9087,1,1,1,2,8,15.049,69.499,0,135.845,280.315,37.097,1,44.554,40.48,7.228,1,70.125,5.615,1.467,0,1,0
0,38.707,0,24.9216,1,1,2,2,6,18.0458,43.093,0,109.339,273.77,9.96,1,0.919,54.711,4.105,1,41.109,41.985,0.856,0,1,0
0,20.6988,0,10.5003,1,1,0,5,9,18.8755,88.334,0,70.847,299.374,12.692,1,68.491,45.231,6.443,1,41.735,66.03,0.517,0,1,0
1,38.483,0,18.3137,1,1,0,2,1,11.4302,50.94,0,49.5,5.366,33.5,1,49.694,13.932,8.254,1,41.762,63.751,0.631,0,1,0
1,20.8551,0,10.6151,1,1,0,4,6,16.3237,50.243,0,66.41,13.098,11.715,1,42.099,90.766,9.521,1,9.363,76.759,5.224,0,1,0
1,31.4573,0,19.2099,1,1,0,5,5,18.9714,64.843,0,21.749,293.452,0.263,1,0.483,46.457,9.489,1,70.708,3.399,9.5,0,1,0
1,35.0976,0,19.3559,1,0,0,2,2,12.0734,44.616,0,81.628,214.823,28.213,1,30.305,0.91,8.617,0,90.633,84.34,0.019,0,1,0
1,20.8928,0,10.9381,1,1,0,6,2,13.3242,58.509,0,113.088,0.879,2.618,1,6.851,10.513,9.482,1,120.891,48.949,20.672,0,1,0
0,24.385,0,20.304,0,1,2,2,8,12.1253,14.976,0,132.088,36.456,33.937,1,11.782,86.763,2.185,1,63.716,14.173,6.31,0,1,0
1,30.1202,0,14.9228,1,1,2,5,2,15.5007,42.52,0,72.459,49.313,21.952,1,49.399,72.275,4.214,1,160.229,48.41,5.056,0,1,0
1,38.801,0,12.9797,1,1,2,8,1,15.7638,48.293,0,49.422,6.599,14.25,1,41.766,102.11,3.931,1,4.131,18.087,5.967,0,1,0
0,38.0778,0,12.5713,1,1,0,2,1,12.4167,54.65,0,193.833,78.954,22.992,1,48.695,117.256,4.319,1,41.366,47.075,0.167,0,1,0
1,28.302,1,16.0461,1,1,1,2,1,14.6365,45.117,0,44.112,0.45,30.253,1,93.695,10.753,8.318,1,70.341,64.675,0.655,0,1,0
1,38.1055,0,11.3591,1,1,0,1,6,19.5798,56.562,0,104.403,104.043,22.292,1,48.021,56.914,9.671,1,105.973,86.79,0.247,0,1,0
0,38.7925,0,12.4097,1,1,1,2,8,16.1197,55.232,0,161.5,190.759,32.255,1,42.494,5.795,4.679,1,22.244,8.478,1.374,0,1,0
1,32.2703,0,10.4051,1,1,0,2,8,16.5707,54.907,0,114.818,-35.134,33.737,1,43.815,10.403,3.662,1,9.807,77.946,0.513,0,1,0
1,36.4825,0,4.0708,0,1,0,2,2,16.5698,49.915,0,315.84,-20.852,23.452,1,69.001,6.744,1.912,1,115.192,10.57,0.677,0,1,0
0,28.8055,0,1.9183,1,1,0,1,6,13.8895,52.021,0,154.63,111.433,21.114,1,68.453,0.481,8.628,1,18.629,83.071,8.661,0,1,0
1,28.6852,0,17.9488,1,1,0,2,3,11.8795,57.949,0,192.486,32.645,32.367,1,56.532,46.133,3.581,1,105.682,26.363,10.162,1,1,0
1,28.6851,0,13.9387,1,1,0,15,6,15.4241,58.973,0,22.667,38.464,20.292,1,48.334,7.905,0.932,1,25.553,58.023,9.123,0,1,0
1,35.0855,0,18.3583,1,1,0,2,6,13.8445,79.554,0,133.407,46.059,20.122,1,1.152,71.904,3.916,1,102.901,72.85,0.747,0,1,0
1,27.1059,0,16.4047,1,1,0,6,7,16.5155,42.494,0,146.293,326.051,27.65,1,48.518,97.238,4.886,1,43.693,96.65,1.56,0,1,0
1,28.6758,0,19.6363,1,1,0,2,5,10.4139,50.807,0,198.206,577.816,17.923,1,44.809,58.915,3.089,1,99.161,72.951,1.863,0,1,0
0,28.1788,0,17.8447,1,1,0,2,6,17.8087,97.915,0,87.886,15.856,37.995,1,1.321,27.214,8.139,1,97.201,76.442,0.077,0,1,0
0,28.2305,0,10.9419,1,1,0,2,9,10.3821,46.099,0,113.5,256.326,29.774,1,19.414,103.741,2.226,1,0.623,71.373,3.588,0,1,0
0,30.1727,0,10.5017,1,1,2,1,8,18.5787,13.853,0,71.842,1.323,0.238,1,61.256,56.524,0.583,1,11.173,83.86,4.977,0,1,0
0,38.925,0,4.0307,1,1,0,2,2,18.4613,84.234,0,144.217,16.33,0.784,1,14.292,13.288,7.168,1,70.965,92.355,0.917,1,1,0
1,28.9814,0,9.477,1,1,0,2,5,11.3853,69.815,0,41.743,89.383,33.793,1,7.093,6.655,9.257,1,45.999,71.912,0.98,0,1,0
0,31.1482,0,18.407,1,1,0,1,6,21.5244,55.943,0,110.097,7.357,30.152,1,69.459,3.573,2.044,1,52.909,78.328,0.122,0,1,0
0,18.4726,0,18.5084,1,1,0,8,2,18.6528,49.97,0,0.523,47.374,30.814,1,12.375,4.924,3.935,1,41.669,81.541,1.61,0,1,0
1,20.0901,0,9.9688,1,1,2,6,8,11.3041,46.953,0,114.106,20.46,8.664,1,1.796,97.408,3.13,1,13.34,57.32,0.18,0,0,0
0,30.0836,0,26.23,1,1,0,6,7,19.8024,51.853,0,174.589,0.466,22.492,1,2.007,17.299,7.43,1,18.769,64.745,0.312,0,1,0
1,32.789,0,6.6324,1,1,0,8,9,19.3227,54.831,0,133.663,35.374,33.25,1,3.648,6.184,6.985,1,22.917,81.48,0.177,0,1,0
1,35.2621,0,11.5068,1,1,0,3,2,25.503,44.545,0,115.012,26.851,0.276,1,11.415,84.989,0.865,1,31.219,11.254,0.075,1,1,0
1,38.9761,0,10.3787,1,1,0,2,3,15.5164,49.084,0,94.838,62.361,0.241,1,12.32,27.439,2.921,1,77.367,77.929,1.157,0,1,0
1,38.6538,0,14.9189,1,1,0,2,2,13.5644,29.927,0,116.889,117.212,12.912,1,42.647,3.517,0.68,1,21.161,57.029,21.952,0,1,0
1,38.3728,0,2.3167,1,1,0,2,2,19.5522,51.064,0,172.608,46.377,9.681,1,19.686,7.642,3.783,1,65.361,72.763,24.347,0,1,0
1,22.4014,0,10.5005,1,1,1,2,2,12.4615,56.925,0,7.839,31.642,2.09,1,59.323,51.954,3.919,1,65.272,65.374,0.779,0,1,0
1,28.1868,0,10.2242,1,1,0,2,6,14.8445,44.326,0,3.154,4.061,22.995,1,76.301,19.962,2.238,1,2.633,72.373,1.183,0,0,1
1,35.749,0,2.9017,1,1,1,8,5,22.3089,54.921,0,193.61,210.503,39.218,1,57.291,24.095,3.825,1,25.065,87.922,1.138,0,1,0
1,38.425,0,18.1948,1,1,0,9,2,10.4685,46.854,0,11.533,88.866,2.052,1,2.319,42.914,6.347,1,41.621,5.574,0.217,1,1,0
1,31.426,0,1.4347,1,1,1,2,2,16.329,69.664,0,33.486,7.356,39.293,1,48.421,50.52,4.344,1,74.133,68.07,1.12,0,1,0
1,24.9759,0,12.058,1,1,0,2,2,18.5485,52.054,0,119.019,-8.356,9.465,1,48.783,95.284,8.045,1,91.553,4.131,0.313,0,1,0
1,32.6507,0,19.1493,1,1,0,2,8,18.4142,44.964,0,34.817,124.577,36.655,1,43.808,12.995,4.875,1,269.353,88.856,1.181,0,1,0
1,38.8611,0,19.3019,1,1,0,2,2,16.9459,34.244,0,147.023,-1.338,32.534,1,45.299,90.52,8.617,1,58.194,1.525,0.005,0,1,0
0,35.5628,0,16.8315,1,1,0,4,2,11.3777,52.933,0,81.64,10.475,4.022,1,1.435,91.283,2.361,1,7.895,21.52,0.977,1,1,0
0,68.3375,0,17.3546,1,1,2,1,9,13.8222,54.961,0,113.436,35.358,29.23,1,52.091,7.928,1.082,1,95.169,81.728,0.044,1,1,0
1,23.9641,0,10.6087,1,1,0,8,3,17.8204,53.145,0,113.538,9.295,22.291,1,3.485,4.213,4.381,1,4.63,86.858,0.147,0,1,0
1,24.339,0,3.9021,1,1,0,1,5,11.3593,77.27,0,139.35,213.028,1.715,1,68.982,6.979,6.58,1,177.639,98.96,4.773,0,1,0
1,38.8415,0,7.9689,1,1,0,2,7,15.5619,55.525,0,100.953,198.496,6.344,1,19.466,93.563,9.63,1,0.108,77.725,22.567,0,1,0
1,22.9754,0,10.9086,1,1,1,2,2,16.0237,59.954,0,77.056,49.496,32.919,1,38.599,60.971,1.378,1,51.169,49.195,0.941,0,1,0
0,38.3209,0,1.8107,1,1,1,5,2,10.8492,51.949,0,84.717,10.959,3.463,1,50.263,71.002,4.586,1,11.292,57.272,1.53,0,0,0
1,25.0404,0,19.9835,1,1,1,2,3,14.6509,53.965,0,135.038,79.33,0.462,1,51.838,65.113,3.58,1,77.421,52.227,0.265,0,0,0
0,28.1572,0,12.1103,1,1,2,8,2,13.8162,19.923,0,54.035,67.716,30.152,1,43.599,147.989,0.33,1,75.114,92.498,0.767,0,1,0
1,30.3287,0,10.1717,1,1,0,11,8,16.3857,88.945,0,125.019,-15.361,19.236,1,49.751,127.972,1.333,1,50.147,78.805,0.564,0,1,0
0,31.6655,0,0.7354,1,1,0,1,2,16.5722,51.175,0,111.513,46.751,26.188,1,43.661,11.96,5.932,1,5.235,93.355,1.022,0,1,0
1,23.1957,0,14.5751,1,1,0,14,2,15.5041,66.954,0,144.61,6.239,22.664,1,69.399,12.193,3.342,1,93.269,39.942,0.758,0,1,0
1,32.6008,0,10.3967,0,1,0,5,2,12.0446,52.553,0,10.084,528.302,12.187,1,91.68,51.798,6.347,1,5.39,88.777,0.929,0,1,0
0,22.79,0,13.6224,0,1,0,2,2,13.4676,56.804,0,130.353,83.166,39.577,1,32.514,60.544,6.031,1,81.203,72.778,0.422,0,1,0
1,30.8078,0,10.5193,1,1,1,8,2,14.8529,64.234,0,134.572,520.342,11.914,1,163.907,73.425,1.36,1,41.628,89.726,0.777,0,1,0
0,35.3841,0,19.7414,1,1,0,2,2,15.5295,54.615,0,113.282,9.843,11.484,1,51.678,42.59,2.032,1,61.658,33.276,0.778,0,1,0
0,44.9016,0,18.1377,1,1,0,8,2,15.7251,50.954,0,9.323,115.992,9.452,1,61.995,14.28,4.78,1,4.635,34.958,1.277,0,1,0
1,32.869,0,18.8198,1,1,0,0,2,12.816,44.487,0,139.824,49.023,19.551,1,0.021,9.069,4.38,2,102.751,90.81,0.971,0,1,0
1,30.055,0,10.8746,1,1,0,6,8,12.8016,54.143,0,192.264,12.952,2.265,1,48.994,18.223,3.388,1,0.528,87.75,0.187,0,0,0
1,38.1407,0,9.9166,1,1,0,2,8,12.5746,54.36,0,94.446,42.895,13.695,1,66.683,9.458,4.83,1,49.269,73.91,0.137,0,0,0
1,21.3821,0,9.9109,1,1,0,6,5,12.4225,39.859,0,174.787,46.808,17.836,1,2.691,21.975,0.539,1,41.969,6.573,1.203,0,0,0
1,38.6408,0,11.0193,1,1,0,2,6,12.4229,59.915,0,96.582,71.453,9.748,1,48.114,64.662,4.921,1,90.761,73.331,2.12,0,1,0
1,32.7793,0,12.8083,1,1,0,2,7,16.0514,56.89,0,178.713,195.372,30.753,1,5.081,12.523,4.389,1,95.777,74.065,0.092,0,1,0
1,32.6455,0,11.3605,1,1,0,6,2,14.9147,59.442,0,40.824,69.456,30.265,1,33.694,8.747,4.787,1,51.801,83.541,5.642,0,1,0
1,31.4178,0,12.6003,1,1,0,5,8,14.7063,52.613,0,108.394,265.523,30.264,1,31.925,20.081,30.976,1,95.117,94.475,0.679,0,1,0
1,32.1707,0,12.0593,1,1,1,1,2,13.844,69.124,0,64.046,1.218,24.262,1,1.917,45.163,4.771,1,29.728,98.955,0.776,0,1,0
1,38.4195,0,14.4701,1,1,0,4,2,15.5107,1.243,0,132.648,65.912,22.297,1,48.745,15.283,2.417,1,34.123,51.873,0.075,0,1,0
1,38.4666,0,1.9597,1,1,0,8,2,22.8583,96.636,0,168.708,276.956,6.162,1,69.315,17.202,7.69,1,6.126,41.526,0.18,0,1,0
1,37.0896,0,12.3887,1,1,0,1,2,11.8984,58.044,0,122.089,40.028,30.652,1,49.071,117.949,0.68,1,4.05,61.875,20.264,0,0,0
0,30.2005,0,18.6488,1,1,0,2,1,12.6614,49.823,0,42.099,296.152,34.251,1,66.48,50.979,3.94,1,135.23,73.934,0.071,0,1,0
0,32.2498,0,10.3364,1,1,0,2,6,15.4252,44.83,0,43.593,10.406,38.526,1,98.017,87.918,8.3,1,60.765,56.761,0.776,0,1,0
1,23.1958,0,13.5603,1,1,0,2,8,10.1127,68.865,0,142.013,14.367,2.037,1,48.616,65.693,4.389,1,92.174,1.521,0.556,0,0,0
1,23.3462,0,2.632,1,1,2,2,8,15.5723,4.403,0,143.881,356.378,10.05,1,45.466,1.008,4.92,1,41.781,72.875,9.902,0,1,0
1,38.369,0,0.9798,1,1,0,0,2,11.4081,71.934,0,113.089,82.456,20.222,0,8.068,85.789,0.429,1,22.586,78.972,2.962,0,1,0
1,38.5081,0,19.3005,1,1,0,2,2,14.3527,58.806,0,95.467,46.857,27.368,1,68.813,47.224,0.088,1,44.669,87.996,0.047,0,0,0
1,33.1637,0,18.7553,1,1,0,10,2,1.4501,54.533,0,152.659,11.362,2.329,1,43.333,73.291,4.789,1,17.36,3.417,0.055,0,1,0
1,30.1902,0,12.868,1,1,0,2,2,15.6544,51.713,0,149.485,19.35,20.276,1,42.53,52.903,3.173,1,65.65,86.913,0.117,0,1,0
1,24.1606,0,19.4433,1,1,2,6,1,16.0779,72.173,0,180.116,37.258,19.214,1,55.013,46.694,3.008,1,9.651,70.878,1.89,0,1,0
1,28.4808,0,13.0496,1,1,0,2,1,17.5427,46.565,0,15.444,7.714,2.458,1,3.999,100.655,2.192,1,69.722,57.989,0.582,0,1,0
1,30.1878,0,0.9821,1,1,2,2,4,17.5374,48.27,0,170.038,99.881,30.233,1,66.593,52.593,9.289,1,45.711,7.217,2.237,0,1,0
1,35.281,0,14.1331,1,1,0,2,8,15.262,58.663,0,188.882,2.172,11.732,1,2.2,6.465,11.631,1,115.131,96.171,0.947,0,0,0
0,45.6005,0,13.8773,1,1,0,2,2,16.8025,8.413,0,70.785,201.378,9.264,1,60.485,7.933,8.663,1,5.503,48.977,0.121,0,1,1
1,22.3808,0,19.2021,1,1,1,2,9,23.2591,59.226,0,107.524,44.364,30.956,1,8.851,21.147,3.328,1,5.113,24.976,0.012,0,1,0
1,34.6008,0,18.8209,1,1,0,0,2,18.7044,84.949,0,149.607,139.451,15.115,1,3.378,63.27,4.706,1,41.294,157.887,0.837,0,1,0
1,38.3561,0,16.5928,1,1,0,2,4,16.0946,51.613,0,37.54,318.358,0.227,1,41.399,66.96,3.345,1,150.415,61.175,2.96,1,1,0
1,33.651,0,17.3563,0,1,0,2,5,15.6663,52.944,0,508.932,30.977,29.715,1,52.227,13.223,4.375,1,13.066,24.985,4.881,0,1,1
0,38.4315,0,19.9904,1,1,0,2,2,16.4185,56.38,0,145.749,149.945,7.174,1,19.991,108.621,1.332,1,69.161,54.183,0.281,0,1,0
1,38.9911,0,19.2088,1,1,0,6,2,19.7471,40.499,0,112.048,10.052,11.944,1,60.303,13.983,4.994,1,62.924,14.048,5.262,0,1,0
1,30.5906,0,13.0736,1,1,0,8,2,14.5404,67.217,0,40.545,249.331,39.339,1,61.618,91.217,3.945,1,1.629,76.775,0.677,0,1,0
1,32.177,0,19.6919,1,1,0,2,3,19.3177,33.84,0,109.713,15.364,1.981,1,17.421,10.168,6.331,1,189.56,187.151,0.075,0,0,0
1,38.8876,0,2.0648,1,1,0,0,2,13.249,42.645,0,100.093,47.871,2.108,1,92.086,135.995,9.98,1,13.926,60.115,0.947,0,0,1
1,28.9731,0,17.9472,1,1,2,8,2,32.5107,18.253,0,94.07,226.365,2.215,1,73.192,60.417,8.732,1,85.548,57.103,1.333,0,1,0
0,38.6611,0,10.3404,1,1,1,2,2,14.6724,57.56,0,137.678,67.616,22.19,1,76.068,22.506,2.012,1,45.26,58.779,0.992,1,1,0
1,22.6555,0,14.3054,1,1,1,8,6,13.5009,58.566,0,141.59,-46.379,29.961,1,8.292,7.405,9.978,1,109.433,84.212,9.004,0,1,0
1,34.3777,0,28.6005,1,1,0,2,5,13.9454,51.055,0,35.089,141.513,22.251,1,21.518,82.283,3.964,1,68.038,38.951,5.958,0,1,0
1,21.2094,0,13.0139,1,1,0,2,2,19.4435,58.657,0,177.508,10.365,19.962,1,62.292,45.517,6.088,1,5.989,72.258,0.122,0,1,0
1,22.9665,0,14.9986,1,1,1,2,2,16.0106,24.544,0,95.017,9.312,36.124,1,40.473,47.425,8.383,1,163.209,5.171,4.118,0,1,0
1,38.3309,0,13.7307,1,1,2,2,3,12.985,56.915,0,37.773,130.191,12.292,1,8.397,16.973,0.91,1,53.16,85.17,0.59,1,1,0
1,38.9042,0,13.0008,1,1,0,1,2,14.6753,50.557,0,74.613,202.841,3.292,1,40.484,96.501,0.161,1,44.128,0.355,4.284,0,1,0
1,35.4741,0,8.472,1,1,0,2,6,16.8389,41.954,0,74.895,46.877,18.179,1,0.143,10.51,13.979,1,23.183,277.278,1.623,0,1,0
1,21.386,0,19.1253,1,1,2,3,2,10.4792,59.203,0,107.502,88.173,29.112,1,23.918,19.083,6.238,1,199.665,74.451,0.718,0,0,0
1,20.255,0,10.4914,1,1,0,2,8,17.8124,29.113,0,144.158,10.408,53.476,1,62.25,47.237,2.957,1,26.293,82.839,1.287,0,1,0
0,28.3211,0,17.9049,1,1,2,0,2,16.8,41.665,0,3.035,289.376,33.577,1,23.099,36.174,3.903,1,1.325,82.323,1.817,0,0,0
0,38.69,0,15.3547,0,1,2,8,2,15.5535,59.945,0,117.798,31.015,1.17,1,97.143,1.473,18.339,1,43.196,56.726,0.468,0,1,0
1,30.6458,0,9.8565,1,1,0,19,1,18.4724,56.944,0,147.741,56.374,19.086,1,42.114,40.944,6.992,1,1.763,89.952,0.372,0,1,0
0,38.4725,0,11.6915,1,1,0,2,8,12.4434,49.939,0,60.231,11.384,30.402,1,16.631,1.662,3.947,1,291.012,52.44,17.075,0,1,0
1,38.1868,0,23.9569,0,1,0,2,6,16.1427,44.845,0,199.471,12.451,23.947,1,46.486,55.179,3.216,1,49.352,383.062,0.613,0,0,0
1,31.1171,0,19.9461,0,1,0,1,2,16.4444,55.259,0,36.173,19.317,21.732,1,3.044,37.993,7.307,1,23.119,59.173,8.07,0,0,0
0,38.8045,0,7.2434,1,1,0,9,2,14.4619,51.824,0,172.443,100.3,0.788,1,42.676,10.56,8.31,1,45.153,8.958,0.248,0,1,0
1,38.0995,0,17.4067,1,1,1,2,5,12.19,51.346,0,0.539,88.487,32.139,1,29.46,6.917,0.08,1,61.211,45.616,8.939,1,1,0
0,38.1498,0,14.9593,1,1,2,8,6,15.474,55.863,0,71.509,14.374,33.312,1,43.611,74.443,2.429,1,111.63,76.926,0.592,1,1,0
1,38.6892,0,13.816,1,1,0,4,2,17.4127,59.66,0,35.466,205.492,32.732,1,26.812,9.639,8.709,1,2.17,55.513,1.172,0,1,0
0,24.163,1,2.3152,1,1,0,6,2,16.4674,57.003,0,342.758,26.011,0.202,1,59.006,5.98,4.641,1,59.397,44.82,1.74,1,1,0
0,28.8309,0,19.8798,1,1,1,2,8,13.9991,89.953,0,48.888,93.386,16.974,1,17.439,14.994,0.629,1,63.674,53.546,1.077,0,1,0
1,33.6008,0,24.371,1,1,2,1,8,48.9551,66.934,0,111.079,69.762,0.057,1,69.033,68.615,3.141,1,66.148,32.852,0.427,0,1,0
1,42.4709,0,6.6373,1,1,0,1,2,12.6547,86.723,0,44.005,58.418,32.917,1,48.814,58.441,9.524,1,40.263,15.212,0.272,0,1,0
1,38.0747,0,7.2421,1,1,2,0,3,15.2924,54.181,0,48.741,271.896,32.156,1,11.398,78.211,3.922,1,7.653,90.75,0.268,0,1,0
0,23.8772,0,19.4514,1,1,0,2,2,12.8641,59.826,0,146.502,15.526,2.974,1,2.211,25.033,3.242,1,11.112,11.316,4.082,0,1,0
1,38.7896,0,10.6183,1,1,0,6,1,16.3583,36.99,0,110.775,19.834,28.274,1,36.111,43.55,9.523,1,90.193,92.172,0.36,0,1,0
1,41.1895,0,13.0496,1,1,2,2,2,18.9454,11.26,0,72.034,40.296,28.226,1,48.534,4.377,2.189,1,53.903,59.309,0.903,0,1,0
1,38.152,0,3.1646,1,1,1,2,2,14.6845,39.84,0,162.115,223.866,32.22,1,2.299,50.864,6.341,1,102.062,30.531,0.378,0,1,0
1,32.7633,0,10.8886,1,1,0,2,2,15.8427,46.803,0,154.567,19.356,10.864,1,6.598,74.095,3.314,1,43.303,81.355,1.27,0,1,0
0,34.9726,0,18.9467,1,1,0,6,2,19.5387,58.524,0,191.577,29.284,29.22,1,1.455,53.503,9.727,1,61.055,8.357,0.717,1,1,0
1,31.4059,0,16.1066,1,1,0,5,2,12.4824,59.639,0,35.538,32.496,0.794,1,68.345,10.547,3.481,1,119.939,64.279,9.185,1,0,0
1,20.1704,0,11.0328,1,1,2,2,6,22.1074,52.223,0,118.59,110.951,9.585,1,42.349,86.371,4.535,1,61.939,44.927,0.24,0,1,0
1,22.6038,0,17.8003,1,1,0,2,2,16.9267,74.115,0,187.643,211.522,39.956,1,66.612,14.718,3.155,1,12.169,70.079,0.182,1,1,0
1,22.1758,0,14.6075,1,1,0,5,2,16.4586,55.523,0,139.43,102.314,19.752,1,48.411,66.238,9.585,1,1.228,39.123,0.95,0,0,0
1,35.6605,0,17.8811,1,1,0,2,9,10.5945,58.625,0,93.728,0.748,30.184,1,9.649,88.958,4.583,1,173.682,16.771,4.793,0,1,0
1,34.1151,0,19.6506,1,1,2,3,7,13.5951,78.643,0,175.098,10.37,10.431,1,0.411,23.863,4.66,1,48.221,86.592,9.177,1,0,0
0,20.6028,0,7.5898,1,1,1,2,2,15.7664,31.266,0,137.974,-19.326,23.638,1,68.596,28.932,0.962,1,41.776,73.536,0.503,0,1,0
1,32.2231,0,16.2402,1,1,0,2,3,11.5445,53.24,0,136.428,19.043,1.946,1,0.904,17.457,8.331,1,56.226,20.17,1.278,0,1,0
0,48.3705,0,18.9916,1,1,0,2,2,16.3955,48.859,0,134.908,242.834,34.711,1,40.989,86.546,8.954,1,13.223,50.758,0.047,0,1,0
0,38.3676,0,0.9893,1,1,2,0,3,18.8725,58.958,0,72.514,-38.325,33.939,1,11.423,65.088,1.946,1,41.553,54.725,0.275,1,1,0
0,38.0841,0,13.95,0,1,2,13,3,18.6953,44.449,0,76.813,374.297,3.185,1,61.194,6.59,3.94,1,5.223,47.742,0.22,0,1,0
1,34.8767,0,12.0017,1,1,0,2,2,14.3914,98.56,0,113.832,-89.62,36.18,1,3.714,25.772,2.584,1,6.951,73.22,0.132,0,1,0
1,38.6977,0,19.1047,1,1,0,2,3,14.8254,57.47,0,59.413,220.815,36.618,1,41.151,44.56,8.946,1,97.621,7.115,1.528,0,1,0
0,38.3437,0,12.3003,0,1,0,5,2,10.7454,41.695,0,155.5,22.614,2.212,1,55.895,43.194,3.596,1,10.069,22.557,0.985,0,1,0
0,26.7705,0,19.9583,1,1,1,3,5,11.2624,61.624,0,141.017,242.527,6.904,1,38.931,3.545,0.877,1,296.133,69.945,2.504,0,1,0
1,28.337,0,2.9557,1,1,0,2,2,16.8557,59.22,0,150.572,10.896,3.437,1,9.419,13.791,0.535,1,165.769,24.45,0.145,0,1,0
1,38.4775,0,11.5023,1,1,2,1,8,14.5027,56.815,0,101.666,3.451,33.25,1,74.019,13.973,4.943,1,93.629,31.953,1.274,0,1,1
1,38.515,0,13.1381,1,1,0,1,1,17.8315,54.245,0,159.412,40.848,3.683,1,8.669,64.664,1.989,1,46.009,33.956,1.663,0,0,0
1,38.3084,0,19.5053,1,1,0,2,5,16.4179,59.194,0,170.887,99.457,6.455,1,0.616,77.984,4.562,1,65.613,5.711,0.867,0,1,0
1,38.262,0,10.3259,1,1,1,8,2,13.2038,59.042,0,119.749,14.495,16.208,1,38.099,46.697,1.942,1,102.903,6.029,0.134,0,1,0
1,28.3729,0,10.8106,1,1,0,2,6,16.6699,58.125,0,111.563,25.825,29.364,1,42.145,70.295,3.92,1,100.169,93.773,0.612,0,0,0
1,38.8729,0,18.6386,1,1,0,6,8,11.8669,54.964,0,73.783,98.863,0.706,1,69.606,94.489,7.359,1,181.358,26.95,0.067,0,1,0
1,22.0208,0,19.9127,1,1,0,3,2,16.8098,57.246,0,104.598,30.155,16.099,1,47.843,7.884,6.321,1,1.625,11.275,0.66,1,1,0
1,38.7069,0,4.8057,1,1,1,4,8,10.5567,53.997,0,146.092,79.052,12.917,1,48.32,48.926,2.335,1,9.265,41.524,0.596,0,1,0
1,38.329,0,20.9131,1,1,1,1,2,17.4577,51.425,0,54.3,29.092,16.135,1,60.459,90.688,9.326,1,4.293,61.128,0.532,0,0,0
1,25.6655,0,3.9158,1,1,0,2,6,24.3024,49.246,0,27.78,58.355,10.142,1,12.94,49.813,8.331,0,63.513,66.355,1.277,0,0,0
1,38.6022,0,14.6545,1,1,0,1,2,16.8491,9.826,0,100.31,45.389,36.803,1,38.696,17.714,8.419,1,70.821,178.718,2.077,0,1,1
1,38.1025,0,12.4054,1,1,0,1,9,12.9481,59.8,0,124.616,36.464,0.612,1,104.399,17.443,0.629,1,44.669,30.125,9.07,0,0,0
1,30.3751,0,10.5609,1,1,2,6,1,18.1596,72.145,0,149.707,17.366,9.9,1,5.251,68.914,8.979,1,82.961,62.421,1.072,0,1,0
0,20.3809,0,10.1401,1,1,0,2,2,15.5304,54.942,0,2.473,76.314,10.092,1,69.663,7.434,2.963,0,7.203,78.122,6.086,0,1,0
0,39.5056,0,19.8052,1,1,2,6,6,26.8675,35.604,0,99.514,7.897,9.227,1,61.322,14.686,8.269,1,6.769,12.083,1.212,0,1,0
0,38.0608,0,11.8407,1,1,0,6,3,10.8715,57.594,0,103.552,24.403,18.92,1,1.318,23.407,4.329,1,2.022,70.856,0.274,0,1,0
1,25.3708,0,11.9857,1,1,0,2,4,13.5104,57.833,0,157.882,69.358,33.452,1,0.145,59.455,3.43,1,111.209,51.499,1.583,0,1,0
1,36.7453,0,13.1203,1,1,0,2,8,18.4956,56.426,0,96.782,0.448,22.944,1,1.435,46.583,3.705,1,22.351,0.555,0.901,0,1,0
1,38.9,0,16.5587,1,1,2,16,2,14.4134,69.225,0,96.807,-25.869,0.222,1,38.471,51.978,9.939,1,0.138,53.853,0.062,0,1,0
1,38.6279,0,10.3085,1,1,0,2,3,19.5452,56.923,0,171.81,19.47,20.481,1,13.229,46.417,4.08,1,61.039,44.872,0.872,0,0,0
1,20.1626,0,17.1251,1,1,1,6,5,16.2732,30.066,0,149.698,6.499,31.268,1,75.414,8.799,3.414,1,165.163,78.975,1.732,0,1,0
0,38.1255,0,4.1511,1,1,0,1,6,18.8604,29.827,0,54.447,10.344,14.218,1,12.399,6.428,2.985,1,108.311,71.875,0.121,0,0,0
0,38.826,0,3.9345,1,1,1,0,2,19.3055,58.28,0,189.589,59.379,8.716,1,1.141,16.889,3.779,1,1.133,315.925,0.118,0,1,0
1,43.7447,0,7.6202,1,1,0,5,6,14.3299,52.954,0,223.541,90.695,20.454,1,42.684,12.69,4.992,1,282.283,84.121,0.014,0,1,0
1,20.3604,0,4.9605,1,1,2,10,9,19.1727,56.615,0,44.818,222.452,39.938,1,52.236,70.729,9.389,1,43.156,24.855,8.238,1,1,0
1,45.9001,0,0.8761,0,1,2,6,2,12.6856,59.523,0,95.249,247.46,22.749,1,52.299,25.505,9.028,1,40.016,28.161,0.274,0,1,0
1,24.5718,0,12.5754,1,1,0,10,6,18.4849,58.045,0,64.065,78.374,29.182,1,52.498,29.743,7.698,1,98.823,7.773,2.011,0,1,0
1,32.705,0,26.7653,1,1,0,2,2,13.5649,4.509,0,13.347,49.312,16.262,1,63.193,59.588,4.202,1,95.951,33.437,1.952,0,1,0
0,23.2735,0,17.5079,1,1,2,10,5,18.8687,57.597,0,164.553,218.958,32.4,1,79.2,56.309,4.285,1,1.988,91.953,0.002,0,1,0
1,38.08,0,12.0056,1,1,0,2,5,10.0725,51.623,0,169.143,79.064,22.129,1,10.208,0.255,6.158,1,95.007,65.625,4.078,0,1,0
1,43.0018,0,10.3059,1,1,0,2,8,17.5121,40.423,0,91.347,13.843,2.364,1,68.295,82.733,0.389,1,1.62,52.122,2.772,0,1,0
1,30.1225,0,10.3553,1,1,0,6,1,14.2236,47.022,0,102.518,25.346,33.684,1,69.571,66.879,3.062,1,151.721,89.827,0.687,0,1,0
1,38.3302,0,19.9549,1,1,0,2,9,13.5427,59.26,0,7.139,26.566,32.622,1,38.799,23.787,9.369,1,135.394,91.873,0.772,0,1,0
1,38.6038,0,12.3609,1,1,1,2,2,11.8431,41.943,0,190.69,17.316,35.156,1,9.021,53.41,9.04,1,163.449,54.545,0.865,0,1,0
0,21.7555,0,11.9339,1,1,0,2,5,10.484,54.986,0,45.703,72.366,2.766,1,12.425,87.092,7.709,1,102.721,17.372,1.233,0,1,1
0,38.7016,0,13.5142,0,1,0,1,6,16.0157,51.404,0,148.656,16.728,2.261,1,18.689,30.415,1.389,1,99.061,37.975,0.265,0,1,0
1,23.8001,0,11.9689,1,1,2,5,9,10.5241,59.54,0,96.503,30.405,6.245,1,7.324,8.0,4.947,1,3.112,81.671,1.107,0,1,0
0,25.1181,0,19.2554,1,1,0,2,2,16.5944,4.965,0,110.779,-7.566,21.186,1,48.421,18.414,2.929,1,3.013,88.706,0.082,0,1,0
1,40.3676,0,15.7031,1,1,0,2,8,25.2392,14.605,0,139.778,45.315,39.164,1,51.297,409.514,9.21,1,3.503,41.209,0.764,0,1,0
0,38.8051,0,10.6351,1,1,0,2,6,19.4747,56.816,0,52.72,76.88,3.152,1,8.698,98.613,4.925,1,103.393,4.878,0.54,0,0,0
1,38.123,0,24.2092,1,1,1,14,7,11.8144,58.733,0,172.474,124.398,36.152,1,49.199,38.453,0.189,1,66.821,69.971,0.689,0,0,0
0,33.3651,0,28.0977,1,1,0,2,8,15.0921,58.961,0,159.818,0.908,3.775,1,48.014,61.563,2.625,1,5.26,71.571,1.772,0,1,0
0,20.8556,0,19.6593,1,1,2,5,1,18.6213,43.803,0,106.241,590.168,2.934,1,48.484,66.413,3.685,1,81.195,69.323,0.977,1,1,0
1,44.1491,0,19.0101,1,1,0,0,6,19.524,20.864,0,119.814,-30.529,33.187,1,22.614,27.513,8.929,1,45.268,32.222,0.382,0,1,0
0,28.3651,0,23.6586,0,1,0,8,6,17.3291,54.254,0,145.013,-7.957,16.222,1,18.488,59.4,9.588,1,11.65,103.159,0.057,0,1,0
1,39.8731,0,10.9243,0,1,1,2,5,15.6997,48.507,0,99.932,145.316,22.201,1,6.388,81.903,8.69,1,41.3,31.353,0.552,0,0,0
1,30.6772,0,12.1657,1,1,0,2,2,18.4627,24.204,0,79.583,40.592,14.592,1,6.393,7.118,2.041,1,2.329,53.524,0.247,0,1,0
1,39.1005,0,17.4427,1,1,2,2,2,11.0142,48.743,0,12.448,13.433,0.885,1,42.101,47.184,8.319,1,19.862,3.175,1.139,0,1,0
0,28.0811,0,2.9083,1,1,0,8,2,12.2477,44.614,0,149.807,12.45,30.886,1,44.542,99.593,4.919,1,41.529,68.122,0.013,0,0,0
0,34.1303,0,6.4209,1,1,1,2,2,13.8211,26.667,0,594.226,10.698,3.569,1,7.082,80.497,7.809,1,100.787,47.029,1.127,1,1,0
1,28.1879,0,14.707,1,1,0,2,6,11.4451,41.895,0,174.39,10.336,23.668,1,69.921,16.77,4.904,1,116.174,71.341,0.151,0,1,0
1,35.4855,0,18.9347,1,1,1,4,2,17.9183,49.604,0,72.574,65.91,31.45,1,10.284,10.48,9.372,1,45.693,19.951,11.962,0,1,0
0,28.0409,0,17.9358,1,1,2,2,2,15.5794,62.81,0,64.452,32.218,21.511,1,2.516,27.359,3.916,1,13.203,74.078,7.377,0,1,0
0,38.0596,0,14.3627,1,1,0,2,8,19.0304,43.94,0,110.813,13.295,9.247,1,87.895,76.713,8.959,1,131.533,18.121,3.535,0,1,0
1,38.7155,0,13.9399,1,1,0,1,8,18.564,15.416,0,40.744,145.697,2.403,1,48.445,70.019,19.585,1,7.321,76.278,0.182,0,1,0
0,24.1725,0,18.3852,1,1,1,2,6,12.6785,59.064,0,124.46,10.452,11.092,1,67.314,17.506,34.329,1,141.521,1.72,1.023,0,0,0
1,33.6777,0,10.9183,1,1,0,6,8,11.4484,59.646,0,15.034,19.143,11.186,1,29.681,6.564,0.138,1,56.225,26.862,1.963,1,1,0
1,26.0279,0,8.5051,1,1,0,1,6,11.782,57.896,0,159.255,18.316,32.016,1,66.684,7.706,6.987,1,5.349,90.197,0.254,0,0,1
0,22.1797,0,19.6604,1,1,2,2,8,12.5647,69.816,0,141.37,210.86,6.15,1,42.21,19.299,3.947,1,63.123,83.16,0.085,0,0,0
0,28.58,0,12.9544,1,1,0,6,1,16.4456,74.01,0,8.537,44.359,23.012,1,21.453,146.01,9.647,1,116.715,23.871,0.143,0,1,0
0,48.8255,0,12.2043,1,1,0,6,1,14.1622,58.973,0,170.438,61.096,2.283,1,58.998,27.419,0.318,1,9.123,15.858,0.14,0,0,0
0,20.3075,0,12.3017,1,1,0,2,2,15.8212,56.395,0,14.549,20.857,13.063,1,85.321,14.453,5.768,1,112.823,58.745,1.05,0,1,0
1,38.125,0,18.642,1,1,0,6,2,13.52,59.003,0,2.091,66.843,1.292,1,0.316,66.073,4.123,1,22.343,7.324,0.595,0,0,0
1,46.2459,0,9.5624,1,1,0,2,2,23.4143,56.474,0,70.483,13.349,23.271,1,24.404,17.948,3.382,1,182.212,89.02,1.422,0,1,0
0,35.3051,0,24.9765,1,1,0,2,2,16.264,58.926,0,131.453,76.259,1.995,1,2.531,101.613,9.309,1,56.324,40.253,0.975,0,1,0
0,33.3854,0,13.9021,1,1,0,0,6,14.8454,78.24,0,193.983,19.392,20.268,1,74.432,50.547,9.386,1,1.453,73.279,1.028,0,0,0
1,26.1645,0,9.1387,1,1,2,8,6,19.5617,39.535,0,120.073,15.073,10.816,1,48.389,97.695,4.381,1,33.201,54.712,0.612,0,1,0
1,28.4778,0,11.9501,1,1,0,8,7,15.564,79.943,0,67.819,62.055,30.368,1,2.027,8.61,0.639,1,31.426,73.352,1.36,0,1,0
0,38.1556,0,3.0386,1,1,0,4,5,19.8143,56.933,0,150.859,76.002,31.255,1,53.222,2.933,3.321,1,67.651,76.121,0.16,0,1,0
0,38.8738,0,14.1622,1,1,0,1,8,16.8689,55.17,0,47.77,18.315,23.245,1,16.926,110.38,29.979,1,61.118,38.92,0.287,0,1,0
1,38.6,0,24.6618,1,1,2,8,3,15.5294,57.866,0,7.074,11.083,3.752,1,50.471,50.639,1.621,1,69.171,0.646,0.057,1,0,0
0,21.3625,0,2.3809,1,1,0,2,8,14.4452,50.163,0,91.138,10.566,38.971,1,68.663,10.277,7.325,1,51.039,99.051,-8.386,0,1,0
0,33.9955,0,5.5051,0,1,1,2,1,12.5174,59.695,0,129.085,69.363,3.292,1,2.629,64.708,8.308,1,17.296,67.171,8.874,0,1,0
1,38.1873,0,10.1667,1,1,0,9,2,10.6884,81.54,0,74.076,149.534,2.215,1,12.085,45.775,9.789,0,41.17,91.651,0.862,0,1,0
1,28.8426,0,12.9789,1,1,0,5,1,14.436,66.884,0,119.114,72.766,20.28,1,52.959,21.555,3.413,1,11.951,58.878,11.61,0,0,0
1,38.1605,0,10.0597,1,1,0,2,4,18.6252,57.01,0,122.359,56.772,6.654,1,98.626,40.513,0.379,1,111.42,74.877,0.787,0,1,0
1,38.8075,0,2.2446,1,1,0,2,5,17.6421,56.022,0,148.015,246.766,22.135,1,51.615,80.066,0.831,1,60.461,75.77,0.082,0,1,0
0,38.6056,0,12.7061,1,1,0,9,2,18.4411,48.864,0,136.063,210.807,36.22,1,69.581,60.74,3.179,1,65.933,28.957,1.207,0,1,0
1,33.0006,0,15.0391,1,1,1,8,2,18.5952,58.265,0,114.059,13.358,23.545,1,82.204,18.504,5.369,1,95.261,99.222,9.097,0,1,0
1,28.4639,0,20.5043,1,1,0,6,9,19.0283,59.943,0,170.287,19.456,15.248,1,61.519,177.293,3.778,1,89.072,174.745,0.952,0,1,0
1,29.3665,0,8.0137,1,1,0,2,2,16.4778,68.844,0,131.564,92.325,30.155,1,108.145,10.964,2.578,1,31.112,1.556,1.872,0,2,0
1,28.0498,0,0.9808,0,1,2,2,4,11.5325,70.244,0,60.049,14.633,0.167,1,38.394,17.701,4.166,1,89.206,53.376,0.616,0,1,0
1,27.6002,0,10.1043,1,1,0,16,2,12.8785,52.214,0,108.708,26.34,0.896,1,38.555,8.215,9.829,1,63.066,94.821,9.285,0,1,0
1,38.467,0,13.7044,1,1,0,6,5,11.9862,62.117,0,139.194,79.272,13.262,1,58.951,67.489,6.283,1,5.959,33.975,0.177,0,1,0
0,28.8833,0,11.7509,1,1,0,8,6,16.4086,58.06,0,1.443,63.562,12.725,1,10.803,57.511,6.756,1,60.264,81.824,0.073,0,1,0
1,28.4396,0,10.9206,1,1,0,2,6,14.5148,56.943,0,68.102,554.324,36.154,1,1.391,27.223,9.086,1,100.119,90.522,0.976,0,1,0
1,38.8571,0,19.1358,1,1,0,6,6,18.4285,63.239,0,132.113,10.412,2.207,0,61.323,8.851,9.934,1,146.623,88.922,1.043,0,1,0
1,30.4852,0,15.1991,1,1,0,8,6,22.6046,86.524,0,187.943,18.356,33.955,1,55.024,6.915,8.188,1,63.121,45.177,5.722,0,1,1
0,38.9829,0,14.0348,1,1,0,8,7,11.5245,50.928,0,136.436,307.456,42.855,1,8.62,8.847,0.361,1,107.123,34.375,0.125,0,1,0
1,38.375,0,19.9471,1,1,2,5,8,12.5507,44.823,0,74.503,95.979,18.469,1,38.399,11.235,0.846,1,31.222,41.167,14.071,0,1,0
1,23.2471,0,18.9951,1,1,0,2,6,18.1297,41.004,0,59.535,718.343,20.298,1,62.454,8.104,0.732,1,7.723,61.932,5.575,0,1,0
0,30.6636,0,13.8187,1,1,0,2,2,15.4725,56.86,0,71.033,789.373,22.471,1,1.341,84.808,8.912,1,4.769,91.282,14.984,0,1,0
1,38.3308,0,3.5529,1,1,2,1,9,12.0025,59.804,0,66.443,86.512,0.912,1,33.56,94.701,2.349,1,51.269,31.055,0.773,0,1,0
1,25.1051,0,15.5127,1,1,2,8,2,19.4714,74.233,0,150.549,149.277,39.02,1,69.969,56.423,7.308,1,61.66,24.007,2.487,1,0,0
0,38.6053,0,14.9701,1,1,0,12,9,15.5054,59.204,0,149.567,36.31,14.364,1,10.598,140.493,8.984,1,13.736,94.72,1.283,0,1,0
0,28.3576,0,18.2697,1,1,2,5,6,16.4473,59.109,0,46.885,41.664,30.956,1,31.686,84.983,0.246,0,5.903,23.772,10.872,0,1,0
1,35.4203,0,0.6877,1,1,0,6,8,17.9921,56.466,0,24.51,39.354,2.832,1,8.911,17.652,3.785,1,113.949,43.565,0.523,0,1,0
1,28.1806,0,13.9107,1,1,0,2,2,15.7112,59.29,0,29.353,49.843,2.292,1,12.066,74.466,3.323,1,92.211,8.775,2.827,0,1,0
1,30.468,0,19.4799,1,1,0,2,7,12.3521,56.923,0,149.589,25.368,39.152,1,8.061,17.499,3.382,1,60.953,53.555,0.195,0,1,0
0,35.2695,0,9.8388,1,1,0,8,7,10.129,58.913,0,15.108,1.333,19.924,1,8.202,6.939,5.912,1,60.93,21.63,0.272,0,0,0
0,20.729,0,1.1018,1,1,0,2,6,12.6624,22.275,2,90.649,24.462,0.925,1,47.113,88.797,2.331,2,41.779,69.15,8.052,0,1,0
0,32.3851,0,10.0431,1,1,0,0,8,14.6349,49.525,0,113.843,471.872,20.423,1,67.222,3.773,0.132,1,46.988,57.62,0.929,0,1,0
1,36.1087,0,10.4407,1,1,0,2,6,19.7158,53.85,0,32.805,246.853,33.085,1,47.103,76.791,6.58,1,13.229,29.16,5.279,0,1,0
0,38.0359,0,12.3368,1,1,0,2,9,18.396,55.31,0,65.522,24.318,39.66,1,62.611,12.263,8.789,1,52.099,75.346,0.972,0,1,0
1,27.255,0,18.9421,1,1,0,16,9,14.8117,41.554,0,0.4,19.364,9.182,1,71.595,51.6,2.799,1,111.171,55.527,0.985,1,1,0
1,33.6265,0,10.9666,1,1,0,6,2,20.4421,43.5,0,46.813,310.452,29.909,1,96.054,7.984,0.32,1,8.287,54.712,1.76,0,1,0
0,31.1651,0,17.4753,1,1,0,2,5,18.4724,39.944,0,171.029,210.862,29.942,1,48.311,0.611,8.216,1,47.303,53.37,0.123,0,0,0
1,28.6993,0,21.0557,1,1,0,0,2,10.8116,15.076,0,191.058,246.596,8.182,1,41.206,5.536,9.441,1,113.164,68.85,22.677,0,1,0
0,24.1255,0,22.947,1,1,1,2,8,15.6692,54.236,0,9.59,6.997,0.955,1,7.079,53.221,0.919,1,54.316,24.561,0.762,0,0,0
1,38.0653,0,10.5552,1,1,2,2,1,16.9447,54.928,0,102.03,88.454,26.513,1,8.899,78.508,3.724,1,5.978,11.66,0.977,0,1,0
1,36.1931,0,4.7197,1,1,0,6,2,18.5807,92.734,0,89.041,4.436,33.242,1,1.622,78.334,9.825,1,-0.656,30.843,0.437,0,1,0
1,37.6234,0,13.5264,0,1,0,5,2,13.4081,49.853,0,156.5,16.873,3.283,1,39.201,0.566,6.246,1,61.425,40.593,0.667,0,1,0
1,39.807,0,19.3581,1,1,0,2,7,14.5145,53.924,0,62.9,25.056,6.145,1,43.19,58.057,8.369,1,55.521,62.311,20.362,0,1,0
1,30.7698,0,18.9609,1,1,0,2,6,19.435,45.637,0,144.908,282.413,36.242,1,30.608,88.213,4.816,1,40.357,73.253,20.772,2,1,0
1,38.8767,0,10.3905,1,1,2,1,2,16.4419,41.417,0,128.091,82.111,21.269,1,39.323,18.948,4.742,1,41.176,78.726,2.872,0,1,0
1,30.2876,0,17.624,1,1,2,6,5,10.525,19.914,0,90.273,15.753,22.138,1,40.685,66.572,0.939,1,14.621,196.401,0.262,0,1,0
1,38.4526,0,2.5073,1,1,1,6,5,17.8744,48.247,0,0.872,307.496,31.018,1,60.684,24.749,2.929,1,93.526,16.951,0.89,0,1,0
0,30.8859,0,13.7303,1,1,0,2,2,16.4447,52.85,0,75.045,72.356,3.641,1,79.041,23.521,5.319,1,95.914,94.82,0.572,0,1,0
1,34.145,0,27.64,1,1,1,2,7,13.4625,86.017,0,132.438,73.815,39.87,1,68.398,1.957,6.84,1,47.063,91.372,1.509,0,1,0
1,35.2078,0,10.7145,0,1,0,7,3,16.4856,60.833,0,146.777,15.326,12.405,1,82.463,0.417,3.691,1,9.602,1.555,0.627,0,1,0
1,28.3143,0,3.5027,1,1,0,8,6,14.4601,77.973,0,74.082,78.579,0.758,1,42.485,56.365,2.917,1,104.503,87.874,1.027,0,0,0
1,36.602,0,4.8771,1,1,1,2,3,13.4727,50.923,0,10.568,21.053,13.091,1,2.608,19.303,8.501,1,96.663,58.424,2.107,0,1,0
1,38.8829,0,18.9273,1,1,0,12,6,17.093,54.433,0,44.218,33.59,24.793,1,8.606,88.583,2.509,1,43.709,96.081,9.85,0,1,0
1,42.6258,0,13.1207,1,1,0,2,2,15.8889,57.594,0,137.763,704.453,2.263,1,56.116,453.919,3.957,1,53.784,77.876,1.922,0,0,0
1,38.609,0,10.5406,1,1,0,12,2,11.7115,25.311,0,44.413,28.276,10.17,1,3.105,84.063,8.889,1,5.814,76.367,1.979,0,0,1
1,38.4054,0,10.9007,0,1,2,2,2,13.1914,41.926,0,3.282,47.339,14.206,1,42.81,71.173,5.681,1,1.257,56.971,0.814,0,0,0
0,25.1471,0,18.8598,1,1,0,2,9,15.8358,54.813,0,77.49,89.905,9.455,1,29.392,5.48,13.319,1,37.616,36.942,1.664,0,1,0
1,34.5058,0,18.9742,1,1,1,2,1,14.4785,44.941,0,159.888,49.315,8.842,1,59.117,15.909,5.426,1,62.969,69.179,1.517,0,1,0
1,28.8965,0,19.6673,1,1,0,18,1,10.6525,51.105,0,110.4,79.73,9.999,1,89.321,150.748,0.368,1,51.069,78.106,1.619,0,1,0
1,25.1803,0,16.5905,1,1,0,1,7,11.3528,55.102,0,141.438,47.116,3.116,1,42.281,7.244,9.149,1,26.489,70.323,0.274,0,1,0
0,38.1978,0,3.0629,1,1,0,2,2,21.9824,9.645,0,101.858,28.043,3.211,1,8.265,47.679,9.946,1,62.921,78.527,0.962,0,1,0
0,38.9673,0,10.1854,1,1,0,1,9,18.1622,47.996,0,115.854,30.522,29.154,1,42.697,4.763,7.979,1,152.103,28.952,5.058,0,1,0
1,38.1835,0,15.5588,1,1,1,3,4,18.0459,51.423,0,109.902,68.153,34.063,1,32.199,6.204,16.309,1,41.126,79.945,4.774,0,1,0
1,33.9671,0,4.8407,0,1,1,5,8,22.5846,14.049,0,147.287,226.416,30.982,1,52.299,67.991,5.045,1,9.761,99.37,0.057,0,1,0
1,24.6073,0,13.3319,1,1,0,8,2,15.0727,24.423,0,62.033,199.857,0.008,1,68.845,10.779,3.302,1,1.223,9.952,0.783,0,1,0
0,38.7702,0,17.5408,1,1,0,2,6,10.3754,51.664,0,2.543,160.838,0.09,1,2.814,82.639,2.31,1,3.282,62.32,1.397,0,1,0
1,38.3853,0,2.998,1,1,0,2,7,13.316,59.869,0,61.086,99.073,2.091,1,10.316,27.106,3.54,1,161.536,16.891,1.863,0,1,0
1,21.1455,0,37.9301,1,1,0,2,6,14.718,19.16,0,145.572,6.812,2.412,1,40.588,18.464,1.52,0,45.938,37.579,2.172,0,1,0
1,38.3677,0,6.0677,1,1,0,4,2,15.4042,49.0,0,170.59,48.316,2.942,1,10.404,27.783,8.249,1,111.008,102.672,3.477,0,1,0
1,30.684,0,3.9063,1,1,0,2,6,33.5514,55.563,0,117.61,118.398,2.271,1,17.054,40.904,3.384,1,103.626,95.555,0.586,1,1,0
0,33.6065,0,13.9104,1,1,0,2,2,15.4945,49.823,0,194.493,26.414,22.088,1,118.752,57.406,9.531,1,105.503,76.826,0.22,0,1,0
1,34.7801,0,17.3973,1,1,0,2,5,11.6198,45.834,0,3.946,17.831,26.293,1,61.359,26.703,9.128,1,87.366,38.558,0.182,0,1,0
0,32.809,0,19.5057,1,1,2,12,6,17.1177,57.029,0,168.022,42.07,3.49,1,69.393,152.366,2.326,1,90.322,36.235,0.874,0,1,0
0,22.3751,0,2.9701,1,1,1,2,2,14.7311,55.104,0,79.726,-97.672,32.993,1,12.018,112.21,4.93,1,143.756,39.778,0.772,0,1,1
1,28.6826,0,11.1445,1,1,0,2,2,12.5244,54.463,0,164.845,71.514,32.832,1,0.614,42.263,1.372,1,51.289,93.57,19.063,0,0,0
0,25.3792,0,13.9338,1,1,0,8,2,34.0448,42.295,0,258.712,67.821,20.252,1,8.699,6.528,13.468,1,16.726,51.226,2.383,0,0,0
1,20.6878,0,10.611,1,1,0,4,2,12.5727,42.794,0,102.081,120.972,29.552,1,48.349,66.494,8.029,1,50.951,80.843,0.176,0,1,0
1,28.2726,0,9.9056,1,1,2,1,5,16.8281,66.463,0,131.518,14.456,2.622,1,48.732,59.513,2.838,1,2.769,73.921,1.527,1,1,0
1,38.28,0,14.5482,1,1,0,2,2,16.6645,52.058,0,36.881,220.319,26.167,1,67.321,14.439,3.986,1,212.274,99.873,1.974,0,1,0
0,28.1917,0,2.3003,1,1,0,2,3,19.0475,74.823,0,89.525,592.536,6.02,1,2.809,26.686,7.731,1,0.76,51.343,1.037,1,1,0
0,35.025,0,13.8413,1,1,0,2,6,18.5457,35.665,0,143.91,246.035,9.733,1,36.636,0.977,9.73,0,75.925,71.557,0.653,0,1,0
1,23.7404,0,16.0574,1,1,0,4,6,6.0215,56.604,0,73.007,50.527,29.515,1,78.423,56.29,1.119,1,153.747,54.08,1.684,0,1,0
1,24.68,0,13.4107,0,1,0,2,6,10.4197,42.972,0,122.549,219.305,20.212,1,43.855,8.997,9.388,1,67.921,52.321,0.062,0,1,0
1,22.6083,0,10.9177,1,1,0,2,6,15.2154,98.857,0,160.114,131.427,30.25,1,41.209,26.893,3.726,1,42.803,68.171,8.875,1,1,0
1,23.87,0,20.6028,1,1,0,4,2,18.6255,49.864,0,115.774,223.827,32.684,1,68.394,70.104,3.789,1,151.061,29.031,9.62,0,1,0
1,10.1079,0,10.635,1,1,2,2,6,17.5707,39.536,0,30.005,10.334,37.411,1,99.144,57.653,2.015,1,105.971,42.876,0.081,0,1,0
1,32.902,0,12.6796,1,1,2,4,2,20.8257,56.057,0,142.894,359.154,32.194,1,68.329,6.556,7.928,1,91.026,94.862,0.378,0,0,0
0,33.9073,0,11.5901,1,1,1,2,6,18.5459,52.844,0,145.444,242.306,3.125,1,6.259,0.553,4.319,1,199.562,284.171,5.875,0,1,0
0,21.6856,0,17.6549,1,1,0,2,2,29.1124,44.271,0,120.632,18.336,5.479,1,12.498,16.727,4.639,1,68.693,13.406,0.612,1,1,0
1,28.1343,0,19.9773,1,1,0,8,5,13.3977,54.094,0,51.823,44.317,30.12,1,2.454,103.353,4.345,1,40.436,71.974,3.98,0,1,0
1,30.3081,0,0.6549,1,1,0,6,8,11.6966,16.846,0,61.272,7.328,12.239,1,8.411,69.604,6.105,1,100.821,153.726,0.922,0,1,0
1,28.1631,0,9.4198,1,1,0,0,2,13.5437,57.43,0,172.604,28.153,39.132,1,3.267,27.374,7.649,1,90.082,43.475,0.484,0,1,0
1,38.6735,0,28.3061,1,1,0,4,2,16.1121,43.824,0,32.69,292.072,33.254,1,92.611,14.111,2.339,1,66.029,42.396,0.645,0,1,0
0,25.1247,0,13.9407,1,1,0,2,2,16.8597,7.12,0,62.173,106.85,32.292,1,1.583,72.784,9.785,1,257.669,78.727,0.691,0,1,0
0,38.1468,0,16.3942,1,1,0,2,6,11.2145,50.574,0,98.187,89.266,32.427,1,48.615,74.513,3.42,1,31.263,41.221,15.414,0,0,0
0,30.0075,0,13.1383,1,1,0,2,2,14.429,49.143,0,217.514,108.828,2.698,1,69.201,57.993,7.917,1,63.711,271.87,0.091,0,1,0
0,38.6683,0,9.0647,1,1,1,7,2,18.8409,2.996,0,143.44,34.823,10.907,1,41.716,42.933,9.304,1,0.298,63.566,0.087,1,1,0
0,38.4458,0,18.6503,1,1,0,2,2,12.166,49.416,0,87.843,8.166,2.765,1,72.604,16.594,0.699,1,11.506,71.621,0.762,0,1,0
1,34.8389,0,14.2141,1,1,0,2,2,14.4984,58.623,0,2.736,19.518,16.438,1,69.509,4.467,3.888,1,95.127,51.11,2.118,0,0,0
0,20.6813,0,11.9151,1,1,0,2,2,18.9742,59.644,0,173.634,136.358,3.182,1,32.421,107.703,3.043,0,63.302,81.175,0.002,0,1,0
1,38.4073,0,13.6403,1,1,0,8,8,14.9496,59.824,0,100.356,729.91,30.144,1,6.414,2.533,12.903,1,155.523,71.675,0.711,0,1,1
0,38.1795,0,10.9148,1,1,0,1,6,13.5624,62.418,0,53.428,49.522,11.152,1,42.304,122.472,6.333,1,0.079,74.626,0.262,0,1,0
0,23.8773,1,15.9088,1,1,0,2,9,14.5327,62.828,0,73.809,21.386,30.262,1,12.092,61.987,9.324,1,109.315,94.958,0.683,0,1,0
1,38.3768,0,8.8276,1,1,0,6,2,18.7169,49.528,0,95.509,502.346,2.931,1,2.066,51.912,9.328,2,96.699,83.32,0.289,0,0,0
1,34.604,0,11.9796,1,1,0,2,2,18.1055,56.928,1,45.845,77.756,35.26,1,1.835,23.403,3.732,1,10.051,88.049,1.51,0,1,0
0,28.9451,0,10.1827,1,1,0,2,6,13.5798,57.646,0,77.807,18.329,0.72,1,69.644,106.539,3.08,1,140.385,70.475,2.244,1,1,0
1,38.006,0,17.6089,1,1,1,2,2,36.4501,52.524,0,2.88,62.462,36.262,1,6.662,20.988,0.322,1,16.165,29.48,1.772,0,1,0
1,38.6,0,13.9213,1,1,1,6,1,12.8585,59.913,0,134.537,69.84,3.496,1,52.299,141.223,3.952,1,27.051,98.353,0.278,0,1,0
1,38.3579,0,10.8594,1,1,0,2,8,19.8784,57.843,0,154.883,1.356,3.296,1,8.019,98.583,3.904,1,110.259,3.7,0.779,0,1,0
1,38.4451,0,17.0027,1,1,0,5,2,23.1057,97.061,0,70.099,11.962,12.192,1,60.519,66.513,0.112,1,12.335,21.18,0.242,0,1,0
0,28.1069,0,13.5499,1,1,0,2,8,14.2813,56.844,0,110.029,48.427,33.059,1,0.604,97.643,6.741,1,3.669,68.278,0.089,0,1,0
1,32.1958,0,0.9245,1,1,0,2,9,15.3324,1.006,0,132.518,12.559,2.118,1,12.482,7.204,4.362,1,92.507,6.971,5.912,0,1,0
1,35.1601,0,11.0654,1,1,0,2,9,15.5765,52.805,0,48.473,119.32,39.764,1,14.488,40.163,4.789,1,106.633,97.984,0.777,0,1,0
1,35.8065,0,13.4388,1,1,0,4,6,14.552,42.699,3,171.039,6.396,12.229,1,4.201,8.239,3.089,1,92.266,76.043,0.075,0,1,0
1,20.1455,0,17.7129,1,1,0,2,2,24.5959,56.87,0,112.803,81.596,33.738,1,45.999,73.974,4.981,1,109.666,46.955,0.577,0,1,0
1,38.5072,0,10.5021,1,1,0,2,2,19.819,53.574,0,194.847,64.359,1.217,1,49.621,46.559,3.477,1,95.206,62.853,8.274,0,1,0
1,30.143,0,13.3789,1,0,0,2,1,13.6683,51.52,0,165.718,71.856,9.749,1,12.759,97.956,8.042,1,7.259,91.15,0.919,0,1,0
1,20.183,0,19.4017,1,1,0,12,2,14.0445,43.854,3,149.575,60.953,22.088,1,48.394,148.603,9.929,1,66.332,51.323,6.276,0,1,0
1,28.8638,0,14.4556,1,1,0,2,6,15.4525,59.263,0,54.162,141.2,29.166,1,38.432,71.428,3.049,1,7.461,70.366,1.66,0,1,0
0,31.66,0,8.0103,1,1,0,14,1,21.9854,57.905,0,190.837,17.978,20.256,1,41.615,1.984,13.393,1,11.07,78.876,0.919,0,1,0
1,28.18,0,13.9068,1,1,0,2,2,16.8229,53.263,0,74.43,6.319,33.165,1,66.027,3.637,1.782,1,15.302,80.855,0.776,0,1,0
1,34.3718,0,0.9523,1,1,0,2,2,12.249,3.583,0,172.373,0.384,13.712,1,8.459,6.923,9.048,1,269.209,73.731,0.083,0,1,0
1,30.9525,0,26.93,1,1,0,4,2,11.1901,48.324,0,152.782,20.378,31.296,1,8.51,150.86,8.904,1,9.739,3.027,0.377,0,1,0
1,35.9666,0,18.8747,1,1,0,2,2,15.8492,56.36,0,112.732,15.215,6.056,1,33.621,93.959,3.209,1,0.696,37.343,0.16,0,1,0
0,38.6135,0,12.2001,1,1,0,2,2,11.0845,49.234,0,0.462,6.302,6.081,0,7.409,81.052,5.222,1,3.55,34.53,0.94,0,1,0
1,30.8975,0,16.9673,0,1,1,2,8,25.6776,19.644,0,149.182,43.665,9.164,1,13.978,11.021,9.319,1,0.238,0.423,5.769,0,1,0
1,38.1261,0,13.9629,1,1,0,2,2,14.4169,58.92,0,132.133,248.355,3.809,1,30.099,18.55,9.352,1,65.008,12.773,0.667,0,0,0
1,38.1003,0,11.1078,1,1,1,8,2,18.0327,59.025,0,15.913,614.457,16.586,1,26.365,4.956,3.946,1,75.79,26.705,0.025,0,1,0
1,34.7876,0,14.7388,1,1,0,2,7,26.5484,52.013,0,75.402,82.953,32.457,1,68.162,62.683,9.725,1,60.109,199.578,3.685,0,1,1
1,28.101,0,19.4306,1,1,0,2,6,15.9396,74.007,0,64.403,59.076,23.51,1,38.516,86.222,2.739,1,67.399,40.718,9.204,0,1,0
0,18.6805,0,13.9148,1,1,0,2,6,12.4002,50.833,0,12.75,20.333,33.744,1,8.309,33.242,4.282,1,141.481,89.555,-0.785,0,2,0
1,28.6729,0,12.9092,1,1,0,2,6,19.5469,49.914,0,70.086,50.558,12.921,1,49.418,57.541,19.385,1,35.103,82.846,0.232,0,1,0
1,38.185,0,18.179,1,1,0,1,6,14.6187,9.494,0,73.04,3.315,9.265,1,69.194,70.589,0.529,1,36.761,74.721,24.864,0,0,0
0,35.0077,0,14.5007,1,1,0,2,2,17.0735,78.436,0,178.53,40.843,24.166,1,6.939,10.971,9.306,1,65.369,3.872,0.188,0,0,0
0,38.7071,0,13.9925,1,1,0,2,5,14.4041,59.446,0,43.115,127.497,13.828,1,42.597,65.541,6.566,1,86.427,55.845,5.627,0,1,0
1,35.655,0,9.1189,1,1,0,2,2,16.8727,52.235,0,184.319,64.804,19.243,1,49.165,26.85,7.396,1,69.982,1.853,11.262,0,0,0
1,35.3985,0,3.5137,1,1,0,2,8,15.2493,56.383,0,142.212,87.496,26.752,1,65.962,56.407,7.942,1,103.659,36.621,0.103,0,1,0
1,38.5156,0,12.585,1,1,0,1,9,16.6714,59.154,0,144.008,185.258,22.315,1,34.329,75.67,2.789,1,41.603,91.829,0.175,0,1,0
1,30.1745,0,14.9141,1,1,0,2,1,12.8086,79.85,0,174.557,414.353,0.28,1,19.216,41.623,9.759,1,0.869,78.501,0.93,0,1,0
0,38.365,0,19.135,1,1,0,2,2,12.9139,56.949,0,11.712,260.347,23.652,1,37.14,164.287,2.327,1,0.295,63.655,0.727,0,1,0
1,38.6427,0,6.0647,1,1,0,6,8,17.4404,74.573,0,21.883,49.803,35.221,1,4.312,48.956,6.161,1,52.819,58.771,0.978,1,1,0
0,38.0093,0,13.3393,1,1,1,8,2,16.9525,76.94,0,149.292,45.893,34.255,1,18.903,80.235,3.238,1,7.069,0.45,1.93,0,1,0
1,39.8591,0,10.9688,1,1,0,2,2,13.1796,54.057,0,147.536,26.386,12.414,1,43.318,89.413,5.624,1,1.919,68.255,0.781,0,1,0
1,32.8508,0,19.6139,1,1,2,2,2,11.8841,59.31,0,174.517,102.471,0.173,1,0.391,66.109,1.722,1,8.431,86.622,6.942,0,1,0
1,25.8709,0,10.0305,0,1,0,2,6,12.5288,59.923,0,31.24,7.429,3.451,1,12.42,66.933,1.741,1,9.299,56.113,1.26,0,1,0
1,38.3758,0,5.2354,1,1,0,2,8,14.8757,60.273,0,140.558,95.848,30.518,1,7.692,12.436,5.085,1,125.205,82.85,5.719,0,1,0
0,38.207,0,14.9089,1,1,0,2,2,12.2849,47.963,0,10.003,18.866,22.595,1,44.111,57.584,2.488,1,14.371,11.172,0.282,1,1,0
1,28.4945,0,17.3164,1,1,0,4,9,18.5822,56.32,0,20.832,96.873,3.834,1,4.636,143.419,3.985,1,99.269,61.351,3.524,0,1,0
0,48.6282,0,14.5026,1,1,0,6,3,12.0753,51.92,0,153.074,219.762,12.529,1,55.195,28.455,7.122,1,31.03,3.359,1.272,0,1,0
1,30.0409,0,10.9777,1,1,0,4,6,15.4612,58.943,0,43.456,74.319,0.966,1,43.418,37.262,4.783,1,16.764,0.354,0.175,0,1,0
1,32.1643,0,3.9987,1,1,0,2,2,16.6816,59.85,0,94.129,8.456,22.13,1,41.116,150.271,8.728,1,42.223,98.92,20.824,0,1,0
0,38.1735,0,10.904,1,1,0,4,2,15.4214,97.91,0,122.43,156.394,0.952,1,8.514,85.701,3.708,1,161.156,48.171,0.502,1,1,0
1,20.603,0,9.6509,1,1,0,2,6,14.4364,60.895,0,71.847,20.204,4.447,1,39.884,53.595,2.158,2,43.503,64.415,0.26,1,1,0
1,25.1488,0,7.6057,0,1,0,4,6,13.225,41.824,0,74.988,472.843,22.327,1,42.039,26.754,9.285,0,60.839,55.166,1.442,0,1,0
1,29.0058,0,0.8083,1,1,0,6,8,18.475,59.864,0,290.262,114.359,13.951,1,1.796,78.492,2.178,1,107.416,15.22,0.254,0,0,0
1,37.6623,0,2.8953,1,1,0,0,7,17.3841,56.59,0,91.947,249.313,39.965,1,3.16,0.938,3.328,1,98.933,69.781,9.847,0,1,0
1,29.4538,0,4.7979,1,1,0,8,2,10.8347,50.115,0,73.41,68.456,6.132,1,64.673,84.474,8.383,1,42.42,14.863,0.517,0,0,0
1,21.4702,0,14.9138,1,1,2,2,2,15.8202,57.963,0,67.778,201.972,29.069,1,2.04,68.651,8.819,1,59.094,53.566,1.124,0,1,0
1,38.8683,0,3.1113,1,1,1,1,2,14.4455,50.841,0,180.327,99.939,39.178,1,1.303,96.029,8.387,1,148.753,2.952,3.237,0,1,0
1,35.6626,0,0.5052,1,1,0,2,8,17.8464,75.883,0,60.873,292.333,0.169,1,49.392,13.744,7.381,1,65.509,85.346,0.772,0,1,1
0,30.9061,0,0.4408,1,1,0,2,2,12.4414,0.461,0,149.062,29.856,23.454,1,62.717,48.985,2.348,1,1.349,84.853,20.762,0,1,0
1,38.375,0,10.805,1,1,0,5,6,15.5342,59.144,0,171.886,20.176,31.174,1,56.321,7.583,7.427,1,73.251,29.106,0.13,1,1,0
0,28.509,0,22.9006,1,1,2,6,6,13.9143,59.024,0,114.732,129.376,28.866,1,91.371,191.81,7.184,1,9.221,63.141,7.174,0,1,0
0,38.8739,0,10.5089,1,1,0,2,7,12.0785,55.845,0,37.011,39.244,6.612,1,85.06,0.058,8.618,1,83.043,83.192,0.372,0,1,0
1,38.723,0,6.1794,1,1,0,6,6,19.9424,50.703,0,133.008,69.086,2.983,1,9.474,4.394,9.149,1,60.565,32.331,2.375,0,0,0
0,20.0947,0,12.8029,1,1,2,2,9,18.6677,53.946,0,11.51,3.254,19.497,1,59.344,10.035,3.128,1,121.664,11.47,0.187,0,1,0
1,48.0423,0,14.9515,1,1,0,6,4,11.3058,68.425,0,98.058,110.096,5.912,1,42.831,14.225,4.734,1,41.943,68.951,0.382,0,0,0
1,33.1693,0,14.49,1,1,1,2,3,12.4157,15.815,0,300.259,8.305,22.055,1,8.689,215.783,24.769,1,103.061,53.77,5.44,0,0,0
1,24.6392,0,10.6826,1,1,0,4,8,18.5055,39.906,0,7.794,114.852,29.588,1,62.124,2.27,9.619,1,0.176,58.881,0.177,0,1,0
1,35.7672,0,24.0597,1,1,0,16,8,14.8047,59.443,0,87.203,208.004,2.867,1,52.459,46.384,3.568,1,41.261,58.974,0.07,0,0,0
0,38.233,0,19.6542,1,1,0,12,6,15.8039,56.356,0,78.153,26.945,29.368,1,8.484,64.585,4.374,1,0.366,18.951,1.477,0,0,0
1,24.36,0,5.5987,1,1,0,2,6,16.712,18.848,0,53.083,48.525,9.493,1,1.173,32.568,2.121,1,142.003,10.47,0.644,1,1,0
1,39.6751,0,12.8578,1,1,0,9,8,26.9313,57.17,0,124.108,96.778,30.919,1,43.565,18.993,4.624,1,93.266,58.175,0.119,0,1,0
1,35.3804,0,11.9011,1,1,0,2,6,24.6488,56.974,0,19.589,14.516,42.216,1,42.111,6.367,8.965,1,45.321,51.075,5.214,0,0,0
1,27.705,0,3.9906,1,1,2,2,8,12.5421,49.24,0,98.358,213.878,10.206,1,12.135,141.404,3.77,1,9.349,72.166,4.882,0,1,0
0,32.73,0,11.1381,1,1,0,2,2,13.2995,79.988,0,10.467,17.714,31.402,1,8.698,42.489,9.928,1,15.781,51.301,1.819,0,0,0
1,38.6872,0,13.5404,1,1,0,2,2,16.5674,57.743,0,63.088,86.306,71.458,1,4.613,6.414,2.621,1,11.052,29.747,0.232,1,1,0
1,25.4911,0,20.3347,1,1,0,2,6,14.4342,84.914,0,20.11,36.891,2.982,1,2.928,105.513,9.315,1,43.916,1.177,0.505,0,1,0
1,38.3575,0,18.0409,0,1,1,8,6,11.4229,54.039,0,197.534,224.397,33.265,1,33.485,0.081,6.925,1,115.525,65.872,0.033,0,1,0
1,31.3858,0,1.2433,1,1,0,2,3,16.4524,98.567,0,32.545,-24.331,19.739,1,40.315,16.407,2.14,1,13.253,81.152,28.713,0,1,0
1,30.7308,0,0.6362,1,1,0,1,1,16.5795,77.744,0,144.874,0.23,28.284,1,7.425,25.563,3.959,1,60.721,49.527,0.075,0,0,0
1,38.1601,0,4.0946,1,1,0,5,2,16.422,54.514,0,124.583,81.822,12.156,1,7.152,64.213,2.325,1,93.65,2.837,0.19,0,0,0
0,28.941,0,23.7387,1,1,2,6,2,15.2758,18.854,0,159.748,8.338,12.951,1,48.453,27.477,2.369,1,95.829,58.548,11.578,0,1,0
1,38.1781,0,2.0026,1,1,2,10,8,12.9219,95.163,0,395.893,71.501,1.265,1,40.193,16.797,4.009,1,65.073,72.441,1.617,0,1,0
0,35.135,0,10.9622,1,1,0,2,6,15.4612,53.827,0,142.443,219.256,31.452,1,40.092,46.578,2.644,1,63.127,62.95,0.963,0,0,0
0,31.1239,0,16.3117,1,1,0,0,2,18.4025,57.839,0,7.813,161.196,25.974,1,32.516,12.098,9.389,1,5.784,78.61,1.183,0,1,0
1,38.2755,0,7.1901,1,1,0,2,8,16.9184,51.141,0,33.47,16.855,3.45,1,5.224,76.137,3.183,1,9.986,41.875,0.2,0,1,0
0,38.9079,0,9.9553,1,1,0,2,2,15.0334,52.519,0,170.113,19.355,11.773,1,66.629,43.568,6.536,1,106.516,1.947,1.152,0,0,1
1,38.3,0,30.3359,0,1,2,2,6,13.5629,43.8,0,84.013,57.495,29.061,1,12.74,84.77,2.322,1,43.326,18.876,11.013,0,1,0
0,26.5348,0,10.8695,0,1,0,0,2,15.5625,44.234,0,124.134,298.355,32.609,1,68.479,51.443,6.212,1,2.963,10.876,0.722,0,1,0
0,28.9974,0,19.1798,1,1,2,2,2,16.5104,64.414,1,110.273,240.594,17.737,1,22.023,8.056,2.166,1,92.725,81.006,17.365,1,1,0
0,38.6123,0,19.0477,1,1,2,2,2,21.8823,50.064,0,6.814,65.954,12.462,1,68.269,26.592,7.045,1,51.159,71.878,1.702,0,1,0
1,35.0093,0,19.9977,0,1,0,2,2,10.9441,51.877,0,115.437,261.827,23.29,1,95.405,38.99,3.724,1,33.003,44.357,0.877,0,1,0
1,35.1755,0,10.515,1,1,0,8,2,18.4226,54.846,0,135.89,35.475,2.665,1,59.026,52.463,4.522,1,0.761,45.13,0.377,0,1,0
0,20.5658,0,17.9259,1,1,0,1,7,11.8423,57.154,0,137.803,221.875,10.982,1,8.315,21.345,5.143,1,13.117,8.727,0.202,0,1,0
0,28.6618,0,25.8671,1,1,0,2,6,14.5245,67.3,0,178.013,45.923,13.038,1,45.921,27.583,6.187,1,33.269,66.141,0.202,0,1,0
1,33.3761,0,11.5663,1,1,1,6,8,11.3498,46.514,2,10.388,21.52,22.758,1,42.519,72.974,2.103,1,1.293,15.35,0.017,0,1,0
1,37.6002,0,10.3455,0,1,0,2,1,12.5154,51.56,0,85.815,133.795,3.914,1,16.294,67.563,3.429,4,35.603,13.62,0.636,0,1,0
1,48.1753,0,19.7426,1,1,1,0,2,14.8107,45.053,0,45.519,18.214,3.754,1,60.442,96.45,3.324,1,103.329,61.588,4.045,0,1,0
1,38.6005,0,8.8754,1,1,0,2,2,10.3674,56.407,0,10.807,41.19,0.969,1,110.295,10.734,5.339,1,65.761,73.375,0.68,0,1,0
1,36.0603,0,17.9622,1,1,0,1,3,11.1881,53.922,0,116.903,21.458,22.456,1,67.305,21.003,3.33,1,140.113,84.876,7.778,0,1,0
1,38.0458,0,24.8,1,1,0,5,7,11.6453,88.94,0,79.374,9.201,11.792,1,36.263,3.919,9.065,1,669.072,21.723,0.477,1,1,0
1,38.5718,0,1.1243,1,1,0,2,1,11.5757,45.136,0,191.189,158.87,34.531,1,6.745,20.043,1.939,1,141.903,63.357,1.352,0,1,0
1,38.959,0,6.9479,1,1,0,2,2,16.4391,92.175,0,131.808,98.914,72.732,1,40.699,67.294,8.004,1,90.102,66.95,0.277,0,1,0
0,32.4775,0,16.3448,1,1,0,2,6,19.4995,56.975,0,70.117,627.428,0.928,1,39.993,47.553,3.342,1,265.321,9.471,0.956,0,0,0
1,36.6506,0,18.8003,1,1,0,2,6,15.4427,62.944,0,59.214,29.468,20.296,1,48.299,97.409,4.663,1,106.239,84.984,0.162,0,0,0
1,38.2731,0,10.9601,1,1,0,2,1,12.8082,50.575,0,139.78,79.813,0.034,2,6.814,80.341,9.908,1,53.383,73.18,1.057,1,1,0
0,38.5777,0,5.3701,1,1,0,2,2,16.0265,46.653,0,6.593,281.872,0.461,1,17.335,11.908,9.34,1,183.56,84.923,0.131,0,1,0
1,38.3761,0,16.9378,0,1,1,0,2,12.678,49.149,0,138.27,19.861,6.298,1,59.629,10.941,9.348,1,0.968,61.475,0.541,0,0,0
0,28.7118,0,11.2417,1,1,0,2,2,12.5456,44.883,0,62.699,40.453,17.28,1,61.249,62.983,3.643,1,81.322,23.857,0.271,1,1,0
1,35.1039,0,19.6293,1,1,0,2,5,16.8208,53.884,0,5.306,7.48,9.734,1,107.799,93.759,4.371,1,63.521,104.175,0.073,0,1,0
1,40.4042,0,10.9147,1,1,0,5,3,18.4408,56.749,0,188.566,8.447,9.982,1,22.097,1.539,4.329,1,61.969,18.022,0.76,0,1,0
0,30.287,0,0.0353,1,1,1,2,7,11.713,68.835,0,185.537,80.522,2.748,1,42.143,45.416,4.9,1,59.713,68.366,12.932,0,1,0
1,37.6405,0,11.1414,1,1,0,14,2,13.8339,66.624,0,28.812,20.822,32.581,1,48.612,15.289,9.662,1,0.921,54.824,8.569,0,1,0
1,40.3477,0,10.907,1,1,1,2,6,13.4951,54.557,0,146.002,28.313,10.438,1,10.814,23.484,9.797,1,101.369,73.565,0.087,0,1,0
1,32.169,0,11.6427,1,1,1,2,4,16.5484,58.314,0,142.717,8.855,33.296,1,67.989,93.593,7.462,1,66.209,32.525,1.672,0,1,0
1,38.3693,0,12.8061,1,1,0,2,1,15.0714,53.564,0,118.312,214.053,34.945,1,22.126,101.003,1.129,1,31.999,34.435,6.962,1,1,0
0,22.2424,0,18.9681,0,1,0,4,2,22.4017,56.997,0,100.668,279.946,2.968,1,69.111,60.984,8.946,1,149.773,65.349,0.007,0,0,0
1,20.2801,0,9.9767,1,1,0,14,8,19.8244,59.104,0,69.886,75.566,0.108,1,61.659,66.305,7.328,1,140.949,54.336,6.092,1,1,0
1,30.3073,0,13.1022,1,1,1,2,6,14.5128,49.623,0,88.238,5.457,22.02,1,93.204,66.26,2.525,1,11.603,98.17,0.302,0,1,0
1,20.1209,0,12.4978,1,1,0,12,6,13.8428,44.822,0,147.503,27.916,23.426,1,54.145,0.215,3.258,1,0.508,79.97,0.687,0,1,0
0,32.6858,0,19.9077,1,1,2,3,2,12.4515,48.055,0,110.025,72.695,33.271,1,9.676,58.573,8.189,1,66.175,92.576,2.137,0,1,0
0,36.2224,0,3.8083,1,1,2,2,2,17.5128,80.243,0,5.813,96.013,4.513,1,48.3,45.417,3.115,1,111.923,91.126,0.003,1,1,0
0,38.1893,0,14.7374,1,1,0,6,7,19.0917,59.655,0,193.849,248.356,4.455,1,52.851,593.413,3.529,1,69.566,53.825,4.578,0,1,0
1,38.6556,0,15.9099,1,1,2,2,6,19.0915,47.856,0,23.765,230.979,0.189,1,31.305,26.736,2.71,0,3.092,86.546,1.04,0,1,0
1,24.1896,0,0.9105,1,1,2,2,8,28.8991,48.966,0,165.283,21.876,31.167,1,77.344,6.099,3.515,1,0.805,5.31,0.674,0,1,0
1,38.4043,0,19.9556,0,1,0,2,1,17.1741,49.244,0,130.758,64.1,29.086,1,52.663,64.044,9.375,1,12.179,51.426,0.542,0,1,0
0,38.4086,0,11.9237,1,1,0,2,1,15.8143,34.945,0,84.143,21.894,30.166,1,41.689,50.918,0.939,1,93.925,81.224,1.241,0,1,0
1,38.1,0,13.0137,1,1,0,2,7,16.4959,31.296,0,178.343,120.602,33.077,1,8.651,65.436,3.152,1,46.799,74.883,0.257,1,1,0
1,37.2976,0,10.5943,1,1,0,2,1,15.6221,89.523,0,579.583,2.855,0.221,1,42.028,50.013,2.339,1,95.183,368.051,0.985,0,1,0
1,28.1721,0,11.3958,1,1,0,2,2,33.8567,42.93,0,137.01,111.963,2.158,1,0.012,42.449,3.831,1,44.029,26.472,0.681,0,0,0
1,22.8228,0,5.9039,1,1,0,8,1,16.8657,74.999,0,133.552,1.614,4.605,1,7.392,100.572,4.211,1,157.923,86.525,9.083,0,1,0
1,38.6879,0,10.9781,0,1,0,6,6,10.464,41.882,0,10.749,90.993,20.894,1,52.684,63.663,5.948,1,1.312,43.775,0.939,0,1,0
0,30.7098,0,14.9203,1,1,0,6,8,16.8404,44.646,0,144.998,15.279,5.215,1,38.273,0.534,2.602,1,33.153,76.17,0.177,0,1,0
1,39.9853,0,18.6403,1,1,0,6,2,20.5124,56.892,0,165.745,276.9,0.296,1,60.451,30.833,3.932,1,62.266,66.593,0.153,0,1,1
1,33.9278,0,14.9501,1,1,0,1,7,12.4311,53.017,0,113.343,46.817,0.872,1,142.085,50.714,0.381,1,7.285,14.301,0.837,0,1,0
0,35.8712,0,12.5041,1,1,1,2,7,15.478,44.22,0,136.882,149.852,9.115,1,98.239,18.494,2.309,1,0.723,51.681,1.713,0,1,0
0,28.107,0,10.134,1,1,0,10,5,13.6302,54.284,0,170.851,-26.304,9.673,1,51.311,7.856,1.135,1,82.009,78.21,5.59,1,1,0
1,38.0257,0,9.9915,1,1,0,2,6,10.6841,51.014,0,179.982,20.97,24.026,1,89.401,21.464,3.132,1,2.741,67.175,0.17,0,0,0
1,38.9576,0,15.925,0,1,0,1,2,16.4624,9.564,0,137.151,68.448,12.288,1,30.251,74.763,2.524,1,63.131,88.344,0.079,0,1,0
1,38.3831,0,18.0587,1,1,0,2,7,10.6769,51.823,0,40.742,179.357,33.313,1,71.911,43.225,3.249,1,6.469,89.311,0.963,0,1,0
1,38.5616,0,6.8408,1,1,0,2,2,18.4637,55.854,0,177.562,106.342,16.576,1,2.328,18.472,3.221,1,41.213,81.773,0.2,0,1,0
1,28.3593,0,11.8525,1,1,0,6,5,13.4145,54.604,3,100.543,37.332,30.92,1,3.225,45.997,3.389,1,25.126,27.763,0.269,0,1,0
0,21.8058,0,16.9499,1,1,1,8,8,18.3994,44.866,0,114.042,170.957,33.992,1,80.136,82.47,3.645,1,92.45,0.821,1.115,0,1,0
1,34.8878,0,19.661,1,1,0,14,9,13.8492,59.829,0,255.544,0.385,6.344,1,8.792,18.414,3.458,1,11.593,78.876,0.275,0,1,0
1,38.1507,0,18.9051,1,1,0,5,8,14.1604,50.024,0,102.286,56.878,23.758,1,38.789,9.7,0.124,1,13.585,95.353,0.662,0,1,0
0,33.2679,0,12.9492,1,1,2,2,6,11.3743,54.564,0,644.515,29.217,6.276,1,33.403,2.444,9.249,1,92.215,72.4,0.127,0,1,0
0,30.3453,0,3.8576,1,1,0,2,2,18.8617,11.005,0,115.543,15.157,12.524,1,43.374,13.034,4.567,1,125.923,121.551,0.222,0,0,0
1,34.0855,0,13.3681,1,1,2,1,2,13.4407,54.265,0,70.115,5.948,33.254,1,48.064,57.258,2.564,1,200.66,38.923,0.13,0,1,0
1,31.175,0,13.9067,1,1,0,2,2,15.5424,71.505,0,-94.143,110.651,3.555,1,99.747,77.539,4.279,1,91.713,51.575,4.94,0,1,0
1,30.59,0,19.8459,1,0,1,2,2,16.0128,17.653,0,2.058,110.371,7.916,1,58.869,10.942,2.906,1,61.44,21.213,1.003,0,0,0
0,23.6162,0,17.6323,1,1,1,8,1,18.4354,47.826,0,45.187,49.573,19.432,1,59.813,95.292,3.064,1,65.502,58.405,25.922,0,1,0
1,26.8708,0,8.6137,1,1,0,2,7,16.1253,31.516,0,170.157,-0.158,2.363,0,101.652,87.13,7.737,1,93.961,65.42,0.277,0,1,0
1,33.6372,0,14.9057,1,1,1,2,2,12.8475,54.986,0,168.713,41.452,39.756,1,62.083,40.774,7.323,1,15.961,18.856,8.817,0,0,0
0,34.2559,0,2.4251,1,1,0,2,1,15.5185,84.816,0,674.66,30.373,17.176,1,59.756,14.815,3.298,1,147.602,73.851,2.182,1,1,0
1,30.6971,0,11.6961,1,1,0,2,5,12.3844,55.171,0,73.114,47.612,6.596,1,53.099,43.06,5.399,1,93.277,50.346,0.272,0,1,0
0,23.0832,0,0.8522,1,1,0,8,2,16.4593,50.991,0,70.999,-6.494,2.488,1,42.395,22.257,3.983,1,93.308,64.878,0.004,0,1,0
1,28.2508,0,4.6899,0,1,1,2,9,18.1619,44.344,0,136.01,310.445,39.755,1,42.024,57.07,9.939,1,2.861,36.358,0.417,0,1,0
1,36.2055,0,20.4053,1,1,1,2,6,15.8447,56.225,0,155.873,145.85,37.422,1,1.811,520.218,10.485,1,3.289,18.37,0.273,1,1,0
0,20.4035,0,10.3085,1,1,0,4,8,14.7647,54.822,0,95.547,19.866,60.202,1,69.353,45.934,3.326,1,41.34,50.999,1.986,0,0,0
0,38.6757,0,5.9497,1,1,2,8,6,15.5252,49.854,0,2.249,59.623,12.755,1,18.714,14.377,9.562,1,2.661,16.918,0.788,0,1,0
1,25.6656,0,19.8057,1,1,0,2,2,10.9088,25.884,0,125.289,41.462,19.453,1,1.299,94.969,9.949,1,0.722,53.115,0.47,0,1,0
0,38.4693,0,8.9048,1,1,0,2,7,16.1211,59.273,0,4.982,51.354,10.915,1,15.411,10.666,5.338,1,519.314,36.322,0.899,0,1,0
1,28.6816,0,5.5728,0,1,1,5,2,15.9049,50.703,0,157.613,15.392,16.24,1,38.695,20.239,3.389,1,25.209,410.009,1.031,0,0,0
1,33.5748,0,11.5469,1,1,0,2,3,14.321,59.339,0,65.099,131.366,27.254,1,72.695,57.011,3.942,0,33.603,41.553,5.037,0,0,0
1,43.0591,0,8.4218,1,1,0,0,6,13.5187,46.013,0,44.494,48.318,3.085,1,13.228,94.85,2.319,1,3.161,80.872,0.878,0,1,0
0,35.6443,0,4.4418,0,1,0,2,8,19.0715,51.85,0,191.068,215.851,13.014,1,13.011,90.215,3.338,0,111.229,86.415,4.77,1,1,0
1,23.2641,0,12.97,1,1,0,6,2,20.4852,1.239,0,5.182,127.392,32.729,1,8.372,66.788,7.619,1,105.269,41.121,9.513,0,1,0
0,30.8052,0,18.5437,1,1,0,2,2,14.6791,31.52,0,194.589,19.932,39.46,1,1.322,10.103,3.137,1,0.323,50.876,1.672,0,1,0
1,30.1246,0,19.0389,1,1,0,1,8,16.4854,57.73,0,174.328,48.413,31.393,1,41.317,67.436,3.089,1,64.189,86.734,1.973,0,0,0
1,28.6,0,10.0487,1,1,0,2,9,10.6957,56.52,0,130.843,83.335,37.819,1,48.88,100.793,0.908,2,25.667,189.651,0.188,0,1,0
0,48.9264,0,9.1427,1,1,0,2,8,19.3623,56.927,0,162.043,10.85,31.712,1,42.678,106.483,2.774,1,9.163,1.477,0.718,0,1,0
0,31.4608,0,14.8267,1,1,2,6,3,14.5047,59.949,0,144.807,1.663,31.365,1,68.311,26.971,8.228,1,57.726,81.478,3.377,0,1,0
0,48.8203,0,8.0308,1,1,0,2,3,13.6034,41.866,0,115.145,146.723,9.953,1,62.094,77.503,5.625,1,12.163,3.47,0.274,0,1,0
0,31.704,0,18.9387,1,1,0,2,8,16.4227,43.987,0,159.654,236.325,4.67,1,48.411,6.211,0.189,1,13.76,86.293,1.527,1,0,0
1,38.3045,0,10.3117,0,1,0,8,7,13.4908,88.917,0,139.722,27.813,29.014,1,43.736,0.591,2.537,1,70.769,34.55,3.078,0,1,0
1,20.647,0,12.5003,1,1,0,4,2,16.0816,53.621,0,149.573,5.878,30.22,1,57.352,59.373,7.358,1,5.934,64.22,13.687,0,1,1
1,30.1042,0,15.2793,1,1,1,8,2,18.2644,52.845,0,68.374,34.058,9.911,1,58.099,48.999,7.92,1,0.945,34.25,0.975,0,1,0
1,32.8921,0,10.8596,1,1,0,2,2,14.0858,54.254,0,20.819,95.366,30.019,1,12.92,12.764,0.327,1,6.143,78.09,0.135,0,1,0
0,37.0751,0,8.5069,1,1,0,10,6,15.851,59.533,0,147.076,125.429,39.952,1,68.291,66.772,9.467,1,7.14,99.99,0.584,0,1,0
1,27.6873,0,3.2198,1,1,0,2,6,13.8922,50.013,0,125.054,371.612,37.635,1,9.044,45.536,9.449,1,45.767,51.557,4.083,0,1,0
1,22.0722,0,10.837,1,1,0,6,2,14.4129,57.374,0,120.512,109.776,33.094,1,59.612,50.45,9.566,0,90.249,6.986,5.267,0,1,0
1,33.6208,0,10.8311,0,1,0,8,8,11.4841,64.86,0,178.881,266.457,33.422,1,19.94,4.049,9.38,1,72.569,61.252,1.538,0,1,0
1,38.75,0,10.0527,1,1,0,5,7,34.884,61.554,0,143.083,5.597,18.952,1,43.436,58.14,6.325,1,66.559,34.5,0.264,0,1,0
1,38.149,0,17.9123,1,1,0,2,1,10.4325,50.914,0,120.053,79.859,39.952,1,6.289,98.171,6.369,1,79.866,74.573,2.662,0,1,0
1,30.6272,0,0.2502,1,1,0,6,5,15.8614,49.954,0,265.48,85.361,30.553,1,58.399,116.478,3.389,1,1.083,82.971,4.282,0,0,0
0,38.1655,0,9.2155,1,1,2,6,6,16.4686,50.595,0,41.54,19.317,2.163,1,50.212,70.404,0.406,1,3.602,30.772,0.091,0,1,0
0,34.8751,0,15.4154,1,1,0,3,5,18.119,48.58,0,148.02,41.306,6.262,1,46.115,47.017,4.952,1,67.98,89.576,6.766,0,1,0
1,32.1496,0,15.03,1,1,0,2,6,19.8243,60.35,0,19.302,219.39,87.253,1,0.519,48.943,2.347,1,13.269,9.721,0.997,1,1,0
1,28.975,0,10.2464,1,1,1,12,2,15.5111,50.38,0,240.497,144.81,3.756,1,39.456,15.603,4.286,1,62.747,54.57,0.86,0,0,0
1,38.3057,0,14.9654,1,1,0,2,2,12.3446,54.52,0,102.288,249.727,39.176,1,59.861,18.102,2.061,1,89.659,40.592,0.564,0,1,0
1,20.4035,0,12.8141,1,1,0,2,6,36.4695,50.043,0,70.265,10.818,21.256,1,4.804,43.176,0.252,1,56.824,51.771,0.623,0,1,0
1,38.1051,0,13.401,1,1,0,6,9,15.9455,14.96,0,78.78,84.266,10.672,1,32.618,40.305,10.94,1,145.323,38.72,1.232,0,1,0
0,20.1802,0,20.6913,1,1,1,0,5,18.6623,56.072,0,110.743,119.19,11.722,1,18.414,20.064,2.38,1,37.36,89.87,1.917,0,1,0
1,30.605,0,13.5231,1,1,0,2,7,10.5446,0.553,0,123.784,62.524,32.465,1,17.288,83.014,1.32,1,1.156,77.852,0.67,0,1,0
1,30.289,0,11.9651,1,1,0,8,2,17.1614,53.836,0,119.564,227.027,33.963,1,1.008,90.94,3.382,1,95.961,1.042,7.213,0,1,0
0,20.287,0,20.9578,1,1,0,2,2,10.0095,50.243,0,20.952,8.522,0.926,1,22.685,77.509,7.329,1,47.306,91.173,1.907,0,1,0
1,28.742,0,10.5237,1,1,0,2,7,16.7136,68.18,0,39.71,79.473,39.554,1,8.503,55.713,9.239,1,93.773,78.174,0.772,0,1,0
1,21.126,0,11.2178,1,1,0,2,3,14.4227,94.15,0,24.511,0.072,2.264,1,66.968,517.434,9.338,1,1.724,56.14,0.703,0,1,0
1,34.8829,0,10.5064,1,1,0,2,6,15.4628,50.85,0,80.417,48.083,1.751,1,7.081,6.24,3.329,1,7.121,97.766,0.127,0,1,0
0,38.1579,0,11.9478,1,1,0,2,6,10.1823,55.959,0,50.515,10.823,31.09,1,3.424,4.174,7.963,3,1.381,84.553,0.962,0,1,0
0,34.3098,0,11.8909,1,1,0,2,2,12.849,55.413,0,188.73,59.392,9.291,1,48.425,76.601,0.712,1,31.02,52.016,0.99,0,1,0
1,28.422,0,19.0003,1,1,0,8,2,19.394,50.894,0,142.697,66.731,3.933,1,48.4,40.699,2.788,1,53.959,92.577,0.167,0,1,0
1,36.7858,0,18.3383,1,1,0,6,1,11.5828,39.964,0,145.813,29.357,19.42,1,60.395,74.024,3.129,1,3.665,181.955,8.266,0,1,0
1,30.2979,0,19.5281,1,1,1,6,6,13.8247,47.823,0,178.26,312.451,32.984,1,42.597,53.693,8.736,1,21.223,226.584,9.482,0,1,0
1,28.4381,0,12.6447,1,1,2,2,7,16.0627,94.343,0,147.538,318.755,32.265,1,1.869,84.588,5.332,1,63.223,51.422,2.17,0,1,0
1,28.5585,0,9.5093,0,1,0,2,5,12.4126,76.874,0,189.509,310.33,20.415,1,59.098,40.922,6.939,1,66.365,26.751,1.627,0,1,0
0,28.3645,0,12.9689,1,1,0,2,2,12.8363,54.954,0,73.95,7.471,5.072,1,46.341,71.523,4.962,1,13.912,77.871,0.585,0,1,1
1,20.0469,0,18.585,1,1,0,5,2,11.1441,40.093,0,105.592,140.117,9.577,1,50.424,88.548,6.23,1,73.364,21.957,0.585,0,1,0
1,21.1652,0,13.9287,1,1,2,2,2,17.1714,56.871,0,14.71,96.825,13.866,1,2.415,80.373,8.946,1,1.721,62.73,1.92,0,1,0
0,24.3246,0,10.854,1,1,2,2,8,22.4852,59.884,0,112.145,44.815,11.698,1,53.654,70.749,2.559,1,8.166,308.552,2.786,0,0,0
1,35.8705,0,11.8649,1,1,0,2,6,11.5751,55.359,0,16.517,10.315,0.222,1,57.136,47.696,5.965,1,3.569,81.477,2.5,0,1,0
1,38.4892,0,11.2157,1,1,0,2,5,18.799,72.064,0,13.85,110.815,39.132,1,63.617,66.017,8.762,1,62.8,38.511,0.017,0,1,0
1,48.4851,0,10.9213,1,1,0,5,1,16.5696,52.443,0,158.454,26.197,26.393,1,46.09,98.01,2.439,1,11.149,81.75,9.91,0,0,0
0,30.4211,0,4.6051,1,1,0,1,6,16.4544,41.114,0,137.537,108.69,9.297,1,68.161,20.26,3.618,1,62.086,89.853,0.975,0,1,0
0,24.7625,0,10.9578,1,1,0,6,2,14.5498,51.194,0,89.789,310.004,12.151,1,64.915,84.284,9.738,1,2.333,165.736,0.242,0,1,0
1,38.4418,0,12.6483,1,1,0,2,6,11.3727,59.914,0,17.105,16.113,2.864,1,21.806,15.233,0.981,1,60.209,39.139,0.53,0,1,0
0,30.1577,0,11.2158,1,1,0,6,9,19.4127,59.853,0,23.53,63.573,19.306,1,54.086,134.217,0.33,1,93.291,76.775,0.677,0,1,0
1,37.8777,0,19.0381,0,1,0,2,2,19.5155,68.845,0,70.788,45.399,20.252,1,44.065,87.148,8.516,1,20.987,83.42,1.277,0,0,0
0,30.1427,0,8.9415,1,1,0,0,2,16.1734,68.234,0,22.61,0.333,4.183,1,5.85,48.47,9.32,1,63.72,6.771,0.243,0,1,0
1,34.675,0,16.8902,1,1,0,11,6,16.5647,71.666,0,178.808,208.384,29.264,1,44.211,155.706,4.58,1,90.403,34.377,0.52,0,1,0
1,20.1433,0,10.0054,1,1,0,2,2,19.2157,8.937,0,59.428,2.743,80.501,1,42.045,78.574,2.277,1,155.316,68.386,0.522,0,1,0
1,23.988,0,10.7391,1,1,2,2,2,16.8694,68.837,0,180.827,52.158,31.092,1,91.654,11.815,0.643,1,11.253,87.136,0.075,0,1,0
1,38.3303,0,11.0005,1,1,1,2,8,16.7242,54.95,0,168.404,733.824,39.093,1,46.191,88.943,7.593,1,6.779,51.94,5.07,0,1,0
1,32.046,0,20.17,1,1,0,2,3,19.5194,47.022,0,120.516,4.061,31.602,1,8.683,8.051,6.92,1,25.193,24.831,0.078,0,1,0
0,28.1676,0,15.6752,1,1,0,0,6,24.2702,52.801,0,91.256,49.328,23.652,1,61.412,55.814,1.489,1,13.399,10.839,2.988,0,1,0
0,22.7625,0,12.6447,0,1,2,2,3,12.5167,51.94,1,48.789,347.253,3.278,1,54.674,86.786,2.38,1,81.269,96.786,0.078,0,1,0
1,35.1821,0,13.0417,1,1,2,2,2,17.8918,43.613,0,127.572,79.399,10.692,1,59.632,68.276,0.289,1,157.083,6.131,0.676,0,1,0
0,38.3009,0,17.6102,1,1,0,6,2,16.6345,44.944,0,110.653,219.123,7.219,1,43.173,78.704,8.332,1,2.221,79.553,1.267,0,1,0
1,20.6921,0,3.6303,1,1,1,16,3,24.3294,58.855,0,123.822,29.358,1.65,1,9.645,29.57,3.92,1,85.923,76.979,1.543,0,1,0
0,23.2428,0,14.123,1,1,1,2,2,18.5245,48.473,0,141.845,29.858,27.45,1,14.787,8.097,3.341,1,34.033,3.778,1.017,0,1,0
0,31.46,0,14.9539,1,1,1,19,2,14.1133,70.245,0,142.41,20.323,27.99,1,8.514,8.224,9.646,1,101.135,43.593,21.682,0,1,0
1,35.1269,0,15.8117,1,1,0,0,7,16.3401,46.955,0,110.832,7.016,2.96,1,62.021,11.942,0.38,1,63.629,52.374,0.88,0,1,0
1,30.4855,0,10.9298,1,1,2,2,2,24.5614,22.004,0,172.181,196.313,7.99,1,62.684,2.99,0.058,1,7.255,83.431,0.178,0,0,0
1,35.7655,0,17.0144,1,1,0,5,2,15.1978,56.515,0,115.503,83.553,18.273,1,48.892,10.75,4.618,0,62.558,57.286,5.964,0,1,0
1,33.3579,0,17.095,1,1,0,2,2,18.4135,47.822,0,147.917,56.058,29.292,1,44.731,70.483,0.637,0,10.101,55.622,5.079,0,1,0
0,20.127,0,0.9937,1,1,0,4,2,18.5199,0.353,0,100.483,120.885,4.809,1,58.306,176.583,3.622,1,43.324,89.726,0.582,0,1,0
1,35.1075,0,9.9638,1,1,0,2,9,11.3297,48.01,0,10.829,-10.31,3.785,1,4.913,8.5,4.487,1,35.636,54.828,0.7,0,1,0
0,20.385,0,18.3763,1,1,2,2,5,16.5221,54.983,0,49.412,3.507,0.54,1,99.529,20.514,3.242,1,81.219,65.177,0.202,0,1,0
1,32.5079,0,19.8171,0,1,0,6,8,15.5092,57.013,2,124.526,80.872,20.452,1,48.522,65.648,0.583,1,93.756,70.742,1.63,0,0,0
1,38.6551,0,10.9587,1,1,2,2,1,14.0827,55.945,0,44.468,313.899,30.414,1,43.099,60.59,0.322,1,5.118,4.328,0.1,0,0,0
1,38.3679,0,11.6067,0,1,0,2,3,16.5864,7.854,0,115.847,247.498,1.752,1,82.48,84.784,0.985,2,105.104,94.845,8.107,0,1,0
0,38.6705,0,10.9909,1,1,0,2,7,25.5289,55.964,0,79.846,87.346,22.053,1,52.215,84.354,2.749,1,92.303,63.221,1.877,0,1,0
0,34.1275,0,8.5007,1,1,1,2,3,16.4146,51.903,0,18.751,135.495,19.683,1,31.352,108.994,6.221,1,103.966,252.753,8.507,0,1,0
1,33.3475,0,27.8509,1,1,0,2,6,18.5959,50.877,0,18.517,14.374,31.128,1,106.441,93.437,8.641,1,74.16,91.431,2.287,0,1,0
1,35.667,0,5.519,1,1,0,2,2,5.5746,47.855,0,174.794,269.712,16.166,1,69.411,10.78,3.938,1,207.006,82.723,0.987,0,0,0
1,38.7722,0,5.5051,1,1,1,2,6,15.494,49.87,0,70.995,275.249,29.312,1,4.692,107.015,6.432,1,19.913,38.321,5.021,0,1,0
0,28.827,0,20.9038,1,1,2,2,3,18.6643,57.619,0,112.881,77.314,3.64,1,18.424,157.817,3.646,1,71.168,84.87,0.051,0,1,0
1,38.1055,0,0.1343,1,1,1,2,3,12.6156,40.92,0,111.311,116.764,2.193,1,48.411,7.504,3.04,1,27.71,72.869,0.671,0,1,0
1,28.1855,0,10.4441,1,1,0,2,6,16.4184,59.147,1,34.487,40.589,25.318,1,7.798,13.47,1.917,3,6.435,68.549,29.252,0,1,0
1,46.7708,0,0.9376,0,1,0,4,2,19.3026,55.813,1,141.443,19.363,29.39,1,16.884,117.751,3.262,1,189.253,66.854,0.173,0,1,0
1,23.7379,0,10.629,1,1,0,2,2,18.8292,76.836,0,142.717,22.001,37.694,1,43.797,73.191,8.946,1,66.178,49.912,9.922,0,0,0
0,28.689,0,19.5189,1,1,0,5,2,10.4124,48.943,0,155.022,166.693,19.745,1,68.083,167.327,4.264,1,61.162,218.857,0.072,1,0,1
0,30.1019,0,10.3598,1,1,0,2,2,10.9851,51.434,0,0.534,18.337,0.985,1,19.536,67.711,9.739,1,90.219,34.172,0.01,0,1,0
1,38.0872,0,12.1404,1,1,0,8,8,19.2419,70.34,0,216.112,11.522,22.14,1,59.043,65.974,9.785,1,11.299,73.013,0.063,1,1,0
1,28.6914,0,19.9691,1,1,0,4,2,11.448,69.853,0,120.146,89.893,32.79,1,49.091,24.499,5.393,0,48.953,7.87,3.712,0,1,1
0,37.1651,0,13.9884,1,1,0,2,2,20.4125,56.825,0,116.534,80.369,13.292,1,7.95,45.493,6.73,1,66.612,48.353,2.132,1,1,0
1,21.3657,0,15.6771,1,1,0,2,4,13.4291,31.541,0,57.882,27.47,6.219,1,66.712,108.696,5.068,1,9.449,81.857,0.877,0,1,0
0,35.7994,0,11.0353,1,1,2,1,1,11.1083,47.225,0,170.832,525.371,30.594,1,8.663,2.4,3.288,1,8.628,87.146,0.198,0,1,0
0,38.1096,0,14.7059,0,1,0,2,2,12.5759,71.247,0,145.149,79.266,35.352,1,1.754,98.989,9.949,1,75.285,55.358,4.089,0,1,0
0,38.4729,0,10.9753,1,1,1,2,7,17.7694,89.933,0,129.472,26.322,30.556,1,1.635,3.219,4.888,1,141.964,78.124,0.787,0,1,0
0,32.4007,0,0.1103,1,1,0,4,2,13.5465,65.246,0,12.098,34.595,1.459,1,42.629,60.076,3.155,1,65.825,74.721,1.585,0,1,0
1,46.6685,0,13.5971,1,1,0,5,9,14.7457,98.504,0,117.845,234.476,32.952,1,48.876,6.56,3.362,1,91.272,28.955,1.679,0,0,1
1,30.5088,0,10.5478,1,1,0,2,3,15.9668,54.143,0,110.04,248.298,23.165,1,18.919,47.484,9.571,1,113.203,34.357,0.66,0,1,0
1,22.7212,0,10.9619,1,1,0,2,2,16.4204,31.545,0,120.638,75.331,32.922,1,17.425,11.217,3.322,1,35.121,61.771,4.173,0,1,0
1,25.1833,0,15.0317,1,1,0,2,2,12.4135,58.214,0,174.011,108.32,33.756,1,41.285,10.424,4.45,1,10.709,7.627,1.736,0,0,0
0,20.617,0,13.6157,1,1,0,2,3,14.0157,59.383,0,55.233,-44.863,40.592,1,3.935,64.138,35.337,1,51.551,12.921,8.762,0,1,0
1,20.7016,0,17.6381,1,1,0,2,8,15.4526,56.362,0,100.013,63.757,30.62,1,70.422,53.717,8.38,1,90.191,53.575,6.217,0,1,0
1,30.4737,0,12.6397,1,1,2,2,6,14.4036,42.142,0,127.436,10.439,30.012,1,30.692,21.537,2.316,1,95.643,83.866,3.912,0,1,0
1,38.548,0,19.7923,1,1,0,2,6,14.5394,71.494,0,54.533,30.339,31.664,1,48.605,67.983,5.626,1,61.945,70.142,8.333,0,1,0
1,39.348,0,19.9002,1,1,0,6,8,17.544,44.92,0,136.217,149.326,37.474,1,46.119,3.293,10.005,1,17.597,11.858,18.56,0,2,0
1,28.3558,0,9.9541,0,1,0,1,6,15.423,58.763,0,146.016,47.979,20.777,1,12.413,58.134,0.968,1,6.015,62.15,1.449,0,0,1
1,68.6457,0,14.4601,1,1,0,2,2,31.558,56.113,0,7.074,45.123,24.86,1,11.797,21.025,2.54,1,91.162,89.957,0.941,0,1,0
1,24.8727,0,19.3203,1,1,0,1,2,12.67,44.524,0,78.348,275.894,22.95,1,50.342,42.239,0.699,1,3.772,47.778,0.04,0,1,0
1,35.1854,0,19.6873,1,1,0,0,6,14.722,58.11,0,125.808,380.818,2.913,1,8.041,12.705,5.34,1,97.359,8.79,1.867,0,1,0
1,38.1875,0,14.5333,1,1,0,0,6,15.8227,32.594,0,114.558,9.108,10.804,1,46.115,97.364,5.941,1,0.903,6.151,14.194,0,1,0
1,66.6838,0,13.6007,1,1,0,4,9,13.7596,64.841,0,185.953,66.853,32.696,1,50.792,17.2,2.172,1,142.913,39.82,1.666,0,1,0
0,38.0048,0,7.5301,1,1,1,6,1,10.0013,41.823,0,72.732,71.444,30.586,1,58.299,47.45,4.902,1,41.079,81.123,5.629,0,1,0
1,28.179,0,10.5981,1,1,0,2,7,19.9599,56.533,0,145.839,229.476,3.215,1,32.301,29.704,7.164,1,89.265,31.153,0.668,0,1,0
1,31.497,0,1.4546,1,1,0,2,6,18.4469,59.47,0,84.413,41.31,2.261,1,41.211,55.019,3.846,1,186.262,28.117,0.571,0,1,0
1,38.1721,0,8.9723,1,1,0,12,2,12.6724,50.927,0,115.792,20.314,9.861,1,11.998,91.403,1.11,1,93.16,34.944,0.173,0,1,0
1,33.1628,0,9.6569,1,1,0,2,8,12.4941,10.136,0,171.51,-33.849,3.052,1,52.698,76.833,9.385,1,25.091,98.042,7.144,0,0,0
1,21.0035,0,15.2105,1,1,0,6,3,18.5715,50.945,0,4.597,47.382,14.158,1,41.084,8.784,4.351,1,91.209,34.135,1.832,0,1,0
1,30.6842,0,18.0656,1,1,2,5,8,11.432,62.564,0,136.53,97.939,9.624,1,2.157,50.618,3.085,1,92.764,16.12,0.97,0,0,0
1,34.373,0,8.0033,1,1,0,2,8,36.0827,49.153,0,112.515,734.164,30.054,1,67.43,45.933,8.388,1,67.929,99.921,9.223,0,1,0
0,38.6521,0,12.6133,1,1,0,2,3,19.4128,44.533,0,98.142,117.815,0.045,1,0.115,3.674,5.415,1,69.768,77.551,0.209,0,1,0
0,28.8992,0,10.6606,1,1,0,2,3,19.9042,42.474,0,129.093,28.897,32.292,1,9.391,50.493,3.49,1,2.668,87.523,0.675,0,1,0
0,31.7245,0,14.0717,1,1,0,2,6,11.7821,47.025,0,115.903,246.988,33.999,1,48.021,59.062,16.437,0,92.262,96.121,10.502,0,1,0
0,38.4066,0,11.9533,1,1,0,2,2,12.4328,5.07,0,210.478,39.314,39.967,1,69.898,40.954,9.362,1,115.26,7.989,1.107,0,1,0
1,30.3856,0,19.6609,1,1,0,2,5,18.0683,59.042,0,0.003,39.819,3.916,1,58.961,16.561,8.413,1,0.972,16.217,2.623,1,1,0
0,20.3578,0,13.8931,1,1,1,2,2,15.9325,52.314,0,112.572,11.874,22.953,1,4.937,83.138,9.382,1,43.766,14.741,0.488,0,1,0
1,20.701,0,10.522,1,1,2,5,2,11.5754,16.923,0,399.074,56.45,1.661,1,38.602,5.807,0.044,1,38.65,51.271,0.285,0,1,0
0,38.6407,0,11.901,1,1,0,15,2,21.644,4.104,0,177.535,173.325,0.414,1,58.563,54.884,3.385,1,63.668,71.365,0.185,0,1,0
1,34.3691,0,18.2309,1,1,0,2,7,25.3147,58.227,0,11.315,656.426,22.446,1,40.655,50.954,5.711,1,9.055,74.851,0.96,0,0,0
0,20.8588,0,16.0194,1,1,0,6,2,13.5145,42.24,0,139.863,89.373,32.332,1,60.624,43.64,0.916,1,163.521,53.921,22.032,0,0,0
1,33.0801,0,12.1098,1,1,0,2,6,11.8341,52.944,0,92.143,77.862,38.766,1,46.611,14.52,3.306,1,25.202,85.275,1.872,1,1,0
1,33.159,0,8.9243,1,1,2,8,6,15.8619,44.952,0,78.116,7.531,42.542,1,52.894,7.619,6.428,1,72.995,46.944,0.862,0,1,0
1,38.438,0,9.5253,1,1,0,2,2,10.6224,50.136,0,142.545,11.388,16.195,1,1.312,59.763,3.362,1,36.293,29.951,7.777,0,1,0
1,28.862,0,12.6567,1,1,0,2,6,19.5236,54.574,0,174.767,-11.888,11.593,0,42.042,0.475,9.259,1,213.623,41.918,0.247,0,1,1
0,28.5229,0,6.3447,1,1,2,0,2,16.5529,67.505,0,33.432,17.239,30.425,1,68.421,107.617,2.17,1,26.124,8.823,3.072,0,1,0
1,38.8727,0,13.7797,1,1,0,12,8,18.3194,55.823,0,70.487,-74.897,1.125,1,64.632,57.66,3.642,1,101.969,74.552,0.074,0,1,0
1,38.6776,0,14.9939,1,1,0,2,2,17.5951,54.824,0,44.655,16.266,32.575,1,93.311,20.718,0.182,1,5.103,74.728,3.284,0,1,0
0,30.109,0,12.5324,1,1,0,1,2,17.8547,54.917,0,45.839,88.314,23.112,1,42.319,10.494,9.442,1,66.169,82.856,0.587,0,1,0
0,28.045,0,25.9001,1,1,0,6,7,12.1245,56.554,0,105.129,266.22,2.466,1,2.69,111.544,7.36,1,46.575,61.166,0.192,0,1,0
1,18.3597,0,13.1686,0,1,0,2,8,15.8751,59.834,0,199.413,18.844,3.46,1,9.552,0.212,4.739,1,41.999,81.52,0.082,0,1,0
0,28.985,0,15.0524,1,1,1,2,2,11.4341,44.033,0,60.574,70.773,9.622,1,33.549,6.203,2.167,1,71.309,74.947,6.628,0,1,0
1,31.2708,0,19.8653,1,1,2,2,8,18.469,68.24,0,188.426,11.25,20.259,1,1.39,26.52,5.321,1,2.331,55.221,0.911,0,1,0
1,30.6607,0,0.0803,0,1,0,2,2,11.1842,44.61,0,1.158,110.353,9.509,1,46.144,80.343,3.252,1,103.653,56.022,0.045,0,1,0
1,20.0829,0,0.0711,1,1,0,4,2,16.9124,58.338,0,154.738,20.406,2.318,1,13.612,53.543,4.958,1,108.813,32.879,0.271,0,1,0
0,38.6098,0,11.6647,1,1,0,2,8,13.7545,59.152,0,140.101,207.884,6.819,1,5.691,60.216,1.308,1,131.781,65.253,0.738,0,0,0
1,33.3541,0,0.9171,1,1,0,5,2,20.5075,59.212,0,5.822,25.208,0.118,1,37.669,6.564,22.619,1,85.936,57.94,0.687,1,0,0
1,38.4871,0,10.9203,1,1,0,2,2,11.4645,56.393,0,46.562,49.804,12.74,1,40.918,0.197,2.119,1,66.309,54.124,0.04,0,1,0
1,33.8085,0,12.0075,1,1,0,2,3,16.6524,89.434,0,141.308,20.357,32.123,1,58.452,56.276,9.342,1,90.924,90.105,0.738,0,1,0
0,20.0998,0,14.9057,1,1,0,1,2,19.0207,54.815,0,122.537,0.339,24.462,1,68.009,52.634,8.32,1,31.772,19.266,0.779,0,1,0
1,33.1026,0,3.0973,1,1,2,2,8,14.1185,53.249,0,175.545,25.016,22.798,1,41.141,166.955,7.957,1,2.039,0.541,0.333,0,1,0
0,35.3008,0,11.6088,1,1,1,2,2,17.8224,51.594,0,119.763,3.0,28.074,1,64.186,71.906,8.389,1,1.762,78.36,1.572,0,1,0
1,20.6412,0,18.0153,1,1,0,6,8,16.0118,54.1,0,175.543,25.463,2.385,1,40.753,6.224,0.44,1,0.971,57.554,0.917,0,1,0
1,38.2005,0,18.5716,1,1,2,6,3,24.6292,54.913,0,106.043,760.015,21.112,1,1.399,25.773,4.02,1,81.133,67.742,0.686,0,1,0
1,30.4434,0,18.0907,1,1,1,2,2,12.3285,53.962,0,104.593,10.856,31.936,1,70.312,20.747,9.917,1,3.981,5.871,0.01,0,1,0
0,21.3046,0,14.944,1,1,0,2,3,16.532,57.663,0,133.015,13.414,22.425,1,6.401,80.414,3.08,0,161.269,22.106,6.3,0,1,0
1,48.1057,0,18.965,1,1,1,2,8,14.2737,51.24,0,149.527,534.834,30.453,1,46.752,43.484,3.924,1,63.355,84.972,0.175,0,1,1
1,36.3458,0,0.4643,1,1,0,2,8,13.4147,75.314,0,42.41,76.423,22.792,1,49.679,43.864,8.346,1,61.989,11.766,0.857,1,1,0
1,38.3078,0,19.8473,1,1,0,2,3,14.4726,19.213,0,158.207,81.857,5.91,1,42.088,53.289,7.413,1,60.386,45.562,1.762,0,1,0
0,38.2803,0,1.8378,1,1,0,4,2,16.9653,47.894,0,10.835,10.232,2.832,1,49.7,9.51,9.728,1,43.77,86.84,1.64,0,0,0
0,27.0728,0,10.9307,1,1,0,8,9,19.6777,54.643,0,153.504,9.828,30.212,1,8.094,16.272,3.935,1,241.614,72.771,0.666,0,1,0
0,38.9522,0,18.0083,1,1,0,6,2,18.2624,32.701,0,117.54,213.003,12.648,1,59.722,16.269,2.175,1,6.626,90.512,0.982,1,1,0
1,23.345,0,10.6041,1,1,0,8,2,18.3345,55.844,0,127.57,5.396,32.211,1,4.417,126.285,4.157,1,113.625,14.993,6.962,0,1,0
1,32.7051,0,19.5284,0,1,0,2,4,13.8643,66.647,0,172.844,15.356,30.962,1,58.264,21.32,6.542,1,7.23,89.79,0.002,0,1,0
1,38.6922,0,12.1698,1,1,0,8,3,18.5103,59.837,0,120.837,48.528,0.612,1,45.414,46.511,11.804,1,66.267,96.874,10.613,0,0,0
1,28.0854,0,0.1036,1,1,0,8,5,16.5295,54.864,0,99.281,47.446,7.782,1,52.385,13.745,7.2,1,1.86,76.21,0.067,0,1,0
0,34.4471,0,4.1603,1,1,0,5,6,16.8154,51.809,0,175.572,19.253,13.498,1,66.022,65.204,3.612,1,31.172,4.472,0.683,0,1,0
0,20.1781,0,3.5773,1,1,0,5,9,14.6823,71.981,0,79.54,71.256,20.285,1,68.751,48.564,34.436,1,113.103,11.765,25.506,0,1,0
0,34.8945,0,5.5908,1,1,0,2,2,15.0767,56.32,0,168.451,61.094,3.774,1,11.424,70.702,2.786,1,115.223,87.141,2.531,0,1,0
1,38.3221,0,18.2001,1,1,0,6,8,18.5554,54.953,0,157.352,10.056,2.236,1,43.58,74.989,8.922,1,2.929,49.351,0.281,0,1,0
0,28.6077,0,13.2358,1,1,0,10,6,15.8707,65.04,0,46.733,708.819,39.144,1,43.294,7.263,0.379,1,102.653,41.135,11.38,0,1,0
1,38.3708,0,12.3651,1,1,0,2,2,14.5747,40.224,0,110.543,11.75,30.495,1,61.811,66.474,9.031,1,117.965,3.94,0.915,0,1,0
0,20.3775,0,13.4587,1,1,0,2,6,16.6206,50.455,0,113.83,44.914,13.422,1,43.147,7.964,3.439,1,21.281,41.726,0.112,0,1,0
1,20.1259,0,4.8381,1,1,1,4,5,16.6754,54.633,0,78.643,29.195,1.514,1,69.713,13.687,9.246,1,1.749,48.98,0.27,0,1,0
1,38.1776,0,14.7732,1,1,0,2,3,14.4291,56.996,0,124.381,210.606,0.717,1,41.085,72.244,4.352,1,71.1,61.555,0.507,0,1,0
1,20.0671,0,0.2973,1,1,1,2,3,20.5165,80.864,0,16.752,48.543,0.067,1,69.615,71.188,6.219,1,41.784,14.27,8.372,0,1,0
1,34.1811,0,4.8961,1,1,2,0,2,16.4351,59.549,0,137.816,49.175,8.178,1,59.494,98.237,3.065,1,153.601,1.571,18.307,0,1,0
1,35.6045,0,13.4487,1,1,0,16,1,18.1881,53.503,0,115.118,6.391,32.184,1,48.194,87.004,0.784,1,23.101,50.873,0.78,0,1,0
1,38.3573,0,10.8394,1,1,0,4,8,13.1457,91.853,0,120.575,212.67,20.029,1,12.821,48.703,9.343,1,44.205,57.72,0.1,0,0,0
1,28.1862,0,9.9687,1,1,0,8,2,14.6457,51.125,2,187.593,39.181,4.792,1,1.895,6.993,3.371,1,80.508,23.471,0.67,0,1,0
1,18.6853,0,14.5343,0,1,0,2,6,10.9491,56.563,0,113.565,90.916,18.059,1,63.909,67.43,3.932,1,120.062,3.178,1.077,1,1,0
1,30.625,0,9.2171,1,0,1,8,2,11.9143,40.611,0,79.243,41.846,4.418,1,65.018,60.2,4.989,1,85.286,360.122,3.2,0,1,0
1,37.969,0,4.6657,1,1,1,2,8,26.0044,29.025,0,35.863,25.368,32.592,1,43.469,177.377,9.038,1,163.213,53.441,0.949,0,1,0
1,38.7909,0,24.6336,1,1,1,2,2,33.938,59.974,0,168.843,32.568,33.126,1,53.647,60.789,9.329,1,92.773,35.531,1.186,0,1,0
1,38.4959,0,13.8417,1,1,1,2,6,18.4186,69.824,0,69.845,24.043,6.954,1,48.743,100.794,3.04,1,25.553,24.14,0.012,0,1,1
1,26.9733,0,15.5476,1,1,0,0,8,14.5315,50.94,0,127.023,247.911,0.065,1,8.066,66.936,4.719,1,72.209,82.526,5.512,1,1,0
1,38.5055,0,11.6796,1,1,0,2,1,15.3221,59.083,0,117.578,48.428,33.465,1,80.308,15.573,6.441,3,56.229,48.4,0.521,0,1,0
1,28.7905,0,16.3009,1,1,0,6,2,12.8724,49.448,0,15.52,27.476,22.18,1,32.753,8.261,8.913,0,163.68,37.854,1.082,0,1,0
1,34.1228,0,17.0001,1,1,0,4,6,23.865,63.827,0,94.843,114.356,3.018,1,59.872,39.504,4.088,1,90.323,34.352,0.96,0,1,0
1,38.3977,0,18.8607,1,1,1,3,2,19.6745,48.068,0,22.513,61.852,0.794,1,8.185,168.753,6.981,1,103.724,75.853,0.046,0,0,0
1,38.377,0,14.9001,1,1,1,2,2,12.5109,77.627,0,175.588,21.34,13.774,1,52.741,48.949,3.332,1,1.461,74.872,0.072,0,1,0
1,38.7405,0,14.0395,1,1,0,1,6,24.4314,52.82,0,107.558,63.996,18.975,1,60.321,9.444,0.032,1,65.921,50.636,0.059,0,1,0
1,34.1411,0,17.4507,1,1,1,6,2,15.3122,96.94,0,105.586,21.956,30.194,1,68.459,83.471,3.431,1,90.978,84.779,2.09,0,1,0
1,38.3855,0,12.9414,1,1,1,2,8,10.6527,53.029,0,155.83,19.396,32.226,1,47.403,55.852,9.618,1,92.769,95.351,0.042,0,1,0
1,38.6,0,10.8717,1,0,0,2,8,16.4073,71.84,0,120.51,75.458,0.666,1,67.285,5.513,4.921,1,7.266,95.353,0.067,0,1,0
1,38.5066,0,5.0907,1,1,0,2,8,18.1994,67.843,0,140.042,10.292,27.882,1,148.361,70.179,2.249,1,7.123,81.75,0.712,0,1,0
1,48.0261,0,13.9117,1,1,2,2,2,22.8054,51.114,0,114.903,133.516,0.722,1,59.609,19.786,0.729,1,22.334,73.896,0.928,0,1,0
0,38.6506,0,19.6757,1,1,0,4,2,17.4209,58.234,0,0.841,217.361,0.57,1,68.999,150.054,9.008,1,26.167,50.935,0.927,0,1,0
0,29.4772,0,8.3387,1,1,0,2,6,19.9029,43.514,0,174.839,159.375,30.602,1,46.631,89.704,7.389,1,11.196,43.976,0.918,0,0,0
1,28.4008,0,10.0089,1,1,0,2,1,11.4547,51.823,0,73.125,22.159,12.129,1,72.512,48.173,4.383,1,72.059,43.566,0.163,0,1,0
1,34.8207,0,10.8177,1,1,0,6,9,16.5585,54.53,0,4.889,42.821,0.698,1,42.714,69.603,9.159,1,83.669,74.877,0.138,0,0,1
1,28.8276,0,14.6068,1,1,0,6,2,13.6833,37.966,0,192.01,129.343,36.62,1,78.787,90.124,0.329,1,85.266,73.821,0.123,1,1,0
1,34.1435,0,9.1005,1,1,2,14,2,16.548,47.987,0,113.703,25.453,20.206,1,49.289,65.988,3.339,1,60.623,81.86,6.862,0,1,0
0,33.8768,0,9.9106,1,1,0,4,2,12.0695,25.556,0,90.633,51.462,17.165,1,68.692,80.31,4.779,1,105.491,80.125,0.177,0,1,0
0,38.0426,0,17.1507,0,1,0,16,9,14.4293,50.747,0,89.005,33.858,23.974,1,42.457,54.436,1.736,3,61.252,53.812,1.167,0,1,0
1,20.3601,0,18.1757,1,1,0,2,6,16.5535,55.974,0,92.515,289.513,17.802,1,9.699,48.213,4.94,1,0.279,91.682,9.186,0,1,0
0,36.1841,0,2.0315,1,1,0,18,2,16.2529,41.84,0,26.583,10.362,50.682,1,43.244,73.521,5.479,1,83.621,32.52,1.777,0,1,0
1,28.408,0,3.1457,1,1,0,2,2,10.5659,48.197,0,147.163,4.482,39.282,1,1.595,20.946,3.43,1,91.769,61.126,0.51,0,1,0
0,21.474,0,12.3307,1,1,0,2,2,18.6419,44.507,0,60.507,48.82,0.223,1,53.435,103.041,3.946,1,101.961,53.076,24.214,0,1,0
1,30.6219,0,18.904,1,1,0,2,1,13.4489,64.043,0,153.098,52.262,8.428,1,8.446,5.68,9.308,1,47.651,118.14,4.12,0,1,0
1,38.1011,0,0.3293,1,1,0,12,1,15.0545,6.333,0,144.458,30.315,35.124,1,59.157,64.203,8.68,1,6.313,51.577,5.19,0,1,0
0,33.1777,0,18.8313,1,1,2,2,2,15.3146,59.624,0,104.028,4.773,32.052,1,41.892,11.027,4.264,1,60.922,74.681,0.756,0,1,0
0,20.8775,0,25.5757,1,1,2,6,2,15.93,59.913,0,50.718,92.304,39.412,1,66.68,73.496,8.271,1,2.172,335.12,3.138,0,0,0
1,38.0568,0,15.3651,1,1,0,12,8,16.4195,89.864,0,188.886,-3.843,20.657,1,0.84,57.503,3.522,1,9.269,95.893,1.262,0,1,0
1,38.5004,0,10.9619,1,1,0,2,2,26.4694,9.06,0,44.486,55.384,29.083,1,2.269,24.983,4.578,1,65.399,41.526,0.086,0,1,0
1,24.7117,0,18.1836,0,1,1,2,6,15.3141,76.59,0,126.512,742.004,32.153,1,67.405,25.55,3.323,1,0.266,74.344,1.386,0,1,0
0,38.3899,0,15.1473,1,1,0,2,6,17.9647,55.953,0,37.843,3.845,13.219,1,0.769,44.083,9.971,1,93.914,91.745,0.517,0,1,0
1,28.0235,0,13.0313,1,1,1,11,7,12.0209,56.895,0,149.877,4.813,36.626,1,48.004,46.256,7.131,1,107.651,76.882,0.817,0,1,0
1,38.6558,0,2.2907,1,1,2,8,8,15.3267,56.913,0,122.054,259.812,33.076,1,52.549,74.788,3.072,1,75.101,99.521,1.124,0,1,0
1,28.8591,0,12.9603,1,1,0,2,2,15.785,27.574,0,145.182,70.473,24.855,1,80.014,6.522,7.328,1,49.709,34.853,0.547,1,1,0
0,28.2998,0,10.6298,1,1,1,2,2,14.7623,51.77,0,32.887,10.421,22.282,1,19.612,8.88,3.628,1,47.126,46.071,0.872,1,1,0
1,24.6609,0,0.9019,1,1,0,4,2,14.0025,54.263,0,44.57,40.002,18.267,1,56.211,21.977,5.949,1,44.239,18.71,0.36,0,1,0
1,39.4539,0,4.1558,1,1,2,6,9,11.1911,51.193,0,89.798,73.459,0.831,1,33.226,6.784,9.329,1,15.669,324.96,20.047,0,0,0
0,20.6203,0,10.677,1,1,0,6,2,11.6896,59.064,0,75.597,289.328,22.395,1,149.647,18.487,0.085,1,197.9,6.37,0.241,0,0,0
0,28.4898,0,12.3891,0,1,2,2,2,14.5305,59.564,0,140.073,215.193,30.195,1,42.119,17.408,3.371,1,9.131,62.376,1.026,0,1,0
1,38.2077,0,18.6303,1,1,0,2,6,14.7494,53.657,0,2.077,45.104,26.462,1,42.676,16.648,0.082,1,10.978,73.01,0.086,0,1,0
0,31.4801,0,11.1227,1,1,0,14,2,13.8424,50.195,0,179.186,17.428,29.108,1,62.797,97.083,5.379,1,41.166,65.829,1.531,0,0,0
1,20.7609,0,14.9138,1,1,0,2,2,16.8381,51.85,0,45.91,14.838,11.735,1,19.014,49.837,6.91,1,1.263,42.512,1.585,0,1,1
1,35.6312,0,11.5037,1,1,0,2,2,14.859,89.308,0,2.637,10.002,29.924,1,75.464,117.702,9.341,1,7.729,81.879,0.551,0,1,0
1,29.6852,0,18.8243,1,1,0,4,2,15.7124,48.114,0,165.513,210.31,22.728,1,9.425,2.583,6.945,1,2.011,77.616,20.063,0,1,0
0,23.1875,0,16.0077,1,1,1,4,2,16.0121,57.954,0,34.14,570.472,39.233,1,43.694,194.003,2.983,1,87.027,88.572,0.177,1,1,0
0,32.408,0,19.6943,1,1,0,2,8,14.2397,42.646,0,133.815,43.419,19.517,1,62.883,16.943,6.511,1,9.369,88.785,0.622,0,1,0
1,28.1208,0,19.0343,1,1,2,4,2,16.4315,50.811,0,138.553,40.554,0.054,1,48.344,83.964,3.646,1,67.451,85.912,0.186,0,1,0
0,31.9675,0,14.9161,1,1,0,2,2,13.9317,57.707,0,102.559,108.064,37.928,1,41.684,188.122,9.739,1,45.923,58.283,1.077,0,1,0
1,38.7475,0,3.9051,1,1,0,2,2,11.4514,59.043,0,125.036,14.923,0.359,1,39.632,69.83,4.444,1,67.965,83.51,0.903,0,1,0
1,38.8334,0,22.3571,1,1,0,2,5,17.4687,52.646,0,112.609,32.75,13.944,1,39.003,60.479,9.351,1,69.463,88.81,0.08,0,1,0
1,30.0451,0,15.4578,1,1,0,2,5,13.3445,59.824,0,82.482,0.992,32.285,0,42.212,46.176,4.309,1,43.476,82.729,0.377,0,1,0
0,33.1416,0,13.1539,1,1,0,6,2,19.6526,27.575,0,9.078,125.498,32.651,1,44.193,65.535,21.211,1,91.021,97.997,9.76,0,0,0
1,33.8696,0,14.4061,1,1,0,2,9,15.8987,55.964,0,68.086,42.363,33.221,1,22.699,14.335,3.163,1,271.168,91.518,1.973,0,1,0
1,20.961,0,12.4448,1,1,0,6,8,18.0064,45.954,3,48.599,419.373,18.715,1,48.317,8.78,9.989,1,91.921,22.874,0.237,0,0,0
1,30.149,0,16.0768,0,1,0,6,2,14.1409,41.801,0,110.832,10.591,36.919,1,53.646,66.005,7.389,1,14.599,98.226,0.014,0,1,0
0,28.1671,0,13.6533,1,1,0,2,2,16.2498,49.833,0,116.386,11.722,39.253,1,46.313,80.213,9.332,1,61.003,51.955,0.072,0,1,0
0,37.057,0,18.9817,1,1,0,6,8,11.0581,38.095,0,34.573,64.305,36.694,1,36.643,24.784,4.323,1,99.033,6.139,1.282,0,1,0
0,38.7003,0,13.9547,0,1,0,6,2,10.415,53.304,0,89.437,8.508,4.554,1,8.29,50.824,4.716,1,91.132,64.562,0.772,0,1,0
1,35.1605,0,18.7078,1,1,0,0,2,10.5024,42.154,0,41.248,1.472,20.205,1,48.111,59.213,6.936,1,7.628,84.178,9.387,0,0,0
1,35.8066,0,32.9708,0,1,1,7,8,11.5947,48.89,0,74.882,65.841,32.918,1,2.381,7.993,2.362,1,161.115,290.832,0.973,0,1,0
1,30.6227,0,10.8919,1,1,0,2,8,18.6157,59.95,0,151.805,78.878,9.452,1,54.416,87.713,3.517,1,43.112,68.543,1.079,0,0,0
0,34.4051,0,7.3371,1,1,0,1,2,16.1355,68.433,0,48.618,27.362,2.088,1,38.011,3.736,3.917,1,7.213,84.226,1.51,0,1,0
1,28.8089,0,8.8531,1,1,0,2,8,19.5697,55.333,0,78.84,192.453,9.963,1,64.742,68.584,3.784,2,60.364,41.17,0.992,0,1,0
0,25.345,0,18.7371,1,1,0,6,9,26.695,15.163,0,152.775,242.875,17.093,1,89.487,51.887,4.31,1,35.226,55.745,4.037,0,1,0
1,35.0755,0,4.5561,1,1,2,2,1,24.6787,59.963,0,171.316,1.72,11.212,1,68.842,246.423,4.619,1,45.914,33.26,26.372,0,1,0
1,38.3171,0,13.2794,1,1,0,1,8,29.1414,67.611,0,68.27,19.873,22.465,1,42.929,128.75,4.05,1,92.108,81.138,1.185,0,1,0
1,38.7258,0,14.6687,1,1,1,2,8,19.3357,53.376,0,151.096,288.309,19.092,1,66.012,70.05,2.26,1,20.126,74.829,0.05,0,1,0
1,30.4003,0,17.105,1,1,1,1,2,18.0847,49.554,0,132.093,25.413,70.202,1,9.214,76.824,5.335,1,0.226,47.529,0.273,0,1,0
1,20.1671,0,12.8077,1,1,1,12,6,18.5144,59.034,0,157.82,706.866,16.915,1,11.162,23.497,0.058,1,43.096,3.871,0.26,0,1,0
0,38.1716,0,6.4703,0,1,0,16,8,15.4692,49.807,0,32.845,229.908,15.088,1,58.057,72.45,4.374,1,70.166,84.575,0.5,0,1,0
1,34.9801,0,8.9069,1,1,0,6,9,14.5162,51.805,0,113.418,14.418,23.796,1,48.24,63.883,4.709,1,11.521,82.371,0.982,1,1,0
1,20.8957,0,8.9485,0,1,1,2,4,19.4692,56.685,0,94.755,89.391,8.954,1,48.676,1.477,4.064,1,0.703,80.389,0.877,0,1,0
0,38.7246,0,13.9783,1,1,0,2,6,15.8523,54.85,0,156.059,15.313,29.639,1,43.152,90.764,9.338,1,159.062,14.956,4.055,0,0,0
1,24.5255,0,3.1643,1,1,2,7,1,14.812,46.101,0,40.116,185.759,32.059,1,48.581,21.965,2.825,1,32.556,10.543,1.9,0,1,0
0,38.6101,0,10.4708,1,1,0,0,2,17.0289,51.595,0,146.09,225.896,30.063,1,43.341,66.395,3.439,1,87.279,87.121,1.773,0,1,0
0,48.4226,0,19.6068,1,1,2,2,3,25.8531,54.454,0,37.873,17.595,1.949,1,93.395,147.983,6.324,1,80.781,39.798,0.078,0,1,0
1,38.0711,0,8.901,0,1,2,1,2,15.6182,52.144,0,134.05,-21.993,39.184,1,17.351,98.863,3.872,1,87.689,79.852,0.274,0,1,0
1,38.7525,0,5.3006,1,1,0,2,2,19.1027,17.2,0,134.293,91.014,39.88,1,52.305,96.371,9.216,1,4.189,85.65,1.027,0,1,0
1,37.5543,0,10.6027,1,1,0,3,9,15.0451,59.963,0,142.608,380.329,26.695,1,41.094,50.474,7.28,1,90.794,84.557,0.97,1,1,0
0,30.377,0,14.1201,1,1,0,6,8,11.4987,55.564,0,173.81,20.153,32.965,1,2.344,34.915,3.219,1,63.269,71.722,2.613,1,1,0
0,30.1068,0,18.3033,1,1,1,6,4,10.4166,4.001,0,129.531,3.364,9.248,1,64.098,6.141,6.202,1,53.087,37.819,1.117,0,1,0
1,38.6771,0,0.5371,0,1,0,2,8,13.9225,58.24,0,166.045,75.406,39.775,1,33.179,18.783,4.946,1,92.622,63.766,0.287,0,1,0
1,36.4028,0,10.3618,1,1,0,4,2,16.0027,58.945,0,110.93,546.37,2.231,1,62.486,17.05,9.745,1,7.626,38.964,0.186,0,1,0
1,22.3203,0,15.9423,1,1,0,5,2,18.0314,74.474,0,175.318,112.982,3.454,1,37.455,17.267,2.035,1,13.053,66.956,0.924,0,1,0
0,30.6777,0,10.0748,1,1,0,2,3,11.4454,56.963,1,114.714,107.422,37.553,1,8.822,167.401,0.966,1,81.398,62.522,0.589,0,1,0
1,38.6205,0,10.1807,1,1,1,2,1,19.6541,51.546,0,44.8,257.95,38.953,1,56.029,88.917,9.95,1,33.901,88.453,0.073,1,0,0
1,38.6521,0,18.9659,0,1,1,2,6,21.1614,56.53,0,0.824,41.378,16.061,1,12.988,16.683,4.954,1,91.264,39.896,5.203,0,1,0
0,28.471,0,2.7071,1,1,0,5,2,13.4328,47.944,0,125.563,310.348,2.268,1,49.52,80.137,0.735,1,73.556,84.201,0.881,0,1,0
0,38.1065,0,11.8603,1,1,0,2,1,13.7616,56.695,0,4.185,26.874,20.961,1,43.501,17.422,0.359,1,7.143,62.573,8.74,0,1,0
1,25.1995,0,13.3451,1,1,0,0,7,13.4494,47.257,0,60.513,219.336,31.965,1,41.616,84.997,6.36,1,4.981,81.475,1.127,0,1,0
1,34.3003,0,13.9049,1,1,0,2,2,14.0364,19.734,0,158.817,0.964,9.154,1,38.329,47.153,2.288,1,5.988,281.827,0.772,0,1,0
1,34.4509,0,14.5018,1,1,0,2,2,11.529,62.91,0,129.312,8.066,32.102,1,48.905,116.204,3.586,2,95.718,12.26,0.723,0,1,0
1,33.787,0,10.8217,1,1,0,6,1,12.1843,54.528,0,148.095,47.31,23.768,1,42.122,0.977,3.683,1,1.611,52.47,0.945,0,1,0
0,28.1178,0,17.9544,1,1,0,1,9,15.8187,39.425,0,10.82,4.822,2.798,1,17.141,55.933,6.989,1,231.099,79.085,1.073,0,1,0
0,48.6421,0,17.6581,1,1,0,6,7,17.7855,54.937,0,4.108,79.453,21.292,1,47.293,5.998,4.418,1,69.582,59.013,9.116,0,1,0
0,68.6556,0,3.0451,1,1,0,2,5,15.4253,59.94,0,24.789,245.595,33.784,1,41.801,43.625,5.989,1,3.751,74.17,0.502,0,1,0
1,35.3878,0,8.137,1,1,0,2,8,14.4675,91.784,0,94.971,77.363,2.912,1,68.151,10.46,2.788,1,5.78,38.55,0.912,0,1,0
0,28.1294,0,4.5007,1,1,0,8,7,15.7071,54.944,2,2.599,95.727,30.352,1,63.097,16.701,3.369,1,71.937,83.471,0.377,0,1,0
1,38.1878,0,4.3018,1,0,0,4,2,10.8994,52.89,0,155.43,25.452,2.938,0,42.001,1.978,1.58,1,0.192,84.825,0.34,0,1,0
1,34.3588,0,9.3156,1,1,2,2,2,13.3644,54.509,0,39.188,2.262,17.783,1,27.244,89.951,4.339,1,87.163,8.835,20.917,0,0,1
1,38.2829,0,19.3887,1,1,0,11,8,17.9351,54.603,0,150.043,5.829,15.443,1,47.813,17.903,2.323,1,26.873,54.86,0.262,0,1,0
1,24.3775,1,19.4504,0,1,0,6,2,16.4341,40.103,0,649.758,289.42,13.295,1,66.291,88.95,6.919,1,41.561,77.37,1.172,0,0,0
1,22.6121,0,9.5383,1,1,2,2,2,16.3123,68.226,0,140.215,117.856,26.168,1,68.399,48.195,0.987,1,62.789,80.825,2.677,0,1,0
1,38.489,0,17.6054,1,1,0,1,8,18.4361,53.483,0,70.512,14.633,0.795,1,42.659,45.765,6.342,1,60.424,87.062,0.409,0,0,0
0,38.2868,0,10.6703,1,1,0,2,2,15.3426,56.447,0,179.682,24.04,3.232,1,23.097,21.503,6.349,1,307.701,70.853,0.376,0,1,1
1,29.7551,0,12.6589,1,1,0,0,6,10.9844,56.58,0,34.047,45.879,14.47,1,22.017,116.547,4.318,1,76.721,1.281,1.941,0,1,0
0,30.6442,0,13.7289,1,1,0,6,1,18.9715,57.256,0,36.148,61.392,39.964,1,43.684,27.926,4.038,1,68.873,15.799,1.577,0,1,0
0,38.4273,0,11.9287,1,1,2,2,2,33.6367,58.954,0,94.529,710.49,29.636,1,63.23,26.932,4.228,1,88.185,34.522,3.177,0,1,0
0,20.737,0,14.9629,1,1,0,6,8,13.0751,54.913,0,120.993,201.059,16.679,1,49.64,71.477,7.339,1,62.104,59.323,6.942,0,1,0
1,36.1251,0,11.3753,1,1,2,8,2,18.2904,44.294,0,70.403,219.557,17.754,1,1.113,5.933,0.33,1,31.562,20.203,0.129,0,1,1
1,28.829,0,11.6349,1,1,0,6,9,15.876,46.547,0,104.878,28.223,39.446,1,47.501,18.283,0.362,1,17.039,94.938,1.137,0,0,0
0,34.5239,0,15.9,0,1,0,2,3,14.0972,54.85,0,192.958,-82.368,39.428,1,31.699,507.729,8.383,1,90.511,59.868,0.349,0,1,0
1,34.0813,0,3.902,1,1,0,16,6,13.8397,49.963,0,16.784,72.353,33.142,1,18.113,76.635,4.429,1,64.569,85.273,0.55,0,1,0
1,28.6009,0,13.6589,1,1,0,10,1,28.7495,64.233,0,23.854,121.82,22.298,1,42.323,5.784,5.558,4,66.747,71.176,0.964,0,1,0
0,28.47,0,7.8119,1,1,0,16,2,11.1451,44.51,0,244.555,211.942,4.167,1,65.254,71.463,3.362,1,89.78,56.171,0.27,0,0,0
1,35.1821,0,10.3946,1,1,0,3,2,12.3249,84.525,0,159.443,241.456,33.778,1,68.319,82.545,3.992,1,13.055,82.82,1.563,0,1,0
1,30.9051,0,14.616,1,1,0,0,2,16.5604,55.051,0,96.554,6.27,20.833,1,9.406,95.48,3.068,1,13.763,89.946,1.132,0,0,0
0,26.6268,0,11.3438,1,1,1,6,2,43.244,45.354,0,106.143,490.315,0.294,1,79.153,34.415,0.722,1,201.249,33.85,23.715,0,1,0
0,21.3003,0,15.4148,1,1,0,6,2,14.8742,31.633,0,157.143,98.013,19.771,1,61.514,12.093,8.581,1,7.151,61.163,8.902,0,1,0
1,39.785,0,14.4683,1,1,0,1,8,16.1759,59.673,0,40.845,9.213,0.226,1,46.809,2.495,3.215,1,92.658,54.875,1.987,0,1,0
0,35.4653,0,10.1549,1,1,1,1,5,15.6781,59.034,0,193.548,1.914,26.314,1,59.489,17.973,9.446,1,90.012,65.395,0.286,0,0,0
1,30.9231,0,10.3027,1,1,0,1,5,18.5291,61.46,0,199.958,795.386,9.711,1,66.419,44.403,6.327,1,51.103,42.321,7.143,0,1,0
0,38.3429,0,19.9284,1,1,0,5,9,14.1216,13.644,0,102.843,47.503,3.097,1,68.102,78.783,7.106,1,101.14,54.877,0.94,1,1,0
1,27.7479,0,9.4212,1,1,1,2,6,17.5994,13.304,0,67.719,14.572,3.666,1,20.861,24.93,4.306,1,47.513,91.903,0.775,0,1,1
1,38.7613,0,10.5609,1,1,0,2,5,11.9699,77.214,0,73.526,41.81,18.616,1,13.102,56.263,7.013,1,2.28,86.439,0.217,0,1,0
0,38.9059,0,3.8073,1,1,2,8,3,18.5672,57.277,0,34.545,15.096,18.09,1,32.57,111.787,8.668,1,11.027,50.82,0.52,0,1,0
1,18.7058,0,10.0509,1,1,0,2,2,15.2152,52.023,0,110.09,12.812,2.435,1,12.005,70.985,2.288,1,34.753,61.267,1.013,0,0,0
1,30.709,0,19.2117,1,1,1,4,1,10.1495,56.799,0,125.543,25.316,0.09,1,69.14,122.089,11.331,1,4.003,73.81,0.943,0,1,0
1,25.0775,0,14.2459,1,1,0,5,8,16.6227,59.146,0,88.323,206.053,22.223,1,8.323,73.184,4.304,1,53.968,34.404,0.282,0,1,0
0,38.644,0,12.7038,1,1,2,2,8,16.1727,59.14,1,164.842,49.452,32.188,1,3.663,88.718,6.327,1,40.319,11.17,1.562,0,1,0
1,28.8098,0,15.1557,1,1,0,3,3,16.4104,10.23,0,212.533,27.876,32.106,1,71.428,97.769,5.918,1,99.919,65.945,1.666,0,1,0
0,38.4738,0,0.7381,1,1,0,0,2,11.2581,57.954,0,175.529,19.947,29.266,1,17.202,26.806,8.789,1,47.266,54.522,0.185,0,1,0
1,38.4555,0,12.9024,1,1,0,2,6,15.522,64.121,0,61.092,492.31,32.512,1,30.694,88.743,9.589,1,4.269,32.452,3.172,0,1,0
1,38.3605,0,12.9566,1,1,2,2,4,12.5574,46.645,0,132.281,67.298,30.858,1,198.005,40.756,0.305,1,35.283,74.87,0.687,0,1,0
0,30.1898,0,1.5321,1,1,2,2,8,19.0602,54.564,0,147.389,40.435,22.255,1,92.318,66.912,9.757,1,0.869,71.329,0.072,1,1,0
1,30.597,0,10.1087,1,1,0,2,9,18.5647,59.55,0,173.752,247.353,0.093,1,6.046,165.733,6.412,1,47.199,50.592,0.267,0,0,0
1,20.3651,0,19.1378,1,1,0,5,1,12.215,66.168,0,25.545,7.972,1.868,1,69.884,76.913,5.93,1,0.601,68.55,0.331,0,1,0
0,20.8385,0,8.7138,1,1,0,4,2,13.6857,97.891,0,132.543,31.465,3.495,1,9.197,17.779,7.699,1,2.619,14.172,2.732,0,0,0
1,30.9359,0,10.0278,1,1,1,2,1,10.1444,41.85,0,100.093,149.857,35.052,1,47.091,2.249,6.336,1,1.923,71.715,0.283,0,1,0
0,38.9059,0,10.1273,1,1,0,2,2,19.4715,64.839,0,45.862,27.222,23.633,1,62.678,4.117,2.737,1,142.774,88.17,0.682,1,1,0
1,25.6781,0,10.2857,1,1,0,0,3,12.425,43.775,0,148.015,20.135,14.944,1,98.995,17.614,7.52,1,162.309,41.395,1.925,0,1,0
0,37.1734,0,10.3159,1,1,0,2,1,19.6579,56.54,0,268.57,10.156,31.71,1,98.185,44.563,1.772,1,55.534,66.573,6.965,0,0,0
1,28.4257,0,10.8313,1,1,0,2,2,12.4487,54.556,0,99.565,15.475,20.416,1,62.893,152.396,3.002,1,77.389,81.117,0.172,1,1,0
1,33.3415,0,2.3231,1,1,0,2,5,11.4024,54.813,0,171.188,98.341,58.655,1,69.398,12.138,4.531,1,153.233,39.82,0.187,0,1,1
0,35.6411,0,10.3327,1,1,0,8,6,14.5025,47.232,0,112.789,49.446,30.123,1,18.534,27.963,7.345,1,0.073,9.027,0.923,1,1,0
0,38.8018,0,17.9,1,1,0,2,8,14.8469,51.922,0,110.932,22.482,0.955,1,23.599,76.241,1.385,1,123.101,62.157,6.177,0,1,0
1,33.1875,0,39.7317,1,1,0,2,6,18.4523,59.641,0,194.652,210.394,21.353,1,1.423,56.634,0.859,1,94.22,5.821,0.027,0,1,0
0,28.4549,0,2.9728,1,1,0,2,8,0.893,54.657,0,55.097,142.425,6.838,1,92.392,2.801,9.026,1,61.329,1.926,0.611,0,1,0
0,38.6001,0,12.9984,1,1,0,8,2,12.5616,59.664,0,80.898,-93.826,32.599,1,2.031,88.374,4.915,1,115.706,50.551,0.072,0,1,0
0,24.8675,0,18.8597,1,1,1,8,1,16.9907,17.632,0,148.308,29.824,38.222,1,59.044,0.583,4.92,1,5.053,41.1,0.05,0,1,0
0,21.1065,0,12.9551,1,1,0,2,8,13.6746,36.965,0,153.568,7.264,14.053,0,0.373,188.304,3.22,1,41.269,89.201,0.972,0,1,1
1,38.6608,0,18.5041,1,1,0,2,7,15.4417,54.99,0,117.508,10.776,23.405,1,92.221,2.782,6.739,1,61.719,3.424,0.006,0,1,0
0,38.3458,0,15.923,1,1,0,2,8,16.5204,49.04,0,175.405,18.051,3.29,1,41.745,10.202,34.517,1,85.183,73.529,1.294,0,0,0
1,38.9072,0,0.9378,1,1,0,2,6,10.8312,51.588,0,124.653,49.706,2.118,1,48.145,16.478,7.969,1,61.753,67.475,0.924,0,1,0
1,33.8927,0,13.4111,1,1,0,2,3,16.0841,45.143,0,40.571,57.994,32.11,1,42.74,70.798,0.017,1,91.765,67.971,1.207,0,1,0
1,30.8828,0,16.0751,1,1,0,2,9,18.8619,47.584,0,150.078,115.051,26.554,1,6.715,78.003,8.985,1,49.021,36.351,6.742,0,1,0
1,32.0653,0,11.9288,1,1,0,2,2,33.4191,57.004,0,144.813,44.654,22.788,1,68.596,108.79,0.752,1,21.176,82.875,0.538,0,0,0
1,18.1478,0,8.3517,1,1,0,1,2,23.8189,39.44,0,8.938,18.972,33.262,1,52.454,8.002,6.716,1,62.231,15.435,11.29,0,1,0
1,37.0842,0,2.4197,1,1,1,2,2,17.1495,51.911,0,114.78,6.545,0.448,1,39.151,46.598,9.035,1,3.92,74.135,0.705,0,1,0
1,66.1445,0,29.5258,1,1,1,2,2,16.5277,50.931,0,192.733,81.918,39.662,1,49.843,87.922,9.525,1,5.237,32.871,2.987,0,1,1
1,33.3075,0,3.5773,1,1,1,2,2,18.6312,44.954,0,5.099,26.915,0.174,1,2.485,172.264,3.573,1,5.299,44.88,0.161,0,1,1
0,34.8992,0,15.3197,1,1,1,4,2,10.8125,74.305,0,53.032,375.8,9.614,1,60.119,53.674,0.089,1,47.332,54.551,0.072,0,1,0
1,20.7454,0,18.4071,1,1,0,6,3,13.4217,47.635,0,7.78,10.356,33.948,1,55.494,0.42,3.902,1,0.303,34.83,1.51,0,1,0
0,38.3003,0,13.0518,0,1,0,2,2,15.8426,34.013,0,47.98,744.253,19.542,1,7.516,6.471,1.729,1,111.739,31.191,70.577,0,1,0
0,22.8367,0,18.9773,1,1,0,2,8,14.8067,51.935,0,7.809,8.452,0.193,1,59.481,83.493,1.951,1,41.759,89.773,0.175,1,1,0
0,35.8856,0,17.4683,1,1,2,2,2,29.1621,53.516,0,33.508,38.868,0.054,1,59.312,77.97,2.378,1,91.023,65.799,0.93,0,1,0
1,39.7256,0,18.4081,1,1,0,2,5,16.2205,58.46,0,137.024,217.36,14.916,1,1.611,55.047,9.458,1,75.91,72.118,0.574,0,0,0
0,25.281,0,10.3554,1,1,0,2,8,18.3488,37.578,0,168.83,91.563,36.703,1,39.275,8.424,3.779,0,274.109,41.803,0.987,0,1,0
0,26.9255,0,12.6383,1,1,0,2,2,14.1341,56.118,0,164.566,210.302,3.176,1,43.399,81.997,8.566,1,5.62,71.228,0.088,0,1,0
1,36.5851,0,11.1417,1,1,0,2,5,15.5542,58.944,1,85.586,244.505,3.568,1,41.269,78.953,9.498,1,0.921,68.471,5.821,1,1,0
1,38.067,0,11.6501,1,1,0,2,7,11.5944,67.827,0,52.359,271.253,3.911,1,66.751,55.293,0.332,1,69.172,43.67,3.978,0,1,0
1,38.9445,0,19.8787,1,1,0,2,2,14.9109,33.816,0,41.647,18.503,36.793,1,6.099,17.52,0.847,1,3.285,30.981,0.582,0,1,0
1,26.1888,0,18.9194,1,1,2,2,2,16.8631,54.405,0,73.823,19.892,29.268,1,0.103,20.578,8.325,1,0.925,43.958,5.77,0,0,0
1,35.6055,0,13.6596,1,1,1,2,2,22.9181,69.944,0,159.908,10.456,13.906,1,3.651,27.79,2.283,1,11.382,51.119,2.171,3,0,0
1,31.4476,0,18.7945,1,1,0,2,6,11.5109,56.459,0,117.712,19.351,4.211,1,1.814,89.778,3.101,1,9.689,64.258,0.107,0,1,0
1,38.0041,0,10.8219,1,1,1,10,2,18.3215,59.404,0,113.034,314.042,3.18,1,66.621,81.533,9.137,1,60.623,58.52,0.122,0,1,0
0,30.4513,0,7.5703,1,1,0,1,6,18.6007,59.256,0,118.093,119.555,30.272,1,8.255,117.185,7.616,1,66.656,7.87,0.79,0,0,0
1,30.1449,0,14.2688,1,1,0,2,2,11.8915,54.823,0,3.618,104.496,7.247,1,3.311,83.425,4.132,1,93.356,59.168,1.113,0,1,0
0,30.1053,0,13.9526,1,1,0,2,8,16.8824,49.203,0,15.354,136.844,28.485,1,91.568,167.884,3.444,1,3.164,81.275,8.084,0,1,0
1,38.0811,0,2.8646,1,1,0,2,2,12.464,50.853,0,164.883,73.906,30.022,1,11.045,17.074,9.029,1,13.122,24.076,1.564,0,1,0
0,38.9013,0,12.0142,1,1,1,2,6,15.6097,53.834,0,22.511,149.494,32.41,1,9.781,53.287,7.005,1,144.389,96.912,0.08,0,1,0
1,33.0728,0,11.8007,1,1,0,4,2,16.565,68.243,0,79.196,100.748,36.593,1,48.921,47.946,1.132,1,31.36,89.88,0.263,0,0,0
1,38.612,0,14.087,1,1,0,0,8,10.6125,54.615,0,42.969,140.344,18.128,1,48.901,86.183,3.116,1,0.769,59.54,1.073,0,1,0
1,23.3848,0,0.9341,1,1,2,2,2,16.2444,44.82,0,6.497,32.936,32.675,1,38.045,67.361,5.448,1,9.125,342.527,1.677,0,1,0
1,34.1651,0,9.8501,1,1,0,2,8,15.1774,61.705,0,144.725,49.445,7.936,1,71.418,16.206,4.381,1,9.766,23.827,19.285,0,0,0
1,31.6498,0,11.0823,1,1,0,2,2,10.8629,55.427,0,135.91,219.391,0.452,1,30.253,54.41,9.908,1,86.117,89.811,0.584,0,0,0
0,28.8575,0,21.4564,1,1,0,6,2,14.6653,58.075,0,108.087,27.816,32.354,1,69.494,16.403,1.971,1,76.223,106.253,1.272,0,1,0
1,61.3007,0,18.5187,1,1,0,5,8,16.5722,53.412,0,69.522,14.449,17.274,1,42.813,1.611,9.789,1,62.732,56.55,0.919,0,0,0
0,28.6218,0,10.8503,1,1,2,1,6,13.8717,53.603,0,172.078,398.674,9.12,1,58.509,44.574,7.935,1,83.903,79.353,9.777,0,1,0
1,27.2588,0,10.6641,0,1,1,6,6,17.9407,67.144,0,12.048,48.356,21.922,2,33.978,8.721,9.914,1,60.66,38.92,9.662,0,1,0
0,37.6579,0,2.9107,1,1,0,2,8,11.7625,60.133,0,58.838,64.021,8.681,1,44.513,31.463,3.949,1,11.218,86.121,0.164,0,1,0
1,31.3505,0,11.1327,1,1,2,2,2,10.5717,54.294,0,125.442,46.442,19.222,1,33.78,54.583,3.386,1,63.353,21.12,0.983,0,0,0
1,35.4678,0,0.9639,1,1,2,2,6,17.5192,47.521,0,62.922,89.309,26.147,1,48.647,58.183,10.386,1,93.559,5.55,1.773,0,1,0
1,28.1713,0,14.6402,1,1,0,2,6,19.1021,68.513,0,133.8,210.22,29.248,1,69.321,10.949,8.02,1,47.787,80.771,0.811,0,1,0
1,38.1853,0,15.9006,1,1,1,2,9,13.1799,49.583,0,40.763,40.722,20.168,1,25.31,55.915,4.644,1,179.379,11.225,1.487,0,0,0
1,21.0133,0,6.37,1,1,0,2,2,11.2742,52.074,0,143.841,47.459,51.693,1,70.815,26.27,4.038,1,65.72,46.943,0.07,0,1,0
1,28.8945,0,0.9761,1,1,0,2,6,16.4402,54.745,0,127.082,36.363,2.786,1,7.315,3.213,9.937,1,52.012,98.326,0.078,1,0,0
0,21.0574,0,13.0247,1,1,0,2,8,13.8396,50.501,0,85.614,202.839,19.689,1,19.115,107.904,4.92,1,65.661,332.579,0.868,0,1,0
1,28.325,0,13.9604,1,1,0,2,3,11.8413,56.684,0,148.503,15.371,33.146,1,43.268,66.174,7.791,1,3.651,41.12,0.551,0,1,0
1,38.8895,0,14.6147,1,1,0,4,2,17.6687,56.612,0,18.08,74.31,13.116,1,42.682,28.244,3.269,1,87.933,101.113,0.178,0,1,0
0,31.1787,0,17.6872,1,1,0,2,6,13.2444,60.834,0,150.07,706.376,10.918,1,48.022,43.78,3.746,1,50.121,5.023,5.183,0,0,0
1,35.3055,0,14.9719,1,1,2,6,6,13.8651,52.653,0,19.448,18.916,0.992,1,11.6,97.394,2.34,1,29.811,66.553,0.081,0,1,0
1,35.1362,0,14.848,1,1,0,8,5,16.4393,45.82,0,64.533,209.857,3.631,1,71.086,50.242,3.578,1,43.766,33.958,1.665,0,0,0
1,35.485,0,7.5148,0,1,2,6,5,16.382,49.214,0,99.77,23.406,3.268,1,62.082,47.41,2.683,1,39.841,31.521,0.707,0,0,0
1,25.7722,0,10.9764,0,1,0,2,2,11.5289,41.588,0,5.044,17.316,2.103,1,39.955,28.487,4.522,1,63.583,7.751,1.737,0,0,0
1,30.7173,0,23.3756,1,1,0,6,2,12.2347,59.534,0,504.573,2.492,6.214,1,0.201,61.984,3.981,1,36.949,95.752,0.01,0,1,0
1,28.007,0,16.7509,1,1,0,4,6,11.4575,48.103,0,74.56,0.374,29.945,1,77.328,13.935,1.359,1,60.167,68.471,0.063,2,1,0
1,39.4049,0,17.2709,1,1,2,2,2,11.9226,84.064,0,48.192,74.393,3.102,1,58.892,80.964,4.099,1,141.561,34.146,10.642,0,1,0
1,38.2084,0,14.049,0,1,1,1,6,11.6715,41.026,0,131.74,19.844,1.293,1,41.635,17.203,4.712,1,72.33,71.886,0.078,0,1,0
1,22.304,0,9.95,1,1,0,2,6,15.1645,81.645,0,55.079,7.003,5.293,1,64.301,11.31,4.5,1,90.269,38.87,10.987,0,1,0
1,31.1215,0,11.9645,1,1,0,2,1,18.5759,15.928,0,5.518,217.109,13.539,1,33.512,16.964,4.326,1,121.211,91.534,0.675,1,1,0
1,38.1673,0,13.2343,0,1,0,2,2,11.5751,59.625,0,67.843,110.456,39.07,1,48.14,87.241,1.928,1,167.189,71.576,0.153,0,0,0
1,28.187,0,19.0091,1,1,0,6,8,18.7153,58.955,0,109.838,40.378,0.883,1,1.249,95.735,0.344,1,157.924,98.877,0.747,1,1,0
1,28.4801,0,10.9602,1,1,0,3,2,12.7034,58.822,0,87.884,196.46,33.718,1,101.414,26.044,3.382,1,0.323,94.785,2.103,0,1,0
1,28.6501,0,12.6557,1,1,0,2,1,19.1614,58.755,0,2.506,89.992,3.235,1,49.295,37.583,0.482,1,21.915,8.55,0.744,0,1,0
0,38.3058,0,18.91,1,1,0,2,2,13.42,54.851,0,116.083,71.727,0.452,1,61.463,56.898,0.036,1,100.798,98.204,1.102,0,0,0
0,28.6,0,16.9416,1,1,0,2,2,11.461,52.825,0,36.522,24.012,33.755,1,41.044,33.443,9.941,1,13.169,67.875,0.07,1,1,0
1,31.345,0,14.701,1,1,0,8,1,16.9591,53.923,0,115.718,19.065,37.696,1,29.417,47.463,6.336,1,52.239,54.325,0.172,0,1,0
1,33.7756,0,17.4321,1,1,0,2,2,16.5646,51.214,0,129.78,41.126,0.794,1,48.601,126.694,10.901,1,0.965,53.625,1.14,0,1,0
1,28.7851,0,17.4078,1,1,0,8,2,18.2541,44.814,0,100.785,34.572,3.958,1,62.941,43.51,7.336,1,69.311,31.05,0.212,0,1,0
0,31.139,0,10.9725,1,1,0,2,2,18.3114,58.709,0,172.127,117.318,36.273,1,65.018,12.069,5.155,2,41.708,24.524,0.549,0,1,0
1,34.6851,0,10.1599,1,1,0,1,2,11.5519,56.873,0,147.51,292.315,39.83,1,42.158,76.28,39.562,1,1.213,89.771,0.0,0,0,0
1,29.1053,0,3.5067,1,1,0,2,8,19.8154,54.94,0,16.81,121.016,39.294,1,98.696,39.516,9.119,1,49.122,8.371,9.838,0,1,0
1,38.7076,0,15.9383,1,1,0,2,3,18.5669,55.904,0,125.018,6.376,0.201,1,8.069,71.784,3.987,1,41.92,4.375,0.57,0,1,0
1,32.6959,0,16.0308,1,1,0,2,2,36.8654,37.917,0,8.085,3.853,4.262,1,38.098,67.638,20.951,1,61.932,53.161,0.284,0,0,1
0,33.902,0,12.155,1,1,0,2,2,16.4019,57.141,0,144.061,-10.332,32.134,1,48.305,147.263,3.639,1,91.46,237.222,0.264,0,1,0
1,33.809,0,18.6073,1,1,2,4,5,46.3027,41.825,0,6.754,19.473,8.072,1,8.632,51.704,9.922,1,60.284,58.748,0.169,0,1,0
1,36.7758,0,20.7111,1,1,1,2,2,19.5621,52.873,0,110.615,-6.33,3.492,1,33.516,6.245,3.536,1,91.319,75.755,7.685,0,1,1
1,33.7577,0,11.1089,1,1,0,6,2,15.3201,59.206,0,115.245,56.917,17.91,1,37.835,20.653,9.489,1,9.049,91.85,4.616,0,1,0
0,38.6456,0,14.3778,1,1,0,2,3,14.8453,49.417,0,172.066,18.366,36.262,1,11.409,135.243,90.985,1,0.928,89.456,1.163,0,0,0
1,35.1629,0,13.3189,1,1,0,2,2,16.3366,50.644,0,162.513,172.961,0.258,1,61.011,87.203,2.02,1,46.924,80.323,1.576,0,1,0
1,45.7673,0,13.8026,0,1,0,8,2,13.8851,51.82,0,25.436,46.878,3.74,1,50.29,20.942,0.282,1,33.651,89.941,16.09,0,1,0
0,33.3459,0,8.0703,1,1,2,5,1,13.5192,48.167,0,199.039,252.517,31.692,1,68.481,9.677,3.382,1,292.303,10.603,0.522,0,1,0
1,30.6051,0,13.8352,1,1,0,2,6,10.8724,71.569,0,0.033,177.061,32.16,1,41.693,78.253,9.339,1,41.741,91.155,0.172,0,1,0
1,31.5755,0,11.0585,1,1,0,2,5,16.9146,58.804,0,135.823,116.968,36.662,1,61.619,57.508,4.364,1,4.761,51.847,1.913,0,0,0
1,38.3058,0,13.9604,1,1,2,2,8,8.4136,18.517,0,72.897,46.356,32.472,1,35.6,47.512,9.919,1,141.815,63.765,1.06,0,0,0
1,28.7205,0,19.9049,1,1,0,2,2,14.2291,53.681,0,71.593,302.386,33.424,1,1.671,4.37,9.387,1,99.021,19.313,3.165,1,1,0
1,40.627,0,10.8753,1,1,0,1,6,15.3093,52.244,0,47.318,-0.397,32.348,1,36.544,45.919,3.619,1,49.963,54.429,0.512,0,0,0
1,35.8801,0,10.809,1,1,0,2,2,14.8447,50.462,0,44.852,15.403,9.428,1,52.64,59.134,0.289,1,2.505,81.271,0.072,0,0,1
0,38.1738,0,3.8529,1,1,0,2,2,12.5265,53.253,0,148.599,204.894,20.28,1,42.301,66.289,3.102,1,61.356,85.782,5.462,1,1,0
0,26.4608,0,8.9309,1,1,0,1,2,11.8604,43.932,0,74.345,321.396,13.688,1,59.411,100.749,2.009,1,102.222,64.55,6.017,0,1,0
1,30.9458,0,17.9547,1,1,0,6,6,22.5393,57.254,0,173.075,145.995,1.577,1,7.798,15.488,9.664,1,9.509,1.852,0.177,0,1,0
0,20.3051,0,10.8551,0,1,0,4,9,16.3471,43.427,0,167.232,69.573,2.798,1,38.434,58.815,4.449,1,18.249,64.875,0.972,1,1,0
1,30.3899,0,10.4593,1,1,0,2,2,16.5127,57.141,0,85.548,61.988,1.494,1,72.004,287.991,9.137,1,4.22,65.536,0.032,0,1,0
1,30.6651,0,9.9797,0,1,0,2,8,16.4947,49.045,0,21.35,9.451,34.77,1,11.109,54.403,4.388,1,103.816,16.729,4.777,1,1,0
1,38.9741,0,10.8508,1,1,0,6,6,10.2647,54.516,0,9.535,17.123,10.968,1,63.145,81.388,35.389,1,34.762,258.086,0.528,0,1,0
0,34.7672,0,12.1583,1,1,1,8,9,14.5282,70.99,0,178.262,19.607,29.777,1,46.512,43.904,9.339,1,1.261,36.357,1.127,1,1,0
0,30.7827,0,2.1089,1,1,2,6,1,19.7205,54.824,0,111.703,245.383,0.748,1,58.124,6.993,4.339,2,31.299,49.957,0.964,0,1,0
1,39.6524,0,19.3954,1,1,0,1,5,11.4015,56.833,0,48.478,14.416,32.276,1,59.143,41.463,6.919,1,145.75,8.856,0.2,0,1,0
1,28.0071,0,19.2926,1,1,1,2,2,19.2354,59.222,0,118.872,3.276,33.149,1,37.594,82.493,5.393,1,11.687,68.873,0.37,1,1,0
1,20.1603,0,0.6238,1,1,0,2,2,14.4099,52.54,0,14.51,206.316,6.942,1,42.319,94.608,7.78,1,3.553,86.375,1.527,0,1,0
0,34.4715,0,29.0244,1,1,0,2,6,14.9826,9.255,0,169.415,46.316,21.296,1,18.731,8.776,7.199,1,6.101,41.114,0.21,0,1,0
1,23.6703,0,3.1478,1,1,0,8,2,15.4548,58.445,0,109.558,25.814,33.955,1,48.756,26.273,7.181,1,193.36,77.456,4.271,0,1,0
1,38.132,0,11.0457,1,1,0,8,2,18.4251,41.367,0,61.253,3.321,0.753,1,34.118,157.637,9.619,1,65.691,86.283,0.072,0,1,0
1,24.872,0,13.237,1,1,0,1,8,19.4584,54.914,0,106.117,116.302,26.467,1,6.974,50.083,4.638,1,95.813,84.526,0.123,0,0,0
1,23.6191,0,11.3475,1,1,0,2,9,14.738,63.236,0,8.498,27.264,3.014,1,45.604,84.749,2.362,1,67.087,0.551,0.723,0,1,0
1,30.3434,0,4.9453,1,1,0,2,8,16.6359,38.963,0,136.486,27.918,3.223,1,15.523,16.107,6.032,1,262.72,297.526,0.887,1,1,0
0,30.6482,0,2.9925,1,1,2,2,8,19.8683,49.933,0,8.013,129.319,4.125,1,12.681,16.299,6.888,1,105.769,95.585,1.679,0,0,0
1,37.1334,0,10.7583,1,1,0,2,2,16.4695,59.845,0,118.601,510.917,32.16,1,46.265,96.173,3.02,1,41.753,74.32,9.343,0,1,0
1,38.72,0,10.8145,1,1,0,8,2,16.4142,59.943,0,153.314,10.533,7.516,1,4.448,30.064,3.912,1,68.566,80.875,4.923,0,1,0
1,21.9593,0,18.9287,1,1,0,2,3,16.612,59.525,0,100.059,-27.955,7.273,1,18.609,216.083,3.671,1,163.474,79.955,22.845,0,0,0
1,38.32,0,18.9288,1,1,1,6,3,18.8657,41.848,0,78.558,106.488,2.182,1,50.604,6.403,8.387,1,72.961,76.528,0.175,0,1,0
0,22.6421,0,12.632,1,1,1,2,3,18.8451,46.146,0,15.955,331.859,6.748,1,48.695,15.583,3.381,1,12.762,31.999,0.644,0,1,0
1,37.4023,0,15.274,0,1,0,6,9,14.5455,54.522,0,24.563,83.389,3.102,1,9.221,15.011,3.52,1,80.262,74.529,0.272,1,1,0
1,31.164,0,10.5293,1,1,2,8,9,12.4989,69.106,0,8.118,90.455,21.064,1,42.355,4.087,4.931,1,22.971,76.157,0.905,0,1,0
0,38.6985,0,0.6061,1,1,0,5,2,12.5776,35.468,0,135.838,26.476,6.056,1,68.391,157.109,6.048,1,90.719,87.126,9.923,0,1,0
1,20.1275,0,6.504,1,1,1,2,2,15.6239,53.023,0,71.823,6.356,36.58,1,22.398,1.264,1.44,1,25.442,87.874,0.057,0,1,0
1,32.3651,0,3.4407,1,1,0,2,6,18.6141,10.641,0,9.836,84.614,11.484,1,64.284,10.02,3.765,1,92.119,52.353,11.264,0,1,0
0,38.945,0,13.0847,1,1,0,2,2,15.1788,19.444,0,127.587,232.183,32.468,1,42.312,82.819,9.929,1,7.269,80.092,1.884,1,1,0
0,26.0375,0,6.9783,1,1,0,4,2,16.8318,41.566,0,83.854,-43.074,22.459,1,47.911,57.801,16.019,1,60.951,91.422,0.182,0,0,0
0,38.3408,0,17.5857,1,1,0,4,8,14.6066,47.677,0,32.71,10.17,0.766,1,1.618,48.378,4.475,1,57.291,37.83,0.919,0,0,0
0,38.8288,0,5.7186,1,1,0,0,8,16.8651,44.269,0,148.88,545.881,18.232,1,72.699,20.011,3.976,1,1.221,14.777,1.022,0,1,0
0,38.9705,0,23.3254,1,1,2,8,4,12.6213,54.592,0,174.958,60.301,32.663,1,48.873,98.693,3.932,1,113.213,26.551,0.772,1,1,0
1,37.7358,0,19.7754,1,1,0,4,2,15.0195,19.876,0,152.153,95.496,33.176,1,64.154,67.709,7.52,1,142.134,31.98,0.977,0,1,0
1,23.6952,0,18.6787,1,1,0,2,5,15.5597,46.23,0,50.597,240.537,36.155,1,18.347,87.55,6.903,1,79.462,84.245,-0.775,0,1,0
1,35.009,0,12.9606,1,1,0,8,6,15.354,51.854,0,17.507,131.814,30.412,1,59.322,88.742,9.338,1,0.765,75.493,2.185,0,0,0
0,38.162,0,19.8208,1,1,0,2,5,15.5654,56.819,0,116.893,48.15,39.414,1,68.321,15.364,3.012,1,2.113,7.034,5.274,0,1,0
0,38.409,0,19.959,1,1,0,16,2,13.7261,48.614,0,161.453,41.849,22.763,1,43.743,8.904,7.068,1,11.521,67.745,0.352,0,0,0
1,35.9604,0,13.3077,1,1,0,2,2,14.6694,58.056,0,15.078,94.823,36.298,1,1.288,34.513,7.801,1,0.229,60.92,0.212,0,1,0
0,38.3086,0,10.6427,1,1,0,2,1,13.1184,52.034,3,136.838,46.316,22.051,1,11.325,96.529,0.934,1,89.923,61.796,10.662,0,1,0
1,28.0673,0,24.7351,1,1,1,12,1,16.5096,52.924,0,52.653,92.864,31.354,1,45.414,67.163,3.329,1,93.031,53.866,5.287,0,1,0
1,38.8668,0,1.3381,1,1,0,12,6,18.0729,59.69,0,110.595,270.836,28.961,1,8.454,88.114,4.335,1,5.263,70.955,3.075,0,1,0
1,20.6876,0,4.9094,1,1,0,5,6,10.6261,51.258,0,174.118,371.391,39.186,1,56.644,47.464,10.033,1,9.969,53.205,0.567,0,1,0
0,38.9248,0,18.9005,1,1,0,6,1,15.4644,59.546,0,155.542,-9.355,32.764,1,15.688,74.743,5.907,1,61.369,80.572,20.057,0,1,0
0,34.4465,0,3.9747,1,1,0,2,7,14.6559,54.943,0,100.541,11.551,1.278,1,7.727,16.592,2.942,1,165.224,28.918,24.26,0,1,0
1,32.4261,0,13.2186,1,1,1,2,7,19.2032,50.053,0,94.708,46.491,31.244,1,19.991,0.935,9.945,1,91.705,76.948,4.342,0,1,0
0,38.8587,0,11.4041,1,1,1,2,6,16.5994,39.523,2,68.033,46.255,29.914,1,54.064,76.946,3.684,1,25.139,66.921,11.062,0,1,0
0,28.8209,0,2.0383,1,1,2,10,2,15.5589,59.2,0,135.037,190.832,2.306,1,43.958,76.518,6.638,1,78.569,55.731,2.022,0,0,0
0,31.1883,0,14.6458,1,1,0,6,1,16.0316,48.557,0,10.598,202.956,34.518,1,67.151,148.54,6.339,1,66.711,34.91,0.511,0,1,0
1,22.3295,0,19.6659,1,1,0,2,6,15.9244,54.854,0,31.433,8.511,12.28,1,1.962,4.943,3.349,1,64.169,86.558,5.579,0,1,0
1,34.3901,0,6.0493,1,1,0,11,2,18.8485,56.256,0,73.681,187.553,9.292,1,69.096,97.51,8.736,1,95.866,66.35,0.13,0,1,0
1,38.3033,0,10.456,1,1,0,2,2,21.3155,9.641,0,11.38,14.093,30.083,1,42.431,48.907,3.237,1,7.568,50.93,0.857,0,1,0
1,30.2013,0,10.4013,1,1,0,2,4,16.9124,47.834,0,14.823,27.473,34.093,1,32.611,101.129,9.706,1,67.741,68.975,0.632,1,0,0
1,33.6008,0,12.8452,1,1,2,2,2,16.4499,51.976,0,19.574,17.472,10.217,1,17.305,5.508,1.329,1,0.142,30.972,0.171,0,1,0
1,38.6042,0,10.8512,1,1,0,1,1,19.6114,3.542,0,16.964,238.043,0.766,1,22.684,158.917,8.081,1,5.37,68.706,1.257,0,1,0
1,20.1704,0,8.8031,1,1,0,2,3,18.89,44.65,0,40.584,-81.313,3.892,1,47.599,16.94,3.46,1,3.92,50.977,2.182,1,0,0
1,28.6734,0,10.5009,1,1,0,2,1,14.5045,50.543,0,118.633,9.92,22.281,1,56.515,67.559,2.908,1,9.603,81.245,0.072,0,1,1
1,38.1458,0,12.8307,1,1,0,4,5,13.4313,54.186,0,38.516,99.374,1.652,1,18.795,70.945,3.305,1,11.203,81.825,7.507,0,1,0
0,30.1756,0,9.4272,1,1,0,4,7,19.9157,86.944,0,36.478,118.997,14.284,1,29.78,14.664,9.585,1,63.669,76.74,1.903,0,1,0
1,32.1517,0,10.6462,1,1,2,8,8,16.4059,59.949,0,115.083,4.015,3.232,1,22.994,85.239,6.925,1,5.353,54.176,0.272,0,1,0
1,30.3375,0,15.57,1,1,0,2,9,12.1157,59.58,0,177.889,77.398,0.319,1,59.534,81.8,1.215,1,1.361,2.177,26.212,0,1,0
1,30.8285,0,14.9121,1,1,0,2,7,10.8557,67.835,0,134.552,29.366,30.264,1,38.017,90.454,3.702,1,33.349,31.735,0.571,0,1,0
0,38.671,0,18.2394,1,1,2,1,2,18.2192,50.69,0,77.818,226.345,19.027,1,48.758,40.908,8.031,1,77.323,88.096,0.381,0,1,0
1,28.7818,0,13.1004,0,1,0,6,8,12.971,98.208,0,140.834,26.598,30.375,1,68.949,8.154,9.808,1,41.1,54.878,0.97,0,1,0
1,38.8903,0,9.906,1,1,0,8,2,18.4792,3.025,0,55.32,4.093,32.613,1,33.214,0.163,4.212,1,43.819,313.965,0.675,1,1,0
0,28.8325,0,13.2047,1,1,2,2,1,19.0264,57.914,0,91.816,76.84,0.229,1,64.663,82.755,0.389,0,97.621,7.85,1.584,0,1,0
1,30.9778,0,10.5002,1,1,0,12,4,16.4299,50.864,0,116.413,631.454,0.715,1,3.565,43.529,3.365,0,31.251,87.755,1.074,0,1,0
0,29.6009,0,14.6754,1,1,2,15,6,16.0992,57.284,0,175.433,52.772,13.463,1,8.043,191.774,3.419,1,91.11,4.951,1.373,0,1,0
1,24.6049,0,16.2265,1,1,2,6,8,16.5425,57.574,0,104.999,211.325,10.192,1,8.797,8.251,8.781,1,7.169,18.149,0.764,0,0,0
0,28.1053,0,18.8387,1,1,0,18,1,12.3404,52.997,0,195.903,271.314,0.022,1,45.655,8.039,7.052,1,45.311,54.556,4.2,0,1,0
0,31.209,0,18.3708,1,1,0,2,2,10.1926,50.54,0,73.181,246.573,21.463,1,57.359,43.452,0.759,1,65.236,82.551,9.277,0,1,0
1,27.3292,0,13.9084,1,1,0,2,1,10.8621,58.638,0,84.542,145.617,1.199,1,9.386,48.785,3.433,1,15.92,71.86,0.769,0,1,0
1,31.6707,0,14.4609,1,1,0,2,6,15.2004,51.943,0,175.826,34.898,2.699,1,17.99,70.078,4.62,1,62.669,51.127,0.982,0,1,0
0,28.6655,0,14.1175,1,1,2,2,8,29.1151,57.583,0,188.173,99.978,0.962,1,7.745,70.24,9.76,1,92.11,43.248,0.475,0,1,0
1,20.1031,0,0.9848,1,1,2,12,2,15.5412,52.95,0,168.373,49.058,6.219,1,47.745,144.46,3.519,1,81.275,88.95,0.132,0,1,0
1,28.7665,0,13.9458,1,1,0,5,7,19.4015,59.913,0,185.049,32.912,6.316,1,52.124,60.593,4.739,0,3.16,55.402,2.682,0,1,0
1,30.6958,0,11.8781,1,1,0,0,2,31.0447,52.744,0,141.509,4.336,2.184,1,42.423,28.055,1.904,1,83.359,94.82,1.217,0,1,0
1,22.8271,0,10.6117,1,1,0,2,2,19.7674,59.845,0,2.378,115.372,2.692,1,36.014,56.29,7.338,1,1.263,71.866,4.682,0,1,0
1,33.6271,0,17.9258,1,1,0,3,5,23.4034,51.564,0,134.685,4.395,22.693,1,69.395,113.721,3.919,1,26.269,85.735,0.079,0,0,0
0,38.357,0,10.501,1,1,0,2,6,15.8427,54.835,0,117.853,5.541,33.364,1,41.432,16.406,9.868,1,13.303,0.921,3.976,0,1,0
1,38.1228,0,10.8507,1,1,0,14,5,26.4124,94.671,0,139.669,22.313,2.238,1,9.89,40.503,9.91,1,91.769,1.972,6.925,1,1,0
1,20.303,0,16.9443,1,1,2,2,3,19.4129,53.276,0,154.66,68.358,2.504,1,42.284,0.923,1.269,1,37.123,8.97,1.581,0,1,0
0,38.2437,0,4.0572,1,1,2,10,6,10.4637,56.014,0,165.513,103.958,21.744,1,42.227,52.664,0.989,1,3.974,88.362,0.775,0,0,0
1,39.3776,0,10.0167,1,1,0,4,2,16.4481,57.038,0,51.847,27.375,13.981,0,39.825,12.974,4.089,1,41.135,33.878,0.111,0,1,0
0,38.3092,0,18.0274,1,1,0,0,8,10.5359,2.965,0,112.54,25.318,3.236,1,31.714,23.104,7.944,1,3.566,6.973,0.885,0,1,1
1,30.8408,0,17.9059,1,1,2,6,1,46.3148,69.827,0,147.448,87.822,0.125,1,43.676,97.417,4.862,1,2.503,61.359,5.674,0,1,0
0,24.6851,0,12.2041,1,1,1,1,2,15.0581,77.72,0,71.106,11.361,5.447,1,41.669,18.84,9.749,1,11.257,80.446,0.61,0,0,0
1,35.1744,0,19.8271,1,1,1,2,2,26.4165,59.821,0,45.547,117.816,33.685,1,69.024,48.849,1.052,1,21.349,81.89,0.057,0,1,0
0,20.0625,0,10.9313,0,1,0,2,1,10.8247,65.368,0,141.599,111.317,0.442,1,53.683,148.667,3.704,1,1.263,63.39,0.172,0,1,0
1,24.3225,0,5.7186,1,1,0,1,2,15.4409,59.174,0,186.18,87.418,23.252,1,1.155,48.849,0.941,1,41.101,188.622,0.874,1,1,0
0,37.146,0,4.8932,0,1,0,2,7,18.6544,52.838,0,90.631,-28.356,12.98,1,74.397,150.621,4.324,1,62.943,48.336,0.072,0,0,0
1,28.67,0,16.93,1,1,0,2,9,16.6429,51.147,0,171.893,23.368,26.531,1,44.352,65.518,6.7,1,1.623,61.98,21.04,0,1,0
1,32.0587,0,17.8113,1,1,0,2,8,18.3457,56.364,0,77.865,198.496,10.94,1,11.313,16.984,2.366,1,69.973,88.276,5.372,0,1,0
1,38.8973,0,14.9543,1,1,2,2,3,16.2054,54.914,0,40.445,26.312,0.694,1,76.606,11.415,3.049,1,9.647,74.856,9.693,0,1,0
0,22.0127,0,15.1081,1,1,0,2,2,18.4127,1.566,0,194.557,39.087,30.465,0,58.0,55.077,3.223,1,35.435,16.173,0.64,0,1,0
1,28.8042,0,18.0445,1,1,2,2,2,18.4749,63.946,0,138.16,40.259,14.194,1,69.636,167.511,3.978,1,111.659,29.45,1.718,1,1,0
0,30.6729,0,3.3011,1,1,0,6,6,12.4111,52.253,0,70.512,16.364,33.452,1,1.353,166.624,7.306,1,95.024,71.921,0.677,0,0,0
1,34.4616,0,10.4648,1,1,0,5,2,15.8245,2.843,0,135.652,218.054,17.498,1,12.652,26.243,8.425,1,97.667,41.171,0.916,0,0,0
1,38.0835,0,15.9378,1,1,0,4,2,15.1711,38.032,0,184.873,21.313,30.792,1,9.016,78.545,0.942,1,6.321,62.553,0.469,0,1,0
0,38.8249,0,10.0177,0,1,0,2,6,15.0448,3.954,0,147.815,7.791,66.254,1,41.464,8.511,9.349,1,42.161,32.36,0.51,0,1,0
0,38.6272,0,10.1344,1,1,0,1,7,16.436,56.933,0,116.883,69.346,21.093,1,52.276,19.269,4.948,1,8.62,62.877,0.467,0,1,0
1,29.6008,0,11.1018,1,1,0,8,5,14.8785,54.995,0,139.026,8.334,3.515,1,43.854,8.914,2.33,1,3.301,61.175,0.777,0,1,0
1,38.3548,0,23.3203,1,1,2,2,1,10.0101,39.823,0,66.142,71.857,19.298,0,8.441,66.94,0.983,1,84.904,14.565,0.852,0,1,0
0,44.2808,0,10.9013,1,1,0,2,4,18.0595,29.943,0,31.563,-60.317,21.358,1,3.455,96.543,7.38,1,90.293,14.953,0.0,0,1,0
1,47.054,0,13.9552,1,1,0,8,2,12.5499,51.855,0,78.948,39.812,9.63,1,68.118,46.73,8.846,1,9.826,38.417,0.047,0,1,0
1,35.0208,0,13.3637,1,1,1,0,2,11.5063,58.216,0,50.882,80.359,2.12,1,8.82,196.748,4.82,1,107.725,86.675,0.042,0,1,0
1,38.1069,0,12.0659,1,1,0,2,2,16.8527,15.895,0,74.512,63.557,32.714,1,81.535,8.913,3.926,1,45.005,84.38,1.922,0,1,0
1,38.1221,0,19.5953,1,1,0,2,8,16.5265,53.944,0,52.215,83.376,33.991,1,31.43,17.023,9.945,0,41.163,32.107,0.888,0,0,0
1,28.0971,0,7.2507,1,1,0,2,6,16.5142,57.824,0,142.772,1.365,32.542,1,60.61,157.516,7.739,1,3.354,68.777,0.246,0,1,0
1,38.7013,0,2.0013,1,1,2,2,2,14.7945,69.027,0,32.825,3.018,0.106,1,42.061,66.72,6.384,1,60.749,78.291,0.142,1,1,0
1,38.6513,0,1.9329,1,1,0,2,6,12.8097,58.743,0,285.72,340.568,31.556,1,42.192,84.481,3.009,1,69.259,58.879,0.977,0,1,0
0,28.3559,0,14.838,1,1,1,2,5,15.4474,55.914,0,8.175,219.875,1.457,1,47.857,68.296,0.787,1,4.368,184.642,0.028,1,0,1
1,30.6326,0,10.6008,1,1,1,2,6,13.9554,59.17,0,145.448,216.055,10.12,1,8.29,2.806,9.088,1,6.65,30.57,0.504,0,1,0
1,38.3759,0,11.6483,1,1,2,2,2,10.8944,51.113,0,34.542,76.396,32.912,1,7.413,7.517,4.331,1,147.213,58.931,0.272,0,0,0
1,37.1776,0,0.9883,1,1,0,2,6,16.2329,18.024,0,44.502,40.183,32.663,1,11.051,40.901,4.719,1,41.283,18.026,0.74,0,1,0
0,39.8639,0,3.4587,0,1,2,2,6,18.1144,57.956,0,3.406,82.956,32.916,1,3.145,84.562,4.759,1,103.093,286.479,0.685,0,0,0
1,24.3815,0,1.0041,1,1,0,2,6,16.8326,59.424,0,173.335,17.997,30.959,1,68.809,66.587,9.852,1,102.429,89.121,0.263,0,1,0
0,24.5859,0,0.6109,1,1,0,2,7,11.5094,58.826,0,155.355,25.346,30.268,1,92.027,47.671,0.384,1,85.773,73.281,0.933,1,1,0
1,34.6671,0,17.0131,1,1,0,4,2,17.2451,48.47,0,119.818,245.364,22.716,1,78.542,18.583,3.829,1,41.221,34.376,6.072,0,0,0
0,35.8469,0,27.8664,1,1,1,4,2,16.5867,51.941,0,177.611,100.494,36.316,1,47.772,57.064,3.38,1,90.031,11.733,0.383,0,1,0
0,22.8353,0,17.0307,1,1,0,8,2,16.9408,56.41,0,10.073,15.776,0.75,1,62.049,46.779,3.436,1,46.756,34.861,1.523,1,1,0
0,28.6719,0,9.3848,1,1,0,2,6,14.8057,59.0,0,117.018,91.055,31.168,1,71.656,43.514,4.704,1,53.299,16.539,1.387,0,1,0
1,38.1855,0,15.8589,1,1,0,2,8,10.1931,9.032,0,37.484,618.385,0.123,1,49.397,107.795,2.388,1,11.663,66.766,0.876,1,1,0
1,30.4802,0,11.6664,0,1,0,2,4,19.4605,9.617,0,70.599,79.566,24.13,1,48.229,78.272,7.916,1,165.316,248.971,8.577,0,0,0
0,38.37,0,10.1251,1,1,0,2,6,17.4187,74.254,0,162.1,22.502,1.66,1,13.717,69.554,3.23,1,195.91,99.276,0.562,1,1,0
1,34.1651,0,9.2489,1,1,0,2,8,13.4681,40.018,0,121.788,64.412,38.049,1,6.485,90.281,4.638,1,403.105,95.506,3.027,0,0,0
1,48.004,0,10.2032,0,1,0,2,2,15.8364,44.956,0,164.581,169.616,18.237,1,68.924,61.95,2.337,1,69.051,73.92,4.183,0,1,0
0,28.307,0,15.8984,1,1,0,2,5,16.5585,59.49,2,162.457,5.362,3.489,1,38.763,78.134,7.789,1,73.241,75.172,1.028,0,1,0
1,20.1847,0,12.8093,1,1,0,1,6,16.0477,53.863,0,41.883,79.593,30.59,1,2.546,167.418,8.336,1,3.33,81.202,0.173,0,1,0
1,44.674,0,18.9784,0,1,1,2,2,16.4845,68.495,0,151.534,3.97,6.642,1,59.712,42.736,4.02,1,21.921,16.522,1.772,0,1,0
1,24.9035,0,0.6981,1,1,2,1,7,10.9315,64.229,0,2.882,26.375,4.364,1,80.456,44.503,3.13,1,66.265,68.943,1.072,0,1,0
1,32.4506,0,19.404,1,1,0,2,2,11.5282,51.174,0,19.758,217.314,22.688,1,2.395,29.317,0.627,1,23.91,96.96,1.331,0,1,0
1,35.0077,0,11.3102,1,1,0,8,3,10.8686,59.829,0,65.665,56.098,10.855,1,98.19,47.732,0.962,1,0.533,65.381,0.57,0,1,0
1,38.662,0,11.1927,1,1,0,6,8,15.0147,52.804,0,138.782,11.862,3.592,1,41.013,11.513,0.047,1,44.251,76.803,0.573,0,1,0
0,30.0828,0,13.6302,0,1,0,2,9,18.3424,48.265,0,175.798,106.473,2.062,1,8.11,48.258,6.584,1,9.722,83.324,0.035,0,1,0
1,41.1345,0,15.477,1,1,0,2,8,11.8186,51.161,0,79.818,96.006,13.194,1,8.162,54.634,6.731,1,9.553,0.175,4.232,0,0,0
0,27.4625,0,19.6452,1,1,0,1,4,10.079,59.403,0,49.408,9.216,24.744,1,48.451,48.272,4.32,1,85.956,0.789,4.878,0,1,0
0,34.1135,0,11.9188,1,1,0,2,8,16.175,50.024,2,160.483,32.178,3.225,1,49.665,97.444,3.671,1,131.461,8.525,9.082,0,1,0
1,38.8791,0,8.2643,1,1,0,12,2,18.4651,58.144,0,94.095,67.051,31.268,1,12.766,58.513,5.68,1,181.11,8.171,0.092,0,1,0
1,38.1056,0,10.9389,0,1,2,8,2,16.9251,41.723,0,5.531,16.393,6.812,1,9.659,167.939,9.939,1,12.351,34.351,0.514,0,0,0
0,28.1076,0,10.9051,0,1,0,2,2,25.1243,6.13,0,70.526,49.055,20.366,1,47.415,146.173,7.389,1,93.933,44.283,0.373,1,1,0
1,64.123,0,0.2402,1,1,0,2,8,12.5601,66.916,0,178.383,173.863,29.91,1,50.495,20.879,8.128,1,76.169,93.713,0.696,0,1,0
0,35.1088,0,19.9549,1,1,0,2,5,16.5794,59.665,0,31.581,51.899,23.493,1,49.101,31.559,9.989,1,10.188,72.625,1.702,0,1,0
1,24.1831,0,17.0613,1,1,0,2,2,14.8942,45.857,0,40.752,6.456,22.796,1,1.344,54.702,5.07,1,65.351,11.529,1.699,0,1,0
1,29.003,0,9.879,1,1,0,2,6,15.8644,59.859,0,64.81,44.784,14.188,1,64.117,66.644,4.381,2,66.928,44.922,0.96,0,0,0
0,21.6691,0,12.6143,1,1,0,0,2,15.8592,56.673,0,176.543,200.064,2.276,1,70.22,84.515,9.782,1,0.403,16.766,1.113,0,1,0
1,28.8628,0,8.6606,1,1,0,2,5,18.2625,79.554,0,43.709,186.396,11.145,1,2.055,12.983,4.264,1,3.176,41.95,0.037,0,0,0
1,27.602,0,14.0254,1,1,2,4,6,16.8254,51.617,0,146.86,67.711,18.1,1,40.294,57.549,6.012,1,87.329,34.439,29.988,1,1,0
1,38.3001,0,3.9158,1,1,2,8,8,11.4354,54.009,0,71.163,349.378,22.268,1,58.244,46.298,4.385,0,79.242,74.532,0.876,0,1,0
0,28.6831,0,0.6031,1,1,0,2,2,16.4657,80.017,0,297.407,13.334,0.716,1,59.457,70.615,8.159,1,169.609,86.824,0.768,0,1,0
0,34.3771,0,19.9169,1,1,0,2,2,18.0961,54.923,0,112.773,79.808,31.912,1,15.915,11.043,3.371,1,76.247,88.942,0.579,0,1,0
1,38.2678,0,13.1394,1,1,0,6,7,14.8413,43.648,0,145.443,2.054,22.591,1,32.199,74.937,5.04,1,1.993,73.77,2.167,0,1,0
1,38.1855,0,15.9619,1,1,0,2,8,16.5518,50.939,0,36.212,80.414,39.358,1,59.143,212.403,9.909,1,11.623,1.536,9.277,0,1,0
1,30.6359,0,10.1288,1,1,2,2,2,16.8246,62.083,0,15.342,0.326,11.182,1,13.72,19.598,23.111,1,119.769,58.493,1.277,0,1,0
1,41.1716,0,13.907,1,1,1,1,2,13.4056,55.749,0,90.579,38.532,22.294,1,64.416,30.412,8.94,1,91.204,81.524,0.237,1,1,0
1,28.8702,0,4.5147,1,1,0,2,2,15.0194,57.243,0,31.256,-22.956,31.73,1,6.499,178.519,6.96,1,75.069,76.021,0.228,0,1,0
1,33.8675,0,18.1305,1,1,0,6,2,16.6787,80.422,0,159.861,372.573,30.235,1,47.084,63.617,2.362,1,184.103,41.05,1.27,1,1,0
1,38.8459,0,10.2709,1,1,2,8,4,12.8789,59.073,0,13.685,7.356,3.425,1,42.309,87.208,4.948,1,0.757,34.222,9.015,0,1,0
1,33.3034,0,4.2133,1,1,2,1,2,16.5923,56.607,0,59.805,280.011,33.451,1,48.801,18.541,6.36,1,53.062,12.29,0.388,0,0,1
1,38.7431,0,15.4922,1,1,0,6,5,13.7149,53.15,0,0.863,19.625,21.38,1,33.003,47.404,0.78,1,31.669,44.071,0.018,0,1,0
1,33.411,0,2.0973,1,1,0,8,6,10.4145,54.823,0,69.598,30.13,2.912,1,47.687,97.657,1.905,1,103.227,46.857,0.917,0,1,0
1,28.4849,0,9.6187,1,1,1,4,6,18.8189,50.913,0,113.819,32.732,26.772,1,47.31,183.716,8.669,1,7.241,66.86,0.776,0,1,0
1,26.1898,0,12.6541,1,1,2,2,6,13.076,59.29,0,194.112,94.397,33.114,1,18.199,56.933,3.387,1,47.922,81.721,2.374,0,1,0
0,35.3762,1,10.2459,1,1,1,2,2,15.0222,56.017,0,177.809,22.259,0.348,1,39.259,153.244,3.379,1,2.188,38.821,0.987,1,1,0
1,38.6053,0,10.9543,1,1,0,1,2,12.6641,59.214,0,6.878,-11.224,29.09,1,81.291,14.401,4.721,2,18.203,73.195,0.672,0,1,0
1,34.3098,0,18.3283,1,1,0,2,8,19.8694,51.222,0,151.186,6.817,9.158,1,68.175,91.5,2.228,1,2.269,89.742,0.833,0,1,0
1,33.6063,0,13.9372,1,1,1,2,2,11.3795,58.504,0,149.5,98.095,29.596,1,2.018,13.78,4.188,1,41.185,61.118,1.008,0,1,0
1,20.4293,0,16.0022,0,1,1,6,2,10.4314,69.904,2,112.883,86.323,1.842,1,69.083,13.015,6.343,1,11.451,55.421,25.175,0,1,0
0,38.3031,0,17.0513,1,1,0,2,8,17.8961,41.425,0,177.07,136.745,17.566,1,8.095,74.004,3.137,1,31.351,82.986,0.465,0,1,0
1,35.1395,0,14.17,1,1,0,11,2,18.2077,7.154,0,180.727,20.472,22.013,1,148.209,14.637,16.34,1,66.136,92.106,0.169,0,1,0
0,20.6753,0,10.374,1,1,0,2,5,12.7791,70.498,0,35.563,71.874,11.983,1,8.587,6.664,0.312,1,82.966,24.97,-0.679,0,0,0
0,33.743,0,10.1793,1,1,1,4,2,16.3458,57.879,0,141.21,5.407,13.294,1,73.544,46.688,2.043,1,67.211,78.528,1.972,0,1,0
0,37.602,0,10.9072,0,1,0,2,2,13.4524,56.43,0,305.034,248.847,33.061,1,68.202,74.606,5.736,1,7.001,91.225,4.375,0,1,0
1,38.1805,0,9.6507,1,1,0,6,5,13.4394,59.681,0,155.897,136.337,27.769,1,33.497,84.854,9.942,1,0.323,80.941,0.176,0,1,0
1,28.3879,0,0.2594,1,1,0,11,9,16.5005,36.105,0,163.917,25.053,29.768,1,3.208,58.277,6.298,1,3.156,40.779,0.872,0,1,0
1,30.8048,0,10.579,1,1,1,8,9,10.5644,57.503,0,112.642,69.216,0.258,1,13.394,106.477,6.155,1,30.206,80.671,0.988,0,1,0
0,30.4641,0,14.0773,0,1,0,2,3,15.9662,77.968,0,146.832,49.902,33.696,1,19.967,17.1,6.964,1,63.621,66.856,0.985,0,1,0
1,38.8538,0,10.338,1,1,0,2,2,15.4613,58.696,0,14.809,7.579,6.14,1,88.455,12.461,6.712,1,49.204,74.351,0.685,0,1,0
0,31.4825,0,17.8055,1,1,0,6,5,24.1759,59.285,0,160.543,278.53,10.454,1,42.182,108.803,8.38,2,205.516,45.227,5.177,0,1,0
1,38.6726,0,2.1573,1,1,0,4,8,11.8442,59.878,0,199.802,50.17,34.222,1,44.029,69.629,4.238,1,65.96,67.527,1.831,0,1,0
1,38.7852,0,17.6759,0,1,1,6,8,16.5619,50.291,0,99.187,202.156,12.722,1,48.224,17.589,33.985,1,-7.143,87.475,0.175,0,1,0
1,30.1685,0,17.8726,1,1,1,1,2,13.4595,15.469,0,0.242,201.816,21.296,1,42.486,8.713,9.21,1,42.001,11.523,1.048,0,0,0
1,34.11,0,3.6157,1,1,0,2,7,13.8745,36.963,0,0.734,124.437,20.355,1,58.316,27.59,3.582,1,2.121,58.721,2.719,0,1,0
0,32.6851,0,17.6077,0,1,0,2,6,12.8447,66.884,0,94.503,56.312,0.424,1,41.704,0.494,4.459,1,77.304,56.629,1.235,1,1,0
1,31.4448,0,20.175,1,1,0,2,2,14.8714,37.294,0,16.975,25.053,9.857,1,62.003,60.933,4.089,1,107.334,22.071,0.075,0,0,0
1,20.1361,0,10.8213,1,1,1,10,2,17.0212,1.55,0,52.708,229.156,22.901,1,0.154,69.89,3.921,1,0.208,73.97,0.233,0,0,0
0,30.4455,0,13.814,1,1,0,2,7,15.6648,71.864,0,270.841,286.838,0.925,1,2.958,15.64,7.321,1,87.064,25.529,4.075,0,1,0
1,38.6611,0,15.5567,1,1,0,5,2,10.4711,55.805,0,0.913,17.553,9.403,1,30.614,101.764,2.187,1,45.127,31.521,4.678,0,0,0
1,32.1403,0,19.3011,1,1,0,6,6,11.1166,41.53,0,197.042,47.838,6.412,1,1.451,50.913,6.982,1,7.521,43.37,0.122,0,1,0
1,38.1652,0,10.376,1,1,0,2,2,11.0311,58.84,0,54.842,290.319,26.664,1,37.399,108.424,1.549,1,1.223,95.726,6.522,0,1,0
0,38.4045,0,16.5319,1,1,0,12,8,12.9284,36.854,0,90.137,75.776,9.683,1,49.576,10.467,3.337,1,17.961,43.127,0.204,0,0,0
0,38.6554,0,6.9504,0,1,0,2,8,16.5869,40.426,0,134.902,-12.357,4.133,1,72.681,57.413,39.565,1,1.422,88.977,0.524,1,1,1
1,28.2258,0,10.3993,1,1,1,2,5,11.4041,58.923,0,104.883,15.182,35.074,1,38.001,2.547,0.955,1,70.691,34.913,0.31,0,1,0
1,34.4331,0,18.0655,1,1,0,2,1,14.7156,50.003,0,50.046,125.889,27.227,1,51.186,178.463,3.336,1,77.234,1.871,9.02,0,0,0
1,30.5345,0,12.4461,1,1,0,15,2,16.8422,8.146,0,15.345,310.989,3.703,1,91.653,108.957,3.089,1,99.634,14.553,1.963,0,1,0
1,20.6051,0,15.8197,1,1,0,6,2,15.015,59.014,0,193.598,90.302,30.656,1,92.824,91.706,3.829,1,153.251,42.12,0.132,0,1,0
1,23.8412,0,17.6648,1,1,0,2,1,15.5028,57.08,0,195.543,8.258,20.959,1,41.682,47.844,3.929,1,65.561,71.171,1.802,0,1,0
0,34.1424,0,13.3402,1,1,0,4,2,16.9157,69.209,0,71.747,26.347,24.005,1,47.402,56.803,9.325,1,63.127,33.68,0.477,1,1,0
0,30.6371,0,19.954,1,1,2,2,9,10.3151,55.853,0,172.049,47.402,6.744,1,1.636,26.976,6.662,1,361.133,87.17,0.777,0,1,0
1,28.3296,0,10.1563,1,1,0,5,2,14.6739,80.944,2,84.045,16.597,36.014,1,76.759,43.754,3.531,1,177.062,74.94,1.117,0,1,0
0,28.1691,0,17.1475,0,1,0,14,8,24.1407,9.816,0,10.98,117.21,6.954,1,9.79,47.501,6.328,1,70.993,5.803,0.173,0,1,0
0,38.9405,0,19.4381,1,1,0,2,2,19.6126,49.755,0,24.673,740.578,0.874,1,1.323,74.239,9.92,1,25.086,83.92,0.747,0,1,0
1,34.0058,0,12.6608,1,1,0,10,6,19.8427,49.91,0,143.712,47.224,10.214,1,37.045,6.73,6.389,1,97.827,17.357,1.47,0,0,0
1,28.4434,0,12.0404,1,1,0,2,2,15.1657,31.511,0,77.512,201.517,31.652,1,22.89,8.44,9.166,1,35.579,89.77,0.231,0,1,0
0,31.0038,0,12.9989,1,1,1,2,2,18.0714,54.21,0,15.898,17.25,30.281,1,0.844,77.527,9.417,1,9.361,7.303,8.54,0,1,0
1,28.1016,0,18.6787,1,1,0,0,7,18.3985,49.545,0,47.477,110.883,33.416,1,7.515,178.978,7.015,1,41.703,34.325,1.175,0,1,0
0,38.4924,0,12.1249,1,1,1,2,2,15.4679,40.205,0,-91.818,81.451,2.462,1,42.798,93.741,8.946,1,2.928,23.787,1.552,0,1,0
1,35.6071,0,19.6901,1,1,0,0,6,19.6213,57.823,0,125.413,46.3,39.992,1,50.484,64.072,6.286,1,29.189,75.078,0.167,0,1,0
1,38.3731,0,20.3948,0,1,0,2,6,14.9713,56.263,0,66.186,-77.757,30.274,1,41.358,12.925,9.839,1,75.153,53.675,0.773,0,1,0
1,22.2757,0,2.451,1,1,0,2,8,16.2259,79.023,0,150.348,277.135,3.159,1,31.276,80.956,9.366,1,63.135,68.845,0.614,0,1,0
1,39.1526,0,22.8143,1,1,0,2,7,13.8342,52.826,0,117.337,11.518,32.094,1,56.44,42.864,0.342,1,15.996,80.878,18.272,0,1,0
1,34.6075,0,10.5987,1,1,2,2,5,11.4849,57.563,0,99.188,15.41,6.117,1,8.298,10.674,4.305,1,65.961,34.516,28.745,0,1,0
1,28.887,0,13.9489,0,1,0,6,1,10.0699,59.913,0,141.017,108.998,36.747,1,5.042,59.473,4.511,1,42.401,3.556,0.583,0,1,0
1,30.4448,0,2.6357,1,1,0,2,2,0.5045,40.97,0,108.045,56.349,31.218,1,18.454,10.954,7.731,1,3.266,51.948,0.568,0,1,0
1,37.86,0,13.9437,1,1,2,6,2,18.5344,52.923,0,349.555,527.815,22.731,1,68.201,87.281,3.939,1,4.263,33.361,2.077,0,1,0
1,28.6005,0,10.0492,1,1,1,2,1,13.8489,7.027,0,129.535,266.859,6.184,1,43.318,59.462,8.939,1,51.766,73.123,0.611,0,1,0
1,30.8071,0,18.801,1,1,0,6,9,15.5069,62.87,0,136.935,47.475,32.026,1,64.415,96.984,2.638,0,60.668,76.272,1.672,0,1,0
0,23.204,0,18.9616,1,1,2,1,5,25.5045,52.114,0,77.865,38.346,3.789,1,41.698,96.933,4.734,1,93.912,24.121,0.286,0,0,0
1,37.338,0,1.1495,1,1,0,0,2,14.6394,79.603,0,44.883,125.661,19.131,1,48.924,47.494,4.327,1,86.423,86.876,30.704,0,1,0
0,34.373,0,10.5502,1,1,2,6,8,13.1919,15.934,0,169.098,69.863,0.285,1,45.394,11.406,4.303,1,16.082,8.858,1.488,0,1,0
1,38.1538,0,10.6003,1,1,0,2,8,12.5113,55.848,0,126.84,147.304,10.852,1,39.411,56.599,0.741,1,45.901,29.48,1.918,0,0,0
0,33.5076,0,17.8041,1,1,0,6,5,15.6648,59.076,0,42.431,28.068,12.748,1,69.492,16.717,3.788,1,98.22,81.906,0.376,0,1,0
1,38.931,0,18.5084,1,1,0,2,7,13.4821,9.615,0,69.992,25.859,30.114,1,38.522,50.544,5.33,1,105.179,80.022,2.462,0,1,0
1,28.4753,0,7.2657,1,1,0,8,2,11.1744,66.715,0,128.64,298.151,2.213,1,72.09,7.015,3.226,1,69.728,61.743,2.062,0,1,0
1,38.6,0,11.0302,1,1,1,7,6,12.5599,11.335,2,58.58,10.415,1.112,1,43.621,0.683,8.062,1,102.769,68.876,0.527,0,1,0
1,36.3638,0,21.664,1,1,0,8,2,14.568,52.856,0,144.073,1.714,29.472,1,9.425,63.466,3.728,1,9.616,1.922,0.836,0,1,0
0,22.4436,0,18.7504,1,1,0,11,3,14.6098,57.82,0,3.482,71.853,11.993,1,85.883,16.58,4.989,1,10.781,77.87,7.237,0,1,0
1,27.4992,0,18.0359,1,1,2,10,3,19.4026,76.849,0,102.297,12.334,39.182,1,68.001,48.062,4.289,1,25.226,14.277,0.932,0,0,0
1,38.8656,0,15.4341,1,1,0,6,1,15.5632,61.874,0,144.804,112.933,25.916,1,0.021,3.915,2.229,1,40.914,63.77,5.158,0,0,0
1,28.0447,0,19.0049,1,1,0,2,6,11.5151,59.01,0,148.553,1.25,12.623,1,41.354,45.939,7.268,1,9.189,77.862,0.1,1,1,0
0,38.4215,0,10.806,1,1,0,1,2,18.1095,52.013,0,80.161,2.458,33.016,1,39.585,10.036,7.999,1,45.573,94.745,1.652,0,1,0
1,38.7076,0,3.3528,1,1,0,1,2,14.8946,56.995,0,105.184,26.763,36.914,1,66.095,17.977,4.088,1,60.626,81.621,1.172,0,1,0
1,32.1663,0,19.5097,1,1,0,2,2,14.7554,59.996,1,53.639,80.312,2.972,1,4.299,67.537,6.611,1,51.66,20.247,1.51,0,1,0
0,35.1601,0,19.5731,1,1,1,2,2,15.1152,40.945,1,74.002,5.895,12.102,1,48.699,12.195,3.729,0,15.121,36.556,0.185,0,0,0
0,20.3753,0,29.0184,1,1,1,2,9,16.6657,47.564,0,144.349,-26.695,36.553,1,59.726,96.364,9.325,1,10.919,70.975,1.12,0,1,0
1,38.0436,0,9.6027,1,1,0,6,2,18.659,59.904,0,100.298,-39.352,29.092,1,40.022,17.237,2.782,1,3.864,34.756,0.233,0,1,0
1,16.0029,0,15.3303,1,1,0,6,4,15.5064,59.344,0,119.2,90.376,38.681,1,46.424,63.044,2.303,1,131.123,85.721,1.182,0,1,0
0,38.118,0,3.4583,1,1,0,2,2,18.6445,67.016,0,160.392,56.953,32.212,1,46.461,10.491,4.907,1,69.161,74.571,7.802,1,1,0
1,38.4529,0,15.8022,1,1,0,12,8,15.824,59.953,0,142.032,46.961,29.974,1,98.023,10.287,7.839,1,0.966,68.753,18.85,0,1,0
1,40.6694,0,11.8312,1,1,1,8,1,14.0699,61.125,0,108.835,49.521,3.376,1,64.233,66.486,4.582,1,63.119,88.571,0.945,0,0,0
0,25.508,0,22.7307,1,1,0,2,5,17.6359,60.534,0,189.858,78.007,29.299,1,68.623,50.493,8.115,1,81.329,59.212,4.285,0,1,0
1,24.8291,0,15.9083,1,1,0,2,6,10.8554,54.824,0,44.78,89.396,9.372,1,1.851,90.317,5.859,1,61.763,91.855,0.273,1,1,0
1,35.5802,0,10.6504,1,1,2,16,8,16.3377,59.763,0,110.655,374.126,22.468,1,43.202,56.273,96.978,1,147.066,92.32,0.877,0,0,1
0,31.8883,0,13.9157,1,1,0,2,6,19.4439,52.934,0,121.031,27.945,21.225,1,48.051,7.634,8.975,1,35.389,82.778,0.923,0,1,0
1,38.7762,0,10.9386,0,1,0,6,5,15.1854,59.554,0,0.372,88.334,26.434,1,38.929,98.586,6.533,0,67.823,44.146,5.575,1,1,0
0,38.3226,0,18.5889,1,1,0,2,1,15.3215,4.933,0,15.899,44.318,31.249,1,68.585,73.941,7.939,1,39.216,87.926,1.963,0,1,0
1,30.6002,0,10.9777,0,1,0,2,2,15.4584,29.853,0,131.72,19.717,31.794,1,18.315,76.983,3.329,1,29.295,82.524,1.514,0,0,0
1,44.1931,0,19.3029,1,1,0,1,1,19.5607,69.926,0,111.507,71.302,31.249,1,8.274,41.599,2.312,1,40.693,74.431,7.972,0,1,0
1,38.4309,0,10.9717,1,1,2,4,2,18.7654,13.663,0,10.073,230.247,32.068,1,49.989,78.633,4.348,1,7.969,47.321,1.972,1,0,0
1,34.363,0,12.2659,1,1,0,2,1,10.7491,58.906,0,34.01,307.619,19.083,1,2.005,18.943,3.922,1,1.231,44.87,0.252,0,1,0
1,25.8258,0,11.345,1,1,1,2,2,11.9422,50.283,0,134.002,127.365,25.59,1,60.754,61.413,9.698,1,65.131,5.67,1.042,0,0,0
0,35.0678,0,11.7543,0,1,0,2,7,16.9187,11.249,0,74.21,108.247,14.868,1,1.162,43.657,4.932,1,31.242,74.534,3.075,1,1,0
1,25.9852,0,10.9414,0,1,0,14,2,15.1907,56.566,0,77.408,76.568,32.254,1,49.699,43.782,5.125,1,102.025,33.121,0.077,0,1,0
1,38.5478,0,8.9352,1,1,0,2,9,15.7173,68.988,0,54.069,19.066,12.082,1,2.86,71.145,9.162,1,60.621,1.146,0.5,0,1,0
1,39.7098,0,1.3545,1,1,0,6,6,15.6896,52.884,0,202.32,25.44,39.927,1,7.751,49.214,3.649,1,5.116,13.022,0.73,0,1,0
1,38.0661,0,10.9591,0,1,2,2,2,12.7854,31.054,0,113.818,13.442,37.824,1,41.316,65.59,9.323,1,48.381,80.99,0.23,0,1,0
1,33.6009,0,12.1657,1,1,0,2,8,19.4123,58.048,0,8.013,1.958,1.685,1,48.325,6.954,6.205,1,38.269,77.775,0.286,0,1,0
1,30.1709,0,17.335,1,1,0,2,1,14.4121,48.27,0,129.593,0.303,3.592,1,59.351,0.28,3.908,1,49.609,74.812,0.774,0,1,0
1,38.2989,0,17.4394,1,1,2,2,2,18.234,49.94,0,165.855,8.262,30.258,1,48.362,16.979,9.922,1,41.259,53.975,1.58,0,1,0
0,26.1211,0,20.8893,1,1,0,2,2,12.5688,44.104,0,139.764,11.374,19.578,1,118.585,147.586,1.92,1,32.233,33.971,2.106,0,1,0
0,38.0676,0,19.8337,1,1,0,2,6,12.3248,51.797,0,107.525,81.216,3.495,1,65.855,157.86,2.225,1,23.78,61.065,2.282,0,1,0
0,30.5629,0,3.0019,1,1,0,2,6,14.7159,53.286,0,60.635,247.456,23.733,1,3.199,50.29,3.731,1,71.406,390.575,0.8,0,1,0
1,30.3421,0,18.6457,1,1,0,4,2,18.1747,96.83,0,105.099,396.076,33.534,1,61.602,71.406,9.008,1,80.094,38.161,0.072,1,1,0
0,35.7696,0,10.2087,1,1,0,9,7,14.0815,62.314,0,58.887,21.953,29.537,1,81.116,20.413,7.969,1,82.985,96.971,0.907,0,1,0
0,38.8604,0,4.9721,1,1,0,1,2,11.9113,5.227,0,98.888,72.34,0.362,1,42.607,16.333,4.446,1,0.456,64.827,0.179,1,1,0
1,35.6469,0,18.1543,1,1,2,6,5,16.9247,52.548,0,15.799,276.323,21.222,1,65.046,108.739,7.468,1,11.162,74.821,0.237,0,1,0
1,38.0511,0,12.5053,1,1,0,6,8,14.4153,56.315,0,12.703,201.319,6.252,1,61.511,58.519,4.589,1,3.811,1.256,73.575,0,1,1
1,43.4,0,1.5063,1,1,0,0,2,11.272,73.255,0,2.158,4.566,3.215,1,42.409,10.578,0.319,1,165.903,77.343,0.992,0,1,0
1,38.843,0,8.9457,1,1,0,2,8,14.8686,44.56,0,7.511,6.857,0.228,2,1.631,18.715,4.219,1,99.929,78.17,0.772,0,1,0
1,50.9584,0,13.7659,1,1,0,0,2,16.8477,53.743,0,194.761,32.306,2.38,1,11.861,40.234,2.969,1,207.051,59.991,5.979,1,1,0
1,38.8259,0,9.6737,1,1,0,7,6,12.8498,27.887,0,95.882,226.436,23.068,1,17.752,115.037,3.383,1,93.129,90.931,0.277,0,1,0
1,34.7842,0,5.0459,0,1,1,2,2,17.6677,56.064,0,59.886,74.302,33.725,1,43.323,47.533,9.939,1,148.408,56.255,0.072,0,1,0
1,30.4568,0,10.9602,1,1,0,2,9,18.8316,49.92,0,94.433,236.306,35.128,1,56.326,26.591,3.233,1,47.269,5.074,0.837,0,1,0
1,35.068,0,5.1778,1,1,0,2,8,16.5013,58.84,0,110.797,420.038,32.644,1,8.419,68.586,9.07,1,20.069,34.475,0.83,0,1,0
0,20.0008,0,19.191,1,1,0,2,7,10.5227,41.026,2,177.458,15.568,19.656,1,64.644,144.006,9.918,1,5.063,94.519,3.567,0,1,0
1,38.3751,0,8.5109,1,1,0,8,5,15.1294,44.912,0,74.59,39.302,37.445,1,3.431,56.983,6.049,1,99.101,73.639,2.247,0,1,0
0,30.9287,0,9.5583,0,1,0,12,4,10.5246,46.967,2,31.81,249.374,10.262,1,82.327,11.588,4.42,1,6.19,76.041,4.92,0,0,0
1,21.11,0,13.6394,1,1,0,6,2,10.2492,79.215,0,43.076,127.395,20.169,1,38.459,76.583,3.229,1,5.52,57.305,0.532,0,1,0
1,38.1019,0,16.1187,1,1,0,8,2,16.5269,88.756,0,43.769,-36.54,26.041,1,8.894,10.193,4.315,1,0.286,294.827,0.61,0,0,1
1,28.9071,0,20.0124,1,1,0,8,3,12.542,59.544,0,54.118,200.433,4.2,1,37.269,1.294,1.338,2,41.851,8.172,0.192,0,0,0
1,25.4001,0,17.2078,1,1,2,2,8,13.5051,59.905,0,173.477,1.379,17.698,1,0.548,81.457,4.361,1,102.269,7.474,1.113,1,1,0
0,33.1815,0,19.9483,1,1,0,2,2,12.844,59.656,0,117.474,27.955,0.729,1,52.46,45.783,2.32,1,141.769,76.371,0.247,0,1,0
1,22.8462,0,10.0919,1,1,1,2,6,13.6749,57.553,0,64.508,29.516,32.996,1,49.245,16.215,3.112,1,41.166,91.728,0.362,0,1,0
1,27.1458,0,14.4003,1,1,0,4,2,11.8049,31.544,0,174.783,19.648,10.245,1,42.259,74.483,5.588,1,11.567,41.515,0.573,0,0,0
1,30.1498,0,17.9687,1,1,1,12,2,16.3844,59.633,0,118.823,78.334,3.084,1,17.299,25.0,8.938,2,41.913,58.136,0.08,0,1,0
1,38.6008,0,12.0394,1,1,2,10,2,13.2781,43.859,0,78.678,42.912,3.465,1,12.792,0.791,2.089,1,79.634,10.971,4.057,0,1,0
1,31.2818,0,14.8566,1,1,0,2,6,12.4115,59.594,0,154.095,-9.714,2.652,1,8.595,17.493,3.129,1,106.266,51.641,0.172,0,1,0
1,30.3766,0,13.0657,1,1,2,2,7,11.4183,44.108,0,15.703,79.927,36.211,1,2.022,70.948,3.916,1,63.783,95.025,0.464,0,0,0
1,38.7608,0,19.1235,1,1,0,4,2,16.562,51.253,0,1.653,459.38,19.959,1,64.342,26.902,6.984,1,40.923,81.871,9.289,0,0,0
0,20.1093,0,3.4243,1,1,0,2,2,12.4052,53.303,0,172.1,0.556,4.295,1,90.647,18.492,5.963,1,148.596,61.982,0.779,0,1,0
1,34.6627,0,13.6061,1,1,0,1,2,13.5381,49.753,0,47.028,19.406,6.462,1,40.594,10.795,7.589,1,56.951,18.491,0.023,0,1,0
1,37.9575,0,4.3978,1,1,1,2,5,14.5255,56.833,0,149.535,138.102,47.227,1,42.681,55.739,5.329,1,99.669,56.759,0.677,0,1,0
1,28.295,0,21.2034,1,1,0,2,8,13.7358,50.145,0,40.889,289.803,34.02,1,61.011,88.904,5.717,1,3.626,8.383,21.282,0,0,0
1,28.8032,0,12.6013,1,1,0,8,8,15.4357,54.24,0,124.972,240.216,0.168,1,2.639,25.471,0.932,1,22.169,5.144,0.177,0,1,0
1,34.3718,0,17.9783,1,1,0,2,2,22.3925,60.185,0,1.846,65.763,6.608,1,69.178,116.463,2.97,1,43.156,53.592,5.879,2,1,0
1,38.6697,0,4.8592,1,1,0,12,6,11.0409,53.328,0,160.77,25.967,3.833,1,98.429,2.252,1.082,1,60.163,274.872,0.77,0,1,0
1,22.433,0,19.6228,1,1,1,1,6,13.5967,31.954,0,32.739,37.806,7.152,1,79.984,0.877,2.167,1,109.808,80.979,0.12,0,1,0
0,36.1747,0,8.1619,1,1,0,2,1,35.5194,58.193,0,145.412,21.719,32.23,1,99.099,5.318,3.911,1,69.07,88.527,0.033,0,1,0
0,28.773,0,19.0943,1,1,0,0,2,16.002,55.65,0,127.544,12.996,35.244,1,16.184,58.71,7.362,1,70.636,66.995,1.037,1,1,0
0,21.7438,0,9.953,1,1,1,6,5,18.4351,29.524,0,24.543,90.363,22.226,1,12.601,8.469,3.647,1,98.793,75.98,9.137,0,1,0
0,28.2063,0,18.0388,1,1,0,2,6,12.6617,54.007,0,110.043,56.268,19.367,1,68.029,46.003,0.384,1,102.381,21.377,0.772,1,0,0
0,28.3506,0,13.607,1,1,0,9,2,18.5806,55.027,0,152.352,58.55,39.26,1,38.603,45.58,6.768,1,140.208,56.071,0.582,0,1,0
1,38.4252,0,14.8418,1,1,0,1,2,14.3046,46.123,0,144.812,468.436,29.157,1,8.189,106.853,8.221,1,0.699,18.878,0.97,0,1,0
0,38.7931,0,10.3614,0,1,1,6,1,13.8246,54.465,0,75.213,107.803,11.724,1,18.112,7.65,2.389,1,30.103,53.873,17.56,0,1,0
0,64.9091,0,18.7032,1,1,2,2,9,15.8485,39.626,0,108.434,46.316,32.299,1,89.819,57.735,0.083,1,66.236,34.501,0.07,0,1,0
0,38.1745,0,14.9324,1,1,0,2,8,18.8624,74.827,0,107.843,277.326,6.135,1,16.894,11.764,3.948,1,69.023,14.326,0.701,0,1,0
1,22.642,0,19.1681,1,1,0,2,2,13.4455,59.827,0,112.198,49.89,9.232,1,68.244,6.017,2.219,1,22.935,43.771,1.871,0,1,0
1,28.4878,0,5.9303,1,1,0,2,6,18.8047,78.173,0,158.54,39.377,30.416,1,8.794,96.999,3.302,1,153.964,76.631,0.95,0,1,0
1,33.8052,0,10.5344,1,1,0,2,6,12.4241,59.839,0,64.742,45.316,34.466,1,13.013,82.619,3.929,1,3.269,4.128,5.183,0,0,0
1,22.0725,0,15.5761,0,1,0,1,2,18.8454,46.125,0,78.078,109.386,26.965,1,66.412,3.934,9.989,1,141.669,51.917,1.218,1,1,0
1,38.207,0,2.8227,1,1,0,2,2,15.064,45.92,0,158.518,212.089,9.295,1,59.19,47.974,2.973,1,41.266,0.7,0.213,0,1,0
1,38.2391,0,10.6124,1,1,2,2,4,15.465,55.95,0,74.759,55.41,16.985,1,42.613,70.172,0.645,1,42.614,80.754,0.767,0,1,0
1,25.32,0,17.1442,1,1,2,8,2,11.8416,5.018,0,155.455,73.423,31.863,1,40.638,1.463,0.011,1,11.234,80.429,0.997,0,1,0
0,36.0308,0,0.8708,1,1,1,2,5,15.5501,39.943,0,5.629,4.454,1.112,1,6.022,49.584,9.125,1,5.772,84.166,3.162,1,1,0
1,45.4653,0,12.4009,1,1,2,2,6,12.3051,51.84,0,28.87,280.725,10.81,1,46.301,116.549,4.339,1,9.179,48.151,1.143,0,1,0
1,33.8103,0,11.2306,0,1,0,2,8,14.474,45.963,0,19.043,20.379,33.695,1,23.252,80.493,3.509,1,9.364,84.935,0.124,0,1,0
0,38.3388,0,19.6359,1,1,0,2,1,19.4251,41.664,0,110.559,91.405,0.444,1,42.696,94.772,9.222,1,0.638,70.329,0.07,0,1,0
1,34.7648,0,2.0351,1,1,2,2,8,11.0042,65.401,0,104.01,97.861,34.032,1,21.392,10.5,9.89,1,12.189,73.858,0.561,0,1,0
1,33.0021,0,18.6719,1,1,2,2,8,17.4791,69.945,0,156.482,40.945,35.801,1,18.46,55.239,10.326,1,3.218,84.001,8.624,0,1,0
1,20.16,0,10.7967,1,1,0,2,2,16.501,45.558,0,56.253,99.854,22.339,1,8.679,67.263,2.989,1,97.924,73.575,0.776,1,1,0
1,30.0821,0,2.0288,1,1,1,2,2,12.3495,59.87,0,277.524,9.471,30.432,1,32.145,136.836,7.188,1,30.061,24.378,0.09,0,1,0
0,38.7879,0,18.6547,0,1,0,2,6,14.0893,49.143,0,89.591,719.455,39.814,1,40.649,17.993,0.189,1,109.919,66.853,0.58,0,1,0
1,28.0095,0,18.3401,1,1,0,2,8,11.815,94.386,0,166.517,747.396,9.28,1,8.611,56.215,9.982,1,0.138,5.413,0.586,0,0,0
1,38.1177,0,19.9344,1,1,0,2,6,19.3621,56.825,0,191.538,9.05,2.154,1,3.666,9.874,4.668,1,60.113,6.474,0.177,0,1,1
0,38.662,0,18.3022,1,1,2,2,6,11.7187,50.576,0,120.134,6.013,19.064,1,58.016,23.444,9.033,1,6.827,57.503,2.277,0,1,0
1,28.2796,0,3.9117,1,1,0,0,6,13.9883,79.243,0,130.483,77.741,2.996,1,38.495,108.245,9.044,1,41.156,63.504,4.066,0,0,0
1,31.6846,0,19.9052,1,1,2,4,2,18.5155,59.643,0,19.513,72.313,18.282,1,59.398,48.51,3.029,1,1.201,92.853,0.527,0,1,0
1,30.8001,0,10.9089,1,1,2,1,2,17.6046,55.207,0,47.532,45.654,20.201,1,9.163,55.513,4.3,1,95.561,1.208,0.822,0,0,0
1,33.8219,0,19.941,1,1,0,2,2,18.8513,75.37,0,184.577,80.356,3.282,1,57.865,44.64,2.218,1,97.103,8.156,21.703,0,0,0
1,30.0012,0,8.6062,1,1,0,2,1,19.6225,55.971,0,5.273,54.847,32.265,1,43.153,114.486,5.09,1,91.9,4.498,1.501,0,1,0
0,24.3921,0,18.2313,1,1,2,12,2,16.3221,56.123,0,169.613,300.456,10.475,1,1.817,81.702,8.666,1,23.296,81.828,1.062,0,0,1
1,20.3557,0,19.1382,1,1,2,2,2,16.4614,44.81,0,12.113,19.696,22.928,1,70.262,44.259,3.085,1,145.566,93.973,0.527,0,1,0
1,28.3708,0,0.8621,1,1,0,6,2,12.1181,69.613,2,127.072,67.348,30.752,1,42.242,154.611,3.949,1,101.753,93.772,1.178,0,1,0
1,31.0751,0,10.837,0,1,0,2,2,18.9625,58.916,0,159.14,219.856,6.863,1,48.12,72.704,3.382,1,5.977,58.277,0.992,0,0,0
0,34.5833,0,10.1629,1,1,0,12,8,10.5707,68.293,0,172.784,21.364,10.622,1,47.266,11.525,3.389,1,162.269,88.992,0.962,0,1,0
1,31.8292,0,10.5544,1,1,0,10,6,15.67,56.973,0,153.56,12.496,36.941,1,45.601,87.5,0.832,1,70.356,83.183,0.205,0,1,0
1,36.3057,0,13.6603,1,1,1,6,7,18.4521,53.807,0,112.598,0.638,39.52,0,21.393,150.491,3.289,1,11.92,85.853,0.07,0,1,0
1,31.0653,0,14.0001,1,1,1,2,9,16.5055,52.813,0,59.789,710.817,0.222,1,41.477,52.004,3.398,1,95.219,68.271,0.193,0,1,0
1,38.464,0,14.5503,1,1,1,1,6,25.3235,56.51,0,72.547,13.611,22.316,1,36.418,67.213,3.909,1,95.434,54.87,6.16,0,1,0
0,28.2108,0,1.1043,1,1,0,3,1,16.5487,52.963,0,197.593,249.391,38.795,1,12.643,8.614,0.319,1,82.921,333.178,0.97,0,1,0
1,34.857,0,10.6382,1,1,1,2,2,15.4852,9.414,0,130.598,89.261,1.526,1,43.432,13.713,8.715,1,12.609,71.856,10.137,1,1,0
1,38.0078,0,20.9609,0,1,0,6,2,15.8472,71.622,0,144.307,222.208,33.554,1,11.545,11.199,5.715,1,2.468,70.645,9.627,0,1,0
0,23.6046,0,10.6779,1,1,2,3,8,12.0927,42.014,0,173.826,51.848,32.154,1,8.085,6.984,3.619,1,1.282,19.255,0.557,0,1,0
1,30.685,0,17.2482,0,1,0,6,2,11.8459,79.043,0,122.31,19.198,2.986,1,8.631,22.41,35.717,1,1.391,84.686,0.971,0,1,0
0,34.1036,0,12.2017,1,1,0,2,3,15.5625,61.42,0,138.27,73.824,20.415,1,47.114,84.103,5.104,1,3.767,70.826,1.561,0,1,0
1,35.1794,0,0.9053,1,1,0,2,6,20.915,47.455,0,41.745,0.308,34.12,1,12.29,17.023,0.321,1,20.623,12.053,8.727,0,1,0
0,24.667,0,16.5447,1,1,1,5,8,15.42,56.999,0,132.548,1.767,0.801,1,58.668,66.213,9.717,1,35.639,54.55,3.374,0,1,0
0,42.4873,0,0.6751,1,1,1,2,4,11.8745,9.653,0,116.511,315.757,0.22,1,19.899,7.783,3.669,1,65.292,86.866,0.872,1,1,0
0,28.6645,0,11.9481,1,1,2,0,6,15.515,83.823,0,113.745,64.415,27.612,1,59.051,24.06,9.131,1,1.996,78.429,0.113,0,1,0
0,28.3059,0,18.0559,1,1,0,2,2,11.021,50.178,0,0.79,9.572,31.686,1,48.418,14.41,9.984,1,42.161,91.951,8.767,0,1,0
1,38.3621,0,19.1728,1,1,0,6,2,13.1665,56.825,0,114.354,9.809,33.298,1,69.281,10.018,9.082,1,90.618,7.176,20.134,0,1,0
0,30.8875,0,19.9476,1,1,1,1,6,19.4541,42.814,0,110.782,65.823,14.907,1,40.21,73.979,3.788,1,62.342,279.255,0.572,0,1,0
1,38.109,0,12.5,1,1,0,2,1,14.5545,54.143,0,158.148,511.213,0.786,1,71.771,82.475,4.322,1,35.66,14.52,5.567,0,1,0
1,38.7553,0,13.5059,1,1,0,1,4,19.4825,56.588,0,45.673,46.454,33.046,1,48.771,53.047,3.336,1,13.771,3.174,1.763,0,1,0
1,22.7807,0,12.5081,1,1,0,5,1,16.835,44.369,0,115.389,46.575,0.984,1,59.414,10.694,6.628,1,82.16,89.846,0.772,1,1,0
1,20.306,0,16.8083,1,1,0,2,2,13.4645,89.783,0,110.507,13.191,34.112,1,92.297,50.089,3.649,1,65.626,41.47,5.257,0,1,0
1,34.3665,0,19.59,1,1,0,1,4,12.9497,57.005,0,43.849,26.455,26.45,1,52.487,103.513,3.388,1,165.354,72.77,0.079,0,1,0
1,28.645,0,12.6002,1,1,1,5,7,13.8109,58.854,0,53.95,291.453,36.952,1,12.495,82.923,2.963,1,15.668,55.224,0.268,0,1,0
1,28.7831,0,10.4142,1,1,0,2,2,19.2467,44.101,0,133.791,171.412,0.472,1,7.452,44.637,8.335,1,10.771,80.727,0.07,0,0,0
1,38.9654,0,10.6089,0,1,0,8,6,15.6355,40.838,0,107.543,10.375,23.562,1,45.643,42.673,6.739,1,17.022,33.567,0.869,0,1,0
1,38.5768,0,13.0047,1,1,0,8,2,16.3649,40.035,0,34.113,48.375,27.944,1,17.022,248.205,9.542,1,30.445,95.55,0.031,0,0,0
1,35.34,0,11.9688,1,1,1,0,8,29.6424,14.153,0,72.178,15.454,1.122,1,33.287,8.571,8.932,1,7.612,86.325,2.063,0,1,0
1,38.3,0,11.9682,1,1,2,5,2,15.5906,44.144,0,4.853,79.868,23.164,1,89.621,54.297,9.68,1,137.519,82.359,1.582,0,1,0
1,33.8729,0,10.1525,0,1,0,2,2,12.5711,8.595,0,48.189,27.276,30.474,1,32.119,76.114,1.137,1,140.261,3.079,0.993,0,1,0
1,38.077,0,13.3287,1,1,1,2,6,18.5614,49.404,0,136.108,14.336,0.452,1,61.022,8.873,7.271,1,277.31,12.774,0.514,0,1,0
1,38.661,0,17.8754,1,1,0,6,2,18.5851,53.626,0,43.723,29.493,34.196,1,42.205,4.823,5.427,1,105.798,69.571,0.992,0,1,0
0,38.2555,0,17.8302,1,1,1,8,2,14.5934,58.531,0,104.533,12.426,1.192,1,0.156,103.792,9.221,1,11.125,41.071,0.781,0,1,0
1,30.4855,0,3.5697,1,1,1,2,2,15.3147,7.429,0,112.616,63.355,17.555,1,78.333,89.584,9.287,1,76.267,69.525,0.677,0,1,1
1,38.3734,0,17.6065,1,1,0,2,2,15.9652,99.751,0,194.808,249.575,39.798,1,38.144,6.633,3.338,1,99.723,78.343,0.5,0,1,0
1,28.8043,0,9.5691,1,1,0,8,9,12.1094,30.354,0,53.793,4.156,2.128,1,8.201,57.593,0.069,1,141.621,271.185,0.245,0,1,0
1,38.3348,0,8.5751,1,1,0,10,1,12.9824,58.853,0,189.487,-11.927,7.126,1,52.042,77.464,8.4,1,67.724,6.786,0.063,0,1,0
1,33.0048,0,1.172,1,1,0,2,3,15.7835,79.134,0,165.088,49.313,30.552,1,50.699,67.594,9.62,1,13.685,1.125,6.704,0,1,0
0,28.4725,0,18.9037,1,1,0,2,4,15.5689,48.46,0,153.927,241.208,28.011,1,2.595,72.248,0.447,1,65.024,10.54,0.017,0,0,1
1,32.6018,0,23.9346,1,1,1,6,1,10.4259,59.263,0,15.815,21.486,39.461,1,42.234,47.274,8.462,1,35.139,81.553,1.61,0,0,0
1,22.6813,0,12.6778,1,1,0,6,8,19.6551,89.443,0,248.713,337.857,6.902,1,39.851,21.253,2.739,1,107.705,33.722,0.642,3,0,0
1,24.437,0,10.8287,1,1,0,2,1,14.8723,52.874,0,48.09,292.455,39.475,1,36.193,12.728,9.02,1,43.02,34.912,0.68,0,1,0
1,38.4015,0,13.6981,1,1,0,8,2,16.6817,59.093,0,144.163,75.363,3.465,1,1.391,0.725,8.949,1,41.321,88.897,0.912,0,1,0
0,45.1498,0,12.9943,1,1,0,2,2,15.9741,64.018,0,0.753,486.177,18.554,1,98.639,12.949,2.332,1,31.214,83.276,0.168,0,1,0
1,35.4475,0,0.9601,1,1,0,4,7,19.4157,57.044,0,10.323,148.976,3.565,1,148.331,64.205,4.758,4,42.213,92.642,3.67,0,0,0
1,38.1931,0,12.5749,1,1,0,6,8,16.0495,56.807,0,115.522,598.373,3.553,1,8.935,1.193,3.288,1,0.176,58.288,0.687,0,1,1
1,30.127,0,29.8167,1,1,1,6,2,18.8442,4.923,0,34.005,44.893,30.137,1,54.844,10.499,5.381,1,89.993,81.313,0.279,0,0,0
1,28.1238,0,10.4193,0,1,0,8,6,12.4423,2.973,0,102.267,54.528,14.752,1,42.485,83.409,3.058,1,1.514,48.273,0.77,0,0,1
1,27.1271,0,14.0229,1,1,0,8,2,16.5055,56.555,0,119.707,246.478,27.062,1,1.355,67.933,34.98,1,9.113,83.531,0.625,0,1,0
1,30.3933,0,19.4286,1,1,1,2,8,15.5627,54.691,0,72.74,41.86,30.463,1,43.369,87.41,8.662,1,64.259,68.732,0.752,0,1,0
1,49.7239,0,11.1021,0,1,0,2,5,14.5277,40.624,0,195.122,21.014,22.322,1,42.753,8.559,3.586,1,0.834,38.301,0.587,1,1,0
1,38.8893,0,18.847,0,1,0,2,1,12.5352,16.217,0,124.543,89.877,1.951,1,8.894,4.493,8.776,1,83.21,41.919,0.937,0,1,0
1,23.673,0,17.8051,1,1,0,2,5,13.414,67.256,0,39.121,167.868,22.565,1,48.007,18.598,8.504,1,50.053,72.761,1.572,1,1,0
1,25.3936,0,13.5771,1,1,2,2,4,15.8643,51.499,0,74.84,23.312,26.126,1,66.889,55.575,5.93,1,2.388,99.417,19.615,0,0,0
0,38.2608,0,19.9642,1,1,2,10,2,16.6729,68.253,0,14.917,41.985,12.714,1,13.099,27.803,9.384,1,13.184,74.905,0.144,1,1,0
1,14.3035,0,12.6551,1,1,0,4,9,11.515,49.019,0,127.808,12.777,31.168,1,42.428,8.477,4.989,1,11.461,31.842,0.27,0,1,0
1,35.3068,0,2.4071,1,1,0,0,2,11.4224,42.143,0,62.63,77.873,3.665,1,47.298,74.633,3.682,1,29.093,3.823,0.774,0,1,0
1,38.8588,0,1.3078,1,1,0,9,6,14.4497,19.093,0,118.481,91.562,24.466,1,48.594,22.854,12.438,0,47.235,96.451,20.042,0,1,0
0,24.7,0,11.3102,1,1,0,7,1,18.5051,52.918,0,159.708,91.838,11.225,1,14.024,74.902,5.301,1,41.129,10.191,2.772,0,1,0
1,33.8401,0,10.9329,1,1,0,0,8,16.5534,43.827,0,60.582,10.314,9.446,1,33.994,15.228,0.428,1,113.775,78.927,0.263,0,1,0
0,20.1455,0,18.9905,1,1,0,6,8,18.8485,58.014,0,28.593,69.952,28.494,1,16.194,62.2,9.964,1,58.285,64.196,15.137,0,1,0
1,32.6178,0,17.902,1,1,0,2,9,19.0723,58.929,0,37.722,0.553,22.876,1,8.295,44.123,4.922,1,3.169,62.527,3.273,0,1,0
1,38.855,0,10.7734,1,1,0,2,8,15.4297,51.822,0,170.418,25.248,7.752,1,48.864,36.06,2.945,1,7.627,68.103,0.572,1,1,0
1,28.6498,0,28.1199,1,1,0,1,2,11.5161,59.017,0,15.205,0.457,6.476,1,48.584,94.407,0.549,1,1.223,13.325,2.125,0,1,0
1,30.1525,0,17.1778,1,1,0,2,6,16.5451,54.023,0,146.595,43.812,11.214,1,41.634,17.404,3.319,1,49.513,34.793,0.163,0,1,0
1,35.3015,0,12.7638,1,1,0,2,2,10.8155,77.804,0,38.878,560.985,18.161,1,34.97,21.788,1.139,1,164.841,89.08,0.85,0,1,0
1,25.9655,0,17.5189,1,1,2,8,6,16.8718,56.934,0,110.945,208.865,26.493,1,10.625,16.71,3.239,1,88.261,58.955,0.178,0,1,0
1,25.6498,0,13.3707,1,1,0,6,8,10.5651,58.69,0,44.388,28.441,35.222,1,6.404,66.235,8.962,1,6.385,99.856,0.076,0,0,0
1,33.6709,0,10.6164,1,1,0,2,6,16.1801,51.969,0,109.631,8.651,37.224,1,42.391,61.243,3.702,1,91.29,61.019,0.902,0,1,0
1,24.7676,0,8.7025,0,1,0,5,5,19.1602,2.877,0,5.993,10.276,22.047,1,57.586,20.211,3.979,1,91.661,276.127,1.901,0,1,0
1,34.6521,0,11.6057,0,1,0,1,2,15.2604,58.064,0,132.3,12.818,16.752,1,8.39,68.023,6.288,1,61.226,28.258,0.332,0,1,0
0,24.0023,0,10.6191,1,1,0,2,8,13.4394,18.354,0,158.843,65.191,11.295,1,6.455,16.404,0.949,1,101.478,86.879,0.215,0,0,0
0,38.3858,0,3.6102,0,0,0,6,8,24.1457,58.914,0,102.58,516.774,7.655,1,42.012,84.093,2.18,1,6.189,40.941,7.967,0,1,0
1,26.602,0,4.258,1,1,0,12,8,18.5449,49.913,0,120.318,221.263,3.313,1,17.041,8.483,9.939,1,91.723,73.579,0.871,1,0,0
0,31.0475,0,8.1831,1,1,0,6,3,14.6407,59.864,0,140.35,200.858,39.23,1,55.298,8.887,4.339,1,75.759,92.931,0.849,0,1,0
0,23.0526,0,14.64,1,1,0,1,2,11.5513,53.405,0,142.805,229.35,22.438,1,46.661,6.533,8.987,1,10.781,31.925,5.572,0,0,0
1,48.2434,0,11.5427,1,1,0,2,2,12.5725,54.893,0,95.09,295.855,4.916,1,43.345,55.884,9.299,1,41.259,80.025,0.045,0,1,0
1,38.1979,0,13.3177,1,1,0,2,2,12.1486,56.244,0,24.652,20.533,32.482,1,66.793,0.994,3.942,1,21.262,50.876,0.566,0,1,0
0,35.4538,0,10.9653,0,1,0,2,2,15.5711,68.063,0,120.082,218.866,30.534,1,56.842,50.939,3.223,1,83.346,86.12,0.66,0,1,0
1,23.2248,0,19.1087,1,1,0,2,2,14.1141,57.313,0,138.889,84.856,2.952,1,42.294,11.747,0.021,1,31.653,13.566,0.427,0,1,0
1,28.7018,0,17.9073,1,1,0,2,6,13.5271,57.387,0,140.11,46.17,32.022,1,19.292,39.014,9.619,1,40.709,51.972,0.105,0,1,0
1,48.7056,0,18.9994,1,1,0,2,3,19.8917,51.553,0,74.31,244.413,33.159,1,32.694,6.056,34.021,1,69.963,76.027,0.187,1,1,0
1,20.474,0,11.5381,1,1,0,2,8,16.8604,56.815,0,191.789,45.362,2.752,1,6.943,67.806,7.538,1,22.929,33.441,0.957,0,1,0
1,35.3271,0,10.2306,1,1,0,2,8,19.0946,58.888,0,39.913,70.563,22.463,0,42.517,7.469,4.925,1,16.621,81.202,0.25,0,0,0
0,28.8669,0,19.6488,1,1,0,2,7,19.1025,43.554,0,44.541,9.562,32.047,1,19.215,12.773,9.489,1,81.689,51.194,0.925,0,0,0
1,30.9045,0,10.9951,1,1,0,2,6,15.4064,52.424,0,174.68,35.413,20.962,1,40.885,57.273,0.639,1,65.283,78.121,0.773,0,1,0
0,38.1453,0,18.1513,1,1,0,5,2,16.8051,50.826,0,72.088,36.72,29.725,1,3.114,73.027,5.736,1,41.589,70.243,7.182,0,1,0
1,38.2615,0,18.9883,1,1,0,2,2,11.5071,59.125,0,191.844,81.856,0.057,1,40.759,66.127,4.328,1,7.099,54.173,4.071,0,1,0
1,30.6077,0,12.6357,1,1,0,4,8,15.5605,54.18,0,17.604,296.432,12.648,1,2.018,81.593,9.982,1,2.664,86.471,0.17,0,1,0
1,38.7776,0,13.7003,1,1,0,2,2,19.4146,51.949,0,15.735,236.008,1.573,1,39.435,8.149,2.561,1,61.753,73.871,0.125,0,1,0
0,30.024,0,12.3109,1,1,0,4,2,15.4158,90.904,0,44.825,17.813,23.662,1,40.04,20.497,4.914,1,6.23,71.17,0.016,0,1,0
0,32.1309,0,10.1049,1,1,0,9,9,15.5201,43.464,0,58.973,225.875,32.988,1,38.313,197.309,2.76,1,64.963,1.566,0.602,0,1,0
1,38.7873,0,19.5941,1,1,0,2,2,39.8257,40.164,0,61.61,15.51,14.641,1,49.81,70.937,4.645,1,3.866,27.666,0.127,0,1,0
1,33.7744,0,6.9219,1,1,1,2,6,11.7095,54.14,0,155.527,47.859,22.284,1,69.422,74.423,0.346,1,1.95,0.749,0.017,1,1,0
1,38.15,0,10.0019,1,1,0,2,2,18.5864,16.143,0,173.037,49.09,24.152,0,63.365,7.18,2.089,1,63.363,86.539,6.662,0,1,0
1,38.3021,0,12.602,1,1,1,2,6,15.0795,68.313,0,144.83,216.533,9.164,1,42.317,51.61,5.959,1,63.168,92.953,0.227,0,0,0
0,38.7036,0,14.3689,1,1,0,2,8,10.4752,66.458,0,124.512,99.279,2.09,1,54.275,41.4,2.329,1,22.372,83.37,0.13,0,1,0
1,38.1056,0,18.8891,1,1,0,2,2,12.055,59.948,0,71.848,80.961,1.494,1,42.349,36.957,3.949,1,87.256,73.722,0.026,0,0,0
0,38.7201,0,18.5131,1,1,0,2,2,10.8754,56.43,0,164.975,19.693,0.553,1,19.399,48.967,8.381,1,0.669,82.924,8.072,0,1,0
0,48.5077,0,17.8109,1,1,0,0,3,24.3825,58.615,0,119.895,3.456,32.29,1,52.227,20.534,3.97,1,3.693,57.129,0.572,0,1,1
1,30.7715,0,10.3613,1,1,0,5,2,14.7471,59.979,0,184.538,277.275,12.099,1,27.051,88.978,8.635,1,90.951,89.95,0.595,0,1,0
1,28.4271,0,14.1387,1,1,0,2,1,16.8255,56.409,0,12.476,189.734,30.264,1,89.411,85.981,8.756,1,91.162,44.253,0.953,0,0,0
1,38.0286,0,13.0907,1,1,2,2,2,11.3209,54.854,0,154.389,310.994,32.052,1,58.535,46.659,1.462,1,13.321,18.85,0.674,0,1,0
0,28.1799,0,19.5659,1,1,0,2,8,12.5798,34.943,0,178.888,261.327,1.469,1,2.215,17.278,4.119,1,20.169,53.383,0.762,0,0,0
1,38.4405,0,3.6717,0,1,0,2,8,15.5753,51.187,0,40.243,127.421,2.222,1,2.399,64.986,0.572,1,31.183,88.122,0.495,0,1,0
1,28.3676,0,15.3672,1,1,0,2,7,19.3429,48.601,0,164.412,12.043,33.688,1,41.862,56.193,0.318,1,9.949,91.159,0.289,0,1,0
1,28.423,0,17.7404,1,1,0,13,8,15.9836,54.922,0,178.513,69.859,28.226,1,23.712,9.714,3.332,1,62.913,61.828,0.522,1,1,0
1,33.2857,0,8.8589,1,1,2,6,9,15.6665,58.21,0,135.559,65.053,1.411,1,69.088,14.414,3.159,1,3.19,8.632,0.571,0,1,0
1,31.647,0,14.9353,1,1,0,3,2,14.6126,69.853,0,146.126,29.376,33.742,1,8.336,80.413,4.321,1,106.964,83.07,6.588,0,1,0
1,32.457,0,13.6677,0,1,0,2,6,15.6025,54.534,0,140.663,46.899,21.061,1,12.395,72.718,6.921,1,195.391,45.52,0.874,0,1,0
1,20.568,0,14.6707,1,1,0,4,8,15.4427,58.85,0,75.921,51.31,1.483,1,41.222,23.825,7.986,1,81.652,46.757,0.777,0,0,0
0,38.4203,0,3.9041,1,1,0,8,2,16.1637,47.24,0,136.532,165.015,32.786,1,5.393,70.273,8.661,1,104.289,1.953,0.002,0,1,0
0,34.2025,0,4.8447,1,1,0,2,6,24.4191,44.964,0,115.015,229.952,19.07,1,1.688,10.578,4.065,1,61.257,68.576,0.822,0,1,0
1,28.8755,0,7.0,1,1,2,6,2,14.404,87.586,0,132.493,1.301,3.963,1,59.412,1.075,8.049,1,66.5,43.348,0.137,0,0,0
1,38.1656,0,20.4642,1,1,0,2,5,12.298,51.987,0,84.219,48.072,0.298,1,1.81,76.708,4.289,1,71.589,77.666,0.77,0,1,0
1,28.6718,0,1.0301,1,1,0,2,8,13.0764,56.006,0,10.429,79.898,39.965,1,62.454,54.491,4.9,1,6.213,87.828,0.585,0,1,0
1,29.1771,0,13.9611,1,1,1,8,1,13.024,41.124,0,131.543,24.356,2.087,1,1.684,3.543,2.905,1,67.41,7.976,0.295,0,1,0
1,22.343,0,15.5991,1,1,0,2,1,14.6022,53.137,0,49.912,138.055,12.777,1,96.183,77.053,9.738,1,47.265,0.875,19.083,0,1,0
1,31.8026,0,10.845,1,1,0,2,6,14.6707,56.865,0,17.412,267.317,3.104,1,49.971,21.34,9.99,1,90.314,23.173,0.916,0,0,0
1,31.704,0,19.5086,1,1,0,6,8,13.0275,47.634,0,150.863,38.496,3.672,1,39.604,50.483,0.582,1,77.285,38.129,11.1,1,1,0
0,30.0072,0,2.5101,1,1,2,2,6,10.4101,52.144,0,125.487,188.343,1.21,1,41.144,29.401,3.382,1,5.006,697.66,0.227,0,1,0
1,30.8696,0,18.8017,1,1,0,2,2,13.578,47.05,0,135.498,176.453,0.504,1,46.114,26.039,9.942,1,87.269,28.735,0.06,0,1,0
1,30.4729,0,17.6427,1,1,2,2,6,11.8105,24.723,0,172.053,27.125,22.232,1,41.094,99.874,3.023,1,1.651,19.877,0.96,0,1,0
1,38.4033,0,15.1129,1,1,2,8,1,14.5324,54.18,0,158.828,1.848,9.936,1,97.125,0.648,9.38,1,3.473,42.264,0.982,0,1,0
1,58.4775,0,10.2408,1,1,2,10,2,36.5265,51.854,0,164.548,219.372,9.193,1,61.984,57.494,3.764,1,163.149,1.311,3.26,0,1,0
0,31.6821,0,14.9566,1,1,2,2,7,16.526,74.35,0,130.814,148.834,9.468,1,66.616,8.581,4.706,1,17.049,39.313,11.372,1,1,0
0,28.6526,0,19.9793,1,1,0,2,8,12.5449,59.146,3,174.538,205.306,34.554,1,1.006,80.208,4.32,1,3.169,63.803,0.501,0,1,0
1,36.3559,0,18.677,1,1,1,2,2,12.6687,89.655,0,73.797,28.814,9.593,1,31.352,83.693,6.939,1,112.042,24.925,1.773,1,1,0
1,24.7406,0,10.7467,1,1,0,2,6,16.8971,44.09,0,168.593,156.493,6.344,1,7.513,4.768,3.429,1,13.435,21.913,0.161,0,1,0
0,28.0078,0,10.9617,1,1,0,2,2,15.7617,46.654,0,178.24,46.156,9.286,1,18.911,177.884,0.302,1,65.64,4.075,0.25,0,0,0
1,30.8718,0,13.9113,1,1,0,9,6,14.0009,71.567,0,141.804,117.465,2.629,1,12.265,27.782,6.349,1,42.426,32.87,0.381,0,1,0
1,34.883,0,1.9657,1,1,0,6,3,44.4625,48.294,0,84.878,121.254,22.184,1,68.986,98.98,3.369,1,89.789,5.878,3.924,0,1,0
1,34.7207,0,1.9049,1,1,0,6,8,14.8183,68.656,0,154.786,279.348,12.319,1,34.673,91.748,3.959,1,12.163,64.121,0.764,0,1,0
0,38.8926,0,17.1389,1,0,0,2,8,26.4026,51.57,0,129.272,19.843,2.064,1,41.197,3.537,0.674,1,33.665,98.801,1.527,0,1,0
0,32.371,0,13.9331,1,1,0,2,8,13.4026,48.623,0,185.532,3.358,39.31,1,8.435,37.27,5.388,1,41.465,5.525,0.372,0,1,0
1,30.4609,0,11.5678,1,1,0,6,4,26.309,38.013,0,119.594,280.37,0.358,1,49.321,81.284,8.441,1,8.224,46.848,31.646,0,1,0
1,38.0848,0,20.6008,1,1,2,4,2,2.8759,42.063,0,176.556,9.303,3.052,1,8.467,0.893,0.024,1,3.311,11.02,0.27,0,1,0
1,18.1627,0,13.0781,1,1,1,2,6,19.415,51.863,0,122.117,71.852,34.157,1,23.416,15.938,0.289,1,0.249,156.803,0.237,0,1,0
1,38.7615,0,10.307,1,1,0,2,2,18.4713,57.673,0,194.868,31.404,4.157,1,48.324,82.753,9.882,1,3.966,56.511,1.238,0,1,0
0,38.3391,0,19.8138,1,1,0,2,3,15.3056,46.11,0,15.077,35.502,0.761,1,2.215,147.205,3.549,1,101.335,35.771,0.847,1,1,0
1,34.162,0,2.9365,1,1,0,2,6,17.7109,74.589,0,84.498,40.356,16.218,1,41.445,20.913,3.21,1,72.122,5.853,1.652,1,1,0
0,19.1071,0,13.0619,1,1,1,2,8,16.2102,59.426,0,114.599,10.368,6.726,1,32.684,19.915,3.085,1,99.102,14.855,0.381,0,1,0
1,28.607,0,10.5354,1,1,1,8,2,12.0147,45.664,0,70.597,30.622,62.444,1,9.401,2.994,0.087,1,105.384,53.408,0.802,0,1,0
1,38.3775,0,11.4537,1,1,1,3,8,14.6227,53.804,0,115.658,37.81,3.092,1,42.238,0.415,3.758,1,65.892,38.528,0.567,0,1,0
1,38.6053,0,11.6993,1,1,0,8,6,14.5209,44.894,0,174.024,512.826,31.205,1,42.681,95.214,3.947,0,12.127,13.225,0.278,0,1,0
1,27.9269,0,13.43,1,1,0,2,2,19.5956,67.657,0,135.713,17.202,13.722,1,71.424,50.567,4.008,1,67.904,41.672,2.647,0,1,0
1,21.5867,0,12.9682,1,1,0,2,2,14.4144,55.653,0,15.017,507.573,13.188,1,5.621,93.912,7.459,0,79.513,10.925,1.124,0,1,0
1,32.8805,0,19.0049,1,1,0,0,5,14.6499,50.835,0,141.548,90.283,3.394,1,59.621,38.446,4.267,1,0.916,81.527,0.23,1,1,0
1,68.1021,0,0.6094,1,1,0,2,2,18.6443,38.831,0,174.451,8.782,26.271,1,2.434,17.513,3.005,1,5.129,82.27,1.187,1,1,0
1,38.229,0,27.5003,1,1,2,2,9,15.6149,50.754,0,7.05,19.415,29.655,1,69.495,42.974,3.681,1,82.661,89.866,0.243,0,1,0
0,28.7051,0,19.3458,1,1,2,4,5,16.4814,58.93,2,47.834,-18.876,32.164,1,39.29,10.824,9.159,1,99.206,91.221,15.937,0,1,0
0,35.3299,0,11.3153,1,1,0,8,1,13.4559,52.62,0,115.453,117.34,6.751,1,68.312,102.844,0.343,1,81.784,59.453,0.13,0,0,0
1,28.1641,0,14.2747,1,1,0,12,1,10.575,87.041,0,5.227,71.913,19.27,1,39.259,30.58,4.328,1,44.283,56.179,0.612,0,1,0
0,38.3285,0,11.6928,1,1,0,2,2,10.8094,44.911,0,29.085,80.306,6.171,1,41.101,6.289,2.308,1,73.351,91.272,0.185,0,1,0
1,35.4771,0,19.8157,1,1,0,8,2,18.5251,40.817,0,99.784,15.497,20.944,1,18.716,46.274,1.309,1,113.426,98.272,19.277,1,1,0
1,37.6471,0,3.3607,1,1,1,8,2,15.3855,59.696,0,53.092,18.615,18.413,1,68.278,68.304,3.967,1,92.889,85.764,0.18,0,0,0
1,28.127,0,11.6673,1,1,0,10,2,18.4354,59.055,0,87.703,90.816,32.579,1,8.6,87.788,0.089,1,69.711,87.279,0.07,0,1,0
1,31.4055,0,17.1231,1,1,0,8,1,10.5097,69.824,2,49.283,5.752,9.412,1,52.111,24.524,7.231,1,17.661,32.613,0.913,0,0,0
1,36.095,0,10.9551,0,1,2,2,7,18.5344,42.454,0,2.538,15.115,9.441,1,62.656,1.883,4.38,1,61.713,82.41,34.09,0,1,0
1,38.1608,0,19.5004,1,1,0,2,8,11.0754,56.107,0,139.038,41.223,18.23,1,97.684,17.506,6.673,1,17.299,61.87,0.21,0,1,0
1,38.8579,0,14.9993,0,1,2,0,6,19.1724,50.244,0,3.924,22.989,39.292,1,9.413,16.713,3.339,0,72.124,53.933,0.687,0,0,0
1,38.6,0,15.8274,1,1,0,2,2,11.3907,44.892,0,15.549,70.993,23.687,1,2.115,102.11,0.622,1,37.812,61.207,10.17,1,1,0
1,31.9031,0,20.6317,1,1,0,2,7,19.2064,59.15,0,142.585,191.303,23.682,1,73.514,33.922,0.18,1,31.673,70.853,6.977,0,1,0
1,38.3695,0,6.6191,1,1,2,14,2,16.4386,86.363,0,164.649,16.119,14.54,1,97.416,60.574,3.924,1,2.855,3.876,0.822,1,1,0
1,22.124,0,13.3651,1,1,0,2,2,16.4423,13.44,0,144.664,133.362,10.651,1,62.895,42.231,2.536,1,61.264,99.543,0.745,0,1,0
1,37.4293,0,9.5377,1,1,0,6,3,19.7554,54.855,0,114.049,-10.852,29.972,1,19.009,11.519,8.345,1,0.534,4.52,1.937,0,1,0
0,38.4911,0,14.9037,1,1,2,2,2,14.4854,52.481,0,168.577,761.688,6.567,1,2.542,95.4,3.383,1,51.764,94.883,1.175,0,1,0
1,30.1851,0,6.9204,1,1,0,6,2,16.021,58.21,0,51.287,91.454,12.295,1,48.662,59.684,3.286,1,2.192,41.721,43.14,0,1,0
0,42.7098,0,14.5059,1,1,2,3,5,15.8745,58.554,0,173.241,23.186,22.282,1,9.429,18.673,4.341,1,92.932,75.863,0.982,1,1,0
1,28.0857,0,14.2636,1,1,0,2,7,15.822,35.854,0,154.478,50.695,2.245,1,0.11,50.433,2.17,1,173.913,34.782,3.282,1,0,0
1,25.8996,0,12.3297,1,1,0,0,2,17.9688,69.859,0,153.793,54.54,20.094,1,9.448,160.002,0.248,1,71.341,6.752,0.188,0,1,0
1,30.3217,0,5.5017,1,1,0,2,8,15.4924,44.456,3,176.396,238.606,0.798,1,69.64,46.974,9.185,1,82.385,351.276,0.063,1,1,0
1,32.5631,0,19.5633,1,1,0,2,2,18.8127,51.905,0,117.19,49.884,36.686,1,68.416,22.064,4.716,1,113.966,77.957,7.494,0,1,0
0,35.8852,0,2.5243,1,1,0,2,1,11.4089,67.665,0,58.934,15.856,28.248,1,44.973,143.043,3.367,1,45.355,78.122,4.112,0,1,0
0,30.0703,0,16.9761,1,1,2,2,9,14.8192,54.54,0,102.814,47.85,4.281,1,41.434,72.504,6.52,1,40.653,62.721,6.112,0,1,0
0,28.9501,0,17.5099,1,1,0,2,2,12.6748,56.624,0,91.8,201.662,32.914,1,68.998,67.717,3.531,1,93.928,84.85,5.05,0,1,0
1,28.8834,0,11.0017,1,1,2,2,4,18.4741,67.102,0,67.886,243.562,30.239,1,48.244,148.219,3.024,1,1.758,38.101,0.92,0,0,0
1,38.6009,0,11.058,1,1,0,2,2,18.7764,46.51,0,17.844,290.316,7.882,1,38.666,66.95,3.68,1,76.284,66.129,2.542,0,1,0
1,30.6291,0,12.0729,0,1,0,2,6,13.3291,52.496,0,133.507,291.353,30.365,1,42.384,14.15,2.989,1,33.701,68.871,9.282,0,1,0
1,38.3726,0,12.6296,1,1,0,2,6,14.8699,53.216,0,147.095,71.477,33.061,1,33.801,76.396,4.309,1,0.865,0.87,0.167,1,0,0
0,30.6895,0,10.5057,0,1,2,1,8,17.391,58.822,0,144.443,36.422,19.265,1,60.063,631.504,0.405,1,21.129,47.727,1.292,0,1,0
1,20.1846,0,7.4503,1,1,0,2,2,19.6641,58.144,0,125.93,89.453,7.721,1,70.313,26.912,3.829,1,96.422,47.805,8.982,0,1,0
1,33.8912,0,0.8909,1,1,0,3,5,14.9114,52.547,0,62.782,15.935,30.265,1,66.515,17.719,2.205,1,6.783,54.825,0.895,0,1,0
1,38.4809,0,19.6955,1,1,1,2,9,14.4727,49.022,0,154.592,10.316,0.165,1,3.364,50.652,3.03,1,93.681,87.067,0.783,0,1,1
1,30.385,0,8.5351,1,1,0,2,6,16.6177,0.55,0,81.341,299.399,39.698,1,49.325,8.072,6.98,1,1.38,48.521,0.674,0,1,0
1,38.6274,0,9.645,1,1,0,6,2,12.815,48.835,0,34.858,249.357,20.532,1,96.883,179.669,9.996,1,63.766,217.703,0.94,0,1,0
0,20.6749,0,17.3506,1,1,0,5,9,18.5191,59.813,0,178.188,227.62,23.498,1,2.612,17.897,4.725,1,9.82,6.375,0.183,0,0,0
0,32.145,0,13.7906,1,1,0,2,8,13.4647,50.941,3,140.853,297.445,2.344,1,53.491,17.996,3.449,1,85.921,67.041,0.24,0,0,0
1,20.4771,0,16.6502,1,1,1,2,1,15.021,64.013,0,4.417,16.447,16.957,1,6.059,48.418,2.939,1,41.335,64.751,5.772,0,0,0
1,34.5425,0,19.2334,1,1,0,6,2,12.6226,53.044,0,55.888,245.593,2.645,1,11.311,48.955,4.941,1,141.773,14.37,0.672,0,1,0
1,36.847,0,18.0423,1,1,1,6,2,16.4675,14.99,0,140.715,14.889,19.42,1,83.802,16.581,4.545,1,116.901,39.346,12.267,0,0,0
0,35.2772,0,2.6361,1,1,0,8,9,23.4521,58.719,0,184.588,-1.435,22.968,1,59.058,4.062,8.811,1,9.069,33.553,0.85,0,1,0
0,29.8001,0,7.9211,1,1,0,2,2,10.5045,58.454,0,36.453,101.355,37.762,1,34.025,28.173,7.338,1,3.356,81.471,0.636,0,1,0
1,30.1419,0,14.4503,1,1,1,10,2,18.4101,68.924,0,155.413,329.361,6.019,1,0.225,67.073,9.589,2,39.859,34.535,0.197,0,1,0
1,28.4852,0,18.9302,1,1,0,2,8,12.2844,57.316,0,8.508,27.515,23.912,1,5.038,86.213,3.077,1,43.319,84.559,2.914,1,1,0
1,48.8051,0,12.5583,1,1,0,2,7,29.9254,74.783,0,39.81,34.971,33.764,1,42.798,28.724,3.054,1,37.172,71.362,0.557,0,0,0
1,28.1491,0,10.0095,1,1,0,2,8,12.444,59.086,0,113.893,195.622,1.042,1,38.321,20.265,4.362,1,62.033,76.373,0.4,0,1,0
0,21.8042,0,15.6046,1,1,2,8,2,19.9117,33.804,0,146.027,16.959,0.297,1,2.368,6.002,9.315,0,68.139,82.12,0.682,0,1,0
1,34.0803,0,0.4491,1,1,1,2,8,19.6484,52.114,0,178.144,22.264,22.205,1,65.791,8.937,3.582,1,22.159,74.92,0.027,0,1,0
0,23.6991,0,3.9509,1,1,2,0,6,16.5192,56.86,0,517.838,-24.053,33.081,1,68.418,88.854,34.867,0,41.627,2.97,5.557,0,1,0
1,33.1072,0,11.2603,1,1,0,6,8,18.1447,28.945,0,30.838,17.826,31.74,1,43.775,16.755,3.979,1,0.161,31.865,0.77,0,0,0
1,28.4756,0,19.9667,1,1,1,7,2,19.8462,71.245,0,77.638,8.873,6.45,1,87.362,9.993,8.181,1,50.14,98.068,0.177,1,1,0
1,28.0675,0,14.0589,1,1,0,2,2,15.8381,60.344,0,34.949,25.062,9.853,1,4.686,33.561,3.755,1,3.779,68.709,1.925,0,1,0
0,22.3605,0,3.4019,1,1,2,2,8,18.8844,97.459,0,70.872,65.119,29.862,1,49.292,16.514,3.317,1,127.176,83.92,0.76,0,1,0
1,22.0078,0,18.0,1,1,0,8,2,16.4111,54.527,0,142.592,19.562,14.635,1,50.757,0.641,2.999,2,203.56,92.871,1.554,0,1,0
1,20.1522,0,0.8606,1,1,0,6,1,18.3497,53.14,0,48.818,46.15,11.78,1,11.009,3.375,2.909,0,95.923,71.542,0.372,0,1,0
1,28.1411,0,13.8887,1,1,0,2,2,15.5457,39.824,0,118.596,109.814,0.993,1,65.403,61.113,3.745,1,1.135,51.958,0.674,0,1,0
1,34.5618,0,3.5388,1,1,1,2,2,19.6397,39.693,0,11.118,272.065,2.15,1,48.296,60.701,2.324,1,101.651,71.451,1.083,0,0,0
1,31.9908,0,19.8962,1,1,1,2,6,10.4631,58.993,0,142.663,17.515,12.992,1,45.743,108.979,4.443,1,61.52,54.942,2.057,0,0,0
1,28.4805,0,19.7457,1,1,2,2,2,19.3727,58.229,0,36.835,19.606,22.826,1,66.115,103.06,9.617,1,18.22,51.987,0.987,0,1,0
1,39.1912,0,11.5384,1,1,2,2,2,14.4104,58.483,0,114.834,15.519,30.115,1,17.499,2.273,6.546,1,93.084,14.778,0.572,0,1,0
0,29.8056,0,10.9467,1,1,1,12,8,14.7277,51.853,0,17.742,79.303,29.934,1,96.649,98.974,3.629,1,1.283,24.576,3.175,0,1,0
1,38.6772,0,10.4043,1,1,1,2,6,12.7092,58.675,0,66.07,57.314,22.852,1,56.885,45.063,4.243,1,5.226,74.12,0.772,1,1,0
0,38.6234,0,9.4233,1,1,0,11,1,14.8014,45.143,0,1.884,98.597,11.546,1,19.416,148.264,3.341,1,63.117,41.801,0.656,0,0,0
1,28.9635,0,10.0465,1,1,1,1,2,10.4311,59.544,0,140.53,180.423,1.454,1,65.455,61.564,3.059,1,3.669,91.375,2.52,0,1,0
1,28.1956,0,0.6449,0,1,0,2,2,18.421,42.31,0,115.537,80.353,18.975,1,59.695,89.979,6.884,1,3.541,5.87,0.717,0,1,0
1,30.1028,0,13.3177,1,1,0,2,2,15.8164,64.581,0,19.946,125.116,22.261,1,69.815,96.974,9.365,1,62.662,76.771,7.092,0,1,0
1,33.4775,0,15.3361,1,1,0,2,9,12.4164,78.954,0,36.553,10.611,31.723,1,40.683,75.593,6.427,1,5.137,72.929,0.684,0,1,0
0,28.9259,0,0.6594,1,1,0,4,1,18.1425,15.854,0,48.691,276.672,35.21,1,2.364,19.05,3.509,1,7.749,70.855,0.316,0,1,0
1,33.1029,0,17.6805,1,1,0,2,5,10.4185,45.23,0,149.142,76.442,23.655,1,22.402,31.758,9.039,1,70.066,89.825,1.88,0,1,0
0,32.4641,0,0.9328,1,1,2,2,2,10.3725,59.945,0,80.445,20.616,33.337,1,57.654,71.636,3.059,1,7.401,68.62,0.51,0,1,0
0,34.0808,0,28.1735,1,1,0,6,8,15.619,59.07,0,146.518,29.715,39.61,1,10.148,45.612,7.713,1,44.969,24.601,1.628,0,0,0
1,48.7515,0,19.1726,0,1,1,2,7,10.4243,56.62,0,94.787,18.835,33.772,1,3.019,48.259,7.439,1,63.669,89.959,12.921,1,0,0
1,38.1601,0,19.1873,1,1,0,2,2,15.7346,87.914,0,168.34,12.195,8.682,1,59.092,1.933,3.923,1,93.109,81.836,0.796,1,1,0
0,28.7706,0,9.8713,1,1,1,8,2,15.5509,79.563,0,74.523,44.42,38.124,1,48.663,40.54,2.479,1,73.543,0.326,0.288,0,1,0
0,38.377,0,10.0157,1,1,1,13,4,18.598,64.003,0,33.842,90.626,13.212,1,69.419,50.025,3.817,1,51.264,20.729,0.872,0,0,0
1,29.1051,0,9.5081,1,1,0,2,8,17.7136,59.867,0,117.038,7.816,21.203,1,8.011,154.603,3.865,1,12.613,68.95,1.62,0,1,0
0,38.8208,1,10.8963,0,1,0,6,6,10.4533,54.853,0,44.937,92.01,12.418,1,91.006,6.023,4.434,1,41.964,94.453,11.623,0,1,0
0,20.1795,0,13.9054,1,1,0,2,2,14.1383,59.356,0,62.01,40.825,22.75,1,9.253,17.639,8.722,1,12.123,19.855,0.463,0,1,0
1,38.6012,0,15.9166,1,1,0,2,8,16.5994,54.995,0,24.812,7.313,0.938,1,11.601,0.873,0.321,1,8.102,75.175,0.685,0,1,0
0,30.9158,0,13.1251,1,1,0,16,6,14.6096,56.973,0,38.348,8.871,6.134,1,46.021,123.295,4.964,1,11.919,33.251,0.11,0,1,0
0,20.8061,0,13.1997,1,1,2,2,9,20.473,14.043,0,137.845,117.417,0.741,0,57.364,74.918,4.282,1,13.129,77.952,1.922,0,0,0
1,28.3278,0,13.1079,1,1,0,2,6,14.088,64.893,0,172.532,18.302,30.426,1,43.418,0.467,3.73,1,0.666,81.126,0.462,0,1,0
0,38.4828,0,12.8007,0,1,0,2,8,14.3628,6.167,0,164.604,17.356,14.162,1,2.509,6.97,4.105,1,43.112,89.357,0.64,0,1,0
1,38.1555,0,18.972,1,1,1,6,7,18.4628,47.289,0,1.582,148.003,19.085,0,47.919,7.284,9.927,1,40.132,93.716,4.186,0,1,0
1,22.5354,0,13.8705,1,1,2,5,5,14.5448,46.934,0,37.186,98.902,31.184,1,40.001,78.537,2.389,1,7.137,61.876,1.612,1,1,0
1,21.6496,0,9.6177,1,1,2,4,2,16.4161,59.413,0,134.874,34.25,32.343,1,19.908,140.289,7.162,1,70.621,1.551,0.177,0,0,0
1,34.4173,0,13.1743,1,1,0,2,9,21.5205,9.919,0,15.53,4.885,32.492,1,42.71,80.274,6.781,1,61.685,59.521,0.742,0,0,0
1,34.1,0,10.0057,1,1,0,2,2,12.5449,58.223,0,102.294,116.884,26.489,1,56.342,16.717,2.489,1,31.316,81.054,25.274,0,1,0
1,28.0786,0,12.0057,1,1,1,2,9,11.1137,46.147,0,159.883,743.355,3.248,1,48.121,7.104,7.002,1,38.923,91.775,0.577,0,1,0
0,38.9906,0,18.9683,1,1,0,2,2,17.4814,56.45,0,98.296,242.359,30.192,1,56.385,73.413,2.942,1,64.269,33.773,12.527,0,1,0
1,34.1755,0,11.5347,0,1,0,2,9,17.4714,54.94,2,5.585,16.996,34.478,1,48.899,61.7,9.702,1,41.259,85.475,0.17,0,1,0
1,38.0834,0,17.95,1,1,2,2,6,12.4083,64.881,0,54.134,216.523,2.244,1,42.311,90.673,3.219,1,3.718,3.911,1.277,0,0,0
1,38.3445,0,10.0157,1,1,0,2,3,17.1194,54.924,0,153.879,20.665,31.455,1,53.222,25.193,5.924,1,13.903,98.746,0.517,0,1,0
0,38.9608,0,13.0303,1,1,0,1,1,19.3805,54.062,0,142.942,14.618,10.584,1,69.512,23.06,0.38,1,1.921,79.007,0.262,0,1,0
0,28.8748,0,23.1701,1,1,2,8,2,34.4114,49.17,0,132.029,46.568,9.204,1,48.424,89.789,1.218,1,24.963,39.853,0.24,0,0,0
1,30.1706,0,14.8117,1,1,0,5,4,11.861,53.796,0,74.809,106.964,26.218,1,18.253,46.444,3.008,0,13.903,38.828,0.527,0,1,0
1,20.6458,0,10.9743,1,1,0,4,9,14.4311,44.144,0,113.792,10.503,22.172,1,66.101,20.225,1.649,1,171.06,81.813,0.902,0,1,0
1,38.4865,0,10.602,0,1,1,2,3,18.4144,56.155,0,78.818,360.976,13.978,1,42.522,33.443,3.79,1,41.309,86.984,1.501,0,0,0
1,28.5429,0,17.0407,1,1,0,3,6,16.5247,53.244,0,151.898,34.499,24.204,1,3.418,86.945,7.307,1,41.962,89.826,1.916,0,1,0
1,38.1715,0,10.8009,1,1,0,4,2,19.3597,46.234,0,156.045,161.807,33.094,1,92.334,51.094,3.902,1,61.131,51.129,0.667,0,1,0
0,21.1795,0,19.3993,1,1,0,6,2,15.7146,57.613,0,680.883,-50.341,29.707,1,38.427,55.705,6.383,2,0.649,32.965,0.177,0,0,0
1,27.2523,0,10.6581,1,1,1,5,5,11.5211,57.853,0,60.493,43.091,3.97,1,9.425,7.773,3.148,1,61.76,91.944,0.307,1,1,0
1,34.8008,0,1.8206,1,1,0,3,2,13.9579,49.786,0,88.09,16.226,31.491,1,39.029,12.494,3.54,1,55.369,60.295,1.667,0,0,0
0,34.6053,0,19.0688,1,1,0,2,3,11.8,44.474,0,44.343,98.743,17.276,1,48.376,8.043,5.327,1,0.269,61.569,0.765,0,0,0
0,31.1233,0,10.1658,1,1,2,2,6,18.7147,36.511,0,150.306,41.518,39.424,1,97.319,89.914,33.908,1,79.724,91.824,0.481,0,1,0
1,38.4471,0,14.8771,1,1,0,2,6,11.0617,18.84,0,39.782,22.766,22.055,1,66.232,4.358,1.061,1,93.193,864.371,0.178,0,1,0
1,30.007,0,14.9357,1,1,0,4,2,13.4245,59.621,0,49.719,116.157,30.259,1,12.427,0.006,0.932,1,69.731,87.921,1.311,0,0,0
0,23.2601,0,18.9488,1,1,0,2,6,12.5601,87.653,0,58.472,94.266,30.497,1,48.055,30.513,33.308,1,61.219,88.854,4.438,0,1,0
1,38.3933,0,13.3449,1,1,0,6,3,14.3021,71.203,0,27.401,17.357,2.559,1,46.686,50.917,0.648,1,1.203,10.345,5.867,0,1,0
1,33.5655,0,8.6209,1,1,0,2,6,15.8457,59.148,0,158.531,370.134,3.895,1,52.674,6.614,9.945,1,32.283,72.823,0.119,0,1,0
1,32.7058,0,14.7711,1,1,0,4,2,14.4765,30.955,0,119.528,28.316,19.272,1,8.011,77.223,0.307,1,66.961,299.953,0.764,0,1,0
0,40.1349,0,16.4094,1,1,0,2,1,20.6591,59.657,0,22.745,66.547,0.944,1,41.994,93.485,5.973,1,0.213,77.212,0.927,0,1,0
0,38.4031,0,0.9578,1,1,0,2,4,17.634,58.644,0,112.638,-24.806,6.131,1,69.145,86.583,8.823,1,11.263,84.963,0.177,0,1,0
1,28.6682,0,13.0203,1,1,0,2,4,19.4094,49.641,0,154.803,18.953,17.658,1,69.705,1.484,7.979,1,185.337,74.637,0.683,0,1,0
1,35.3559,0,14.0301,0,1,1,2,2,16.6359,52.917,0,175.07,169.466,7.715,1,1.393,14.519,7.932,1,100.122,50.54,11.007,0,1,0
0,20.3398,0,14.5768,1,1,0,1,6,15.8425,47.911,0,140.714,7.878,2.961,1,48.838,7.073,9.325,1,141.929,65.17,0.272,0,1,0
1,12.6814,0,18.8063,1,1,0,2,5,14.5696,54.044,0,59.818,60.973,39.244,1,59.716,90.238,3.439,1,12.453,49.856,1.179,1,1,0
1,28.6851,0,19.6757,0,1,1,2,6,13.8312,55.564,0,65.753,17.32,22.047,1,59.246,46.5,2.78,1,61.203,81.25,0.181,0,1,0
1,38.1023,0,17.8359,1,1,1,3,6,15.9743,52.205,0,147.045,10.969,32.406,1,29.431,87.493,6.283,0,93.224,74.729,0.188,0,1,0
1,38.4046,0,16.9657,1,1,0,2,4,10.1071,59.698,0,100.577,10.95,33.902,1,42.269,80.973,9.952,1,51.619,95.879,0.63,0,1,0
1,31.6861,0,14.4518,0,1,0,2,6,16.6686,59.339,0,49.238,13.397,39.36,1,40.094,61.639,6.622,1,6.309,71.786,0.94,0,1,0
0,34.2775,0,11.9615,1,1,1,2,2,18.424,9.974,0,78.683,106.386,14.212,1,98.143,78.573,3.925,1,53.073,94.277,14.277,0,1,0
1,38.2756,0,19.0704,1,1,1,2,8,11.8703,76.924,0,159.75,74.815,11.042,1,48.242,17.6,6.681,1,0.314,89.902,0.671,0,1,0
1,24.4475,0,10.3003,1,1,0,2,8,18.3221,51.523,0,12.855,299.852,6.138,1,56.823,95.784,3.336,1,102.203,99.529,0.762,0,0,0
1,35.685,0,12.8051,1,1,2,2,4,16.2215,69.526,0,182.053,9.571,9.484,1,58.411,21.992,4.14,1,31.669,88.839,1.37,0,0,0
0,38.1803,0,20.9555,1,1,2,6,2,12.4018,54.226,0,188.009,5.814,6.441,1,36.168,16.72,6.822,1,1.222,63.754,28.072,0,1,0
1,38.8658,0,10.2088,1,1,0,6,8,12.0985,51.423,0,155.043,96.216,2.06,1,42.851,64.716,0.158,1,81.392,69.366,0.325,0,1,0
0,20.701,0,19.5488,1,1,0,2,5,17.8445,59.899,0,85.002,31.898,29.772,1,4.391,23.757,6.948,1,113.759,5.565,0.978,0,0,0
1,31.7009,0,0.9172,0,1,0,2,8,25.4345,58.647,0,73.61,80.016,8.24,1,42.262,22.378,2.436,1,111.481,55.978,0.662,0,0,0
0,24.9807,0,17.9558,1,1,2,2,4,11.5587,89.773,0,5.093,15.814,24.815,1,48.695,3.524,9.921,1,1.212,15.375,0.522,0,0,0
0,39.1875,0,0.7065,1,1,0,2,8,19.7354,48.62,0,79.7,218.312,0.105,1,8.311,10.714,9.441,1,61.669,10.309,1.018,0,1,0
1,38.168,0,19.4557,1,1,0,2,1,16.0242,37.053,0,144.412,200.872,9.519,1,43.416,13.997,66.074,1,37.522,83.449,0.677,0,1,0
1,20.2398,0,8.0059,0,1,1,2,2,10.4454,59.523,0,128.011,214.259,12.416,1,30.264,78.342,6.622,1,80.963,94.373,1.274,0,1,0
1,28.8409,0,13.9091,1,1,0,6,2,12.8635,52.513,0,15.378,51.759,21.722,1,12.062,3.933,3.031,1,3.955,4.17,0.074,0,1,0
1,30.0895,0,12.9591,0,1,0,6,2,20.0857,40.025,0,29.418,63.321,70.275,1,98.009,57.953,3.01,1,61.383,55.907,0.368,0,1,0
1,34.6724,0,16.3164,1,1,0,2,2,10.2314,46.463,0,13.448,67.386,9.792,1,0.432,145.22,3.953,1,61.969,252.776,8.283,0,1,0
1,38.7775,0,8.51,1,1,0,14,2,13.338,58.067,0,170.433,47.091,23.285,1,1.192,6.903,8.223,1,92.285,34.92,0.91,1,1,0
0,38.0759,0,19.8353,1,1,0,1,5,12.4455,50.514,0,70.555,17.592,34.432,1,62.111,54.436,3.762,1,68.334,74.221,0.581,1,1,1
1,27.1727,0,13.1491,1,1,0,6,1,11.9954,53.811,0,141.561,1.456,34.69,1,9.203,76.58,0.7,1,90.851,92.37,1.87,0,1,0
0,20.675,0,12.9794,1,1,1,2,3,15.1757,59.025,0,195.553,19.834,20.166,1,34.115,26.4,6.352,1,103.311,71.276,1.965,1,1,0
1,31.3271,0,3.0576,1,1,0,2,3,26.4167,55.957,0,151.01,21.884,34.962,1,53.243,190.437,9.319,1,0.457,88.742,0.747,1,1,0
0,38.6632,0,9.2301,1,1,0,5,6,15.1118,69.96,0,184.16,42.401,12.595,1,54.023,149.994,9.958,1,75.058,55.726,0.96,0,1,0
1,28.3724,0,18.4179,1,1,0,6,2,16.7596,59.844,0,95.646,65.397,9.976,1,58.155,85.473,9.439,1,81.123,96.553,0.792,0,1,0
1,23.6095,0,12.1458,1,1,0,14,2,13.5754,52.827,0,92.215,147.419,32.262,1,66.084,97.752,3.389,1,15.613,98.981,1.073,0,1,0
1,28.1703,0,8.6192,1,1,0,6,6,10.6199,52.994,0,122.371,-84.194,10.179,1,41.865,55.78,3.422,1,109.308,82.827,0.556,0,0,0
0,21.4426,0,18.3356,1,1,0,2,2,15.4144,50.943,0,30.289,26.458,30.289,1,60.456,0.608,2.394,1,40.114,37.77,0.959,0,1,0
1,36.0003,0,11.3051,1,1,0,2,8,13.1224,42.82,0,163.212,30.368,2.264,1,58.055,166.404,3.052,1,20.703,46.244,0.283,0,0,1
1,38.3218,0,19.6118,1,0,1,2,2,14.1694,39.005,0,194.55,111.793,29.422,1,41.895,0.388,7.432,1,7.751,7.942,7.283,0,1,0
0,20.7841,0,10.2327,1,1,0,2,5,36.65,51.843,0,123.525,89.144,18.153,1,62.159,73.951,3.738,1,117.559,81.1,1.028,0,1,0
0,40.4039,0,11.8473,1,1,0,0,2,12.0152,55.884,0,144.045,90.976,0.766,1,88.402,8.024,2.131,1,61.71,332.572,0.172,1,1,0
0,38.8293,0,17.9499,1,1,2,0,3,12.893,55.425,0,105.943,79.595,0.054,1,86.952,8.573,8.778,1,93.421,83.077,0.963,0,1,0
1,39.0355,0,13.569,1,1,0,2,6,11.3187,98.344,0,5.513,249.818,30.051,1,59.629,16.333,6.989,1,47.231,76.896,0.113,1,1,0
0,40.2301,0,14.8029,1,1,0,2,6,15.5297,34.809,0,108.533,63.257,34.239,1,33.279,8.532,2.539,1,61.045,91.072,1.05,0,1,0
1,36.6315,0,4.4509,1,1,0,2,8,16.1747,69.973,0,119.113,106.903,30.814,1,32.38,43.043,3.9,1,69.766,68.954,0.927,0,1,0
0,48.6,0,11.3332,0,1,1,12,4,12.8925,64.973,0,154.83,86.57,9.968,1,47.721,83.744,0.858,1,199.639,8.091,1.586,1,1,0
0,38.847,0,24.9215,1,1,0,2,2,14.5146,56.967,0,15.643,50.637,30.877,1,43.195,58.419,0.745,1,61.118,81.181,1.252,0,1,0
1,38.7605,0,19.407,1,1,0,2,6,16.8047,52.065,0,110.098,17.833,2.242,1,4.928,50.26,8.882,1,92.311,70.951,0.032,0,1,0
0,28.2575,0,2.6455,1,1,0,1,2,15.524,44.824,0,45.022,10.31,9.152,1,8.841,60.455,0.134,1,7.11,61.241,4.161,1,1,0
0,48.8291,0,29.102,1,1,0,8,2,11.524,69.981,0,128.92,353.853,0.796,1,8.922,74.971,3.926,1,98.073,63.471,0.912,0,1,0
1,28.4409,0,10.5099,1,1,0,2,2,19.824,51.575,0,91.98,19.885,20.623,1,99.001,7.978,6.34,1,8.358,95.726,0.924,0,1,0
0,38.9026,0,13.9487,1,1,0,2,8,15.7959,55.187,0,57.537,7.409,4.082,1,36.658,1.633,8.458,1,31.353,88.82,0.77,0,1,0
1,38.371,0,12.8519,1,1,0,5,8,16.0442,52.824,0,119.909,242.395,12.04,1,18.536,2.972,3.692,1,21.114,79.73,1.999,0,1,0
0,24.387,0,13.0703,1,1,2,2,6,12.4654,41.623,1,148.842,27.561,16.279,1,56.489,17.139,2.309,1,47.022,10.755,5.312,0,1,0
1,31.6458,0,11.9168,1,1,0,0,6,16.5795,51.946,0,44.826,112.457,39.352,1,47.03,67.231,6.869,1,34.233,24.42,0.079,1,0,0
0,38.0081,0,21.6593,1,1,1,6,2,16.5241,50.3,0,113.215,98.317,0.36,1,6.247,68.253,8.219,1,43.17,11.051,0.38,0,1,0
1,25.7834,0,9.9531,1,1,1,1,2,14.7804,59.263,0,118.146,335.824,33.502,1,51.606,5.415,0.929,1,41.109,27.171,0.555,0,1,0
1,44.8003,0,12.6089,1,1,0,10,2,18.0899,45.564,0,2.86,45.356,30.474,1,18.216,19.884,3.227,1,65.166,56.348,1.927,0,1,0
1,38.9085,0,13.1401,1,1,2,2,6,16.5484,51.153,0,183.618,60.856,32.774,1,56.219,47.461,4.334,1,82.782,94.126,0.771,0,0,0
0,38.0013,0,8.1551,1,1,0,6,2,10.5524,74.86,0,60.069,66.557,1.312,1,48.119,20.619,8.288,1,31.086,95.822,0.075,0,0,0
1,39.1975,0,14.6011,1,1,0,6,3,12.4795,92.954,0,141.913,181.82,3.744,1,42.774,67.443,4.02,1,92.251,8.571,20.984,0,1,0
1,38.1937,0,8.843,0,1,1,1,8,20.619,54.357,0,153.87,7.457,1.674,1,66.655,57.237,3.72,1,95.953,26.721,1.922,0,0,0
1,29.8412,0,9.4083,1,1,2,2,8,16.6659,56.927,0,149.53,80.002,0.293,1,39.685,48.494,10.636,1,72.427,13.202,0.045,0,1,0
1,28.2011,0,10.1184,0,1,0,2,8,11.5312,89.39,0,84.482,70.374,0.596,1,53.447,61.445,3.719,1,65.226,94.324,1.683,1,1,0
0,33.0671,0,16.6908,1,1,0,2,6,16.5799,50.813,0,177.561,19.57,39.152,1,38.321,13.226,4.914,1,10.603,181.92,0.877,0,0,0
0,15.12,0,12.7317,1,1,0,4,5,27.4501,27.816,0,182.781,125.146,33.158,1,49.245,81.459,9.735,1,141.335,6.058,7.719,0,0,0
0,29.4839,0,10.878,1,1,0,4,7,14.4186,50.047,0,59.71,40.856,20.29,1,93.081,74.573,4.978,1,160.481,38.189,0.072,0,1,0
1,30.7522,0,25.9185,1,1,0,2,1,18.4021,51.96,0,132.323,29.392,29.228,1,39.384,42.501,3.929,1,103.269,77.12,0.162,0,1,0
1,31.5092,0,17.1281,1,1,2,2,8,16.5525,42.625,0,123.498,63.881,25.411,1,1.623,0.783,3.039,1,105.126,36.32,1.072,1,0,1
1,24.1709,0,17.0928,1,1,1,2,1,19.4224,64.557,0,78.512,14.322,23.665,1,60.684,102.848,5.97,1,35.165,19.281,0.945,0,1,0
1,38.4658,0,12.0386,1,1,0,2,9,35.444,50.674,0,111.956,-48.831,30.98,1,11.985,91.633,7.468,1,85.964,79.277,0.96,1,1,0
0,30.9658,0,10.705,1,1,0,6,2,15.0116,59.632,0,72.518,46.824,33.204,1,48.63,76.334,3.313,1,90.269,80.985,5.779,0,1,0
1,33.4871,0,11.9008,1,1,1,2,7,12.9137,59.344,0,137.858,19.794,19.202,1,3.699,18.143,2.849,1,61.721,67.557,0.052,0,1,0
1,30.2469,0,11.4551,1,1,0,5,6,12.4907,56.414,0,145.881,1.806,10.052,1,53.498,7.939,19.861,1,2.916,29.72,0.527,0,1,0
1,30.627,0,11.3124,1,1,1,1,2,19.5645,49.843,0,139.449,12.568,3.212,1,42.678,61.586,7.721,1,63.754,33.764,1.017,0,1,0
1,33.6028,0,10.987,1,1,0,4,2,19.8901,49.331,0,85.516,22.545,90.869,1,39.098,13.59,3.987,1,61.503,83.773,1.54,0,0,0
0,30.5571,0,3.9008,1,1,0,2,8,10.8493,59.577,0,102.116,42.374,12.212,1,33.084,17.022,4.94,1,0.949,18.341,0.622,1,1,0
1,34.6723,0,12.8601,1,1,0,2,2,4.0955,52.921,0,51.058,719.978,0.453,1,68.685,87.776,4.929,1,182.081,56.375,0.627,0,1,0
0,21.9635,0,9.93,1,1,1,7,8,16.1292,74.944,0,44.701,202.799,19.312,1,40.643,120.149,4.264,1,7.263,17.524,0.964,0,1,0
1,38.1819,0,12.8586,1,1,0,1,1,15.5558,11.82,0,18.993,0.606,2.448,1,69.004,178.464,14.983,1,8.317,72.823,0.662,0,1,0
1,20.8818,0,12.4503,1,1,0,2,8,19.8361,59.22,0,131.299,89.87,1.533,1,58.264,96.099,9.51,1,25.619,98.722,0.167,0,1,0
1,38.642,0,10.9259,1,1,0,2,8,12.9452,51.885,0,54.719,40.592,23.231,1,17.991,12.509,3.298,1,69.239,91.222,0.077,1,0,0
1,28.2533,0,14.2908,1,1,0,2,3,16.4417,59.88,0,198.418,9.446,32.444,1,41.439,141.303,6.325,1,6.28,56.621,0.17,0,1,0
1,30.2057,0,10.1424,1,1,0,2,2,14.2555,52.154,0,46.09,99.525,53.095,1,1.941,14.503,9.9,1,65.031,62.775,0.11,1,0,0
1,38.306,0,10.5408,0,1,1,5,1,11.3453,41.901,0,140.11,75.039,30.715,1,6.426,10.247,2.338,1,1.295,83.75,0.273,0,1,0
1,44.3706,0,14.6181,0,1,0,18,6,15.422,58.2,0,165.095,99.454,6.425,1,38.731,58.776,42.589,1,240.929,33.729,0.162,0,1,0
0,32.4741,0,22.4708,1,1,0,1,6,11.6454,36.254,0,16.308,219.89,21.781,1,31.393,134.658,3.354,1,141.159,64.72,0.062,0,1,0
0,31.3558,0,10.5982,1,1,1,8,6,15.8424,52.87,0,129.543,25.44,8.92,1,3.603,20.524,3.267,1,85.757,91.25,7.082,0,0,0
1,30.7202,0,13.1782,1,1,2,2,2,18.5461,52.878,0,107.073,98.414,33.974,1,19.053,50.417,4.38,1,119.221,84.922,2.02,3,1,0
0,30.6476,0,0.4991,1,1,0,2,6,16.8141,16.065,0,80.67,6.354,31.292,1,49.591,0.088,3.889,1,2.764,5.866,0.98,0,1,0
1,38.3291,0,18.8257,1,1,1,2,2,16.5124,42.184,0,84.88,88.458,6.554,1,8.678,17.343,0.193,1,181.364,38.346,1.91,1,1,0
0,28.7565,0,18.0133,1,1,0,7,2,15.7103,97.314,0,79.048,33.929,36.099,1,66.209,23.939,0.957,1,7.539,3.241,1.269,0,1,0
0,29.6,0,10.262,1,1,2,2,6,15.852,46.614,0,54.518,380.795,39.944,1,12.757,48.457,3.131,1,62.74,52.255,0.11,0,0,0
0,30.6008,0,2.7483,0,1,0,14,2,11.1279,52.97,0,159.542,15.341,1.163,1,66.019,90.792,3.225,1,4.761,91.82,0.41,0,0,0
1,31.6026,0,14.2519,1,1,1,2,6,12.6494,49.556,0,74.043,210.356,32.094,1,1.412,9.367,8.02,1,43.036,58.551,0.857,0,1,0
0,23.6508,0,17.9056,1,1,0,4,6,10.8204,52.205,0,7.545,10.543,30.014,1,61.019,76.082,7.18,1,92.251,76.853,0.86,0,1,0
1,30.6009,0,16.1907,1,1,0,2,4,14.4312,66.045,0,15.142,1.851,2.086,1,17.583,11.293,3.049,1,19.567,9.186,1.249,0,1,0
0,28.4714,0,12.0358,1,1,1,6,7,11.8093,59.793,0,87.58,219.806,22.962,1,6.459,58.443,2.398,1,7.729,85.44,0.077,1,1,0
1,24.6701,0,0.9686,1,1,0,1,1,15.6524,51.35,0,89.732,33.628,3.972,1,41.317,108.531,3.072,1,100.223,26.37,1.26,0,0,0
1,30.1297,0,17.8381,1,1,0,5,6,13.5241,56.948,0,51.187,98.307,17.166,1,69.552,38.075,1.682,1,91.422,31.874,4.772,0,1,0
1,21.4009,0,14.649,1,1,0,2,2,16.1684,59.838,0,73.433,74.301,23.715,1,44.849,14.457,1.463,1,37.916,62.55,0.98,1,1,0
0,38.318,0,19.134,1,1,0,5,9,18.0447,18.155,0,89.832,14.938,32.594,1,18.819,51.995,3.958,1,22.986,39.55,0.061,1,0,0
0,23.4716,0,11.6965,1,1,2,2,8,18.698,53.489,0,148.528,61.5,21.473,1,11.511,75.503,1.805,1,92.06,82.583,0.572,3,1,0
1,38.1051,0,0.0503,1,1,1,2,6,11.4589,74.807,0,51.614,37.566,19.216,1,9.401,35.697,7.581,1,41.167,37.171,1.823,0,1,0
1,41.9057,0,4.0153,1,1,0,2,6,15.1307,57.135,0,118.595,49.782,23.42,1,39.873,67.911,13.51,1,195.861,119.073,0.924,0,1,0
0,28.125,0,17.5049,1,1,0,1,8,18.6424,53.975,0,72.569,217.55,0.074,1,34.514,57.433,9.346,1,26.276,53.85,0.972,0,1,0
1,27.8202,0,10.5314,1,1,0,2,3,15.5728,50.55,0,147.824,224.816,30.242,1,2.06,80.242,3.282,1,91.703,38.77,1.327,0,1,0
0,38.8031,0,10.5597,1,1,0,1,2,16.8564,60.953,0,149.591,14.32,6.394,1,10.409,65.284,7.303,1,43.38,41.855,0.958,0,1,0
1,38.1248,0,17.9003,1,1,2,2,9,12.8455,6.793,0,70.689,0.96,14.29,1,0.681,18.564,4.02,1,1.92,13.89,0.962,0,1,0
1,32.7053,0,13.0003,1,1,0,2,2,14.4421,42.051,0,167.158,45.457,11.198,1,55.291,17.013,2.969,1,120.169,72.855,3.672,0,1,0
1,28.667,0,12.6002,1,1,0,6,2,14.6795,44.18,0,14.738,34.819,19.424,1,33.298,99.273,3.711,1,99.323,188.221,0.378,0,1,0
1,31.2023,0,18.3009,0,1,1,2,2,16.4868,58.319,0,70.8,545.88,8.702,1,12.161,46.149,1.634,1,65.945,98.112,2.162,0,1,0
1,22.2024,0,14.9573,1,1,2,2,2,13.8359,44.964,0,170.316,70.323,39.952,1,92.809,27.97,4.928,1,5.055,56.129,0.262,0,1,0
1,20.3889,0,10.9958,1,1,2,2,2,19.8927,52.878,0,115.743,-17.877,2.715,1,38.964,7.204,7.136,1,190.93,84.86,0.853,0,1,0
1,28.1903,0,18.4703,1,1,0,2,2,24.117,52.849,0,291.584,348.423,30.262,1,42.652,12.933,9.479,1,105.322,44.876,1.929,0,1,0
1,22.6957,0,11.1341,1,1,2,1,6,13.5132,44.004,0,22.017,34.37,32.524,1,49.278,16.001,0.555,1,1.125,29.71,0.287,0,1,0
1,27.8022,0,13.9009,1,1,2,6,2,13.1139,6.925,0,61.71,20.413,1.426,1,70.418,47.282,0.328,1,77.028,4.571,5.275,0,1,0
1,38.1,0,13.6049,1,1,0,5,2,12.4324,56.851,0,142.179,49.356,0.192,1,53.496,96.534,4.885,1,45.158,98.917,0.763,0,0,1
1,38.6457,0,19.6954,0,1,0,8,3,14.5144,18.563,0,155.519,20.423,23.387,1,7.763,47.958,2.359,1,3.903,88.479,0.242,1,1,0
0,35.5668,0,18.8063,1,1,0,2,8,18.0194,42.855,0,149.514,5.953,3.911,1,48.336,50.236,0.799,1,56.179,71.828,4.292,0,1,0
1,28.6894,0,10.8199,1,1,0,2,2,14.7604,69.424,0,50.345,14.956,6.129,1,44.024,65.224,6.926,1,9.213,45.625,1.047,1,1,0
1,37.1608,0,19.8412,1,1,0,2,2,12.5015,92.803,0,112.31,10.066,19.058,1,6.441,27.913,3.346,1,200.097,35.313,1.677,0,1,0
1,38.4776,0,10.8633,1,1,1,3,8,18.6818,26.683,0,96.719,83.163,7.952,1,42.151,44.933,8.534,1,61.989,21.24,7.783,0,1,0
1,38.3755,0,1.028,1,1,0,2,4,16.0759,44.425,0,115.538,20.834,6.231,1,96.293,82.513,0.002,1,56.173,64.058,6.995,1,1,0
1,23.6818,0,18.5703,1,1,0,0,2,13.2332,57.289,0,45.763,27.596,0.424,1,7.011,8.783,3.843,1,98.051,84.33,1.027,0,1,0
0,23.4008,0,4.0779,1,1,1,2,6,12.152,53.964,0,125.103,78.358,22.389,1,2.784,194.773,7.711,1,177.731,83.979,0.732,0,1,0
0,30.9209,0,7.8011,1,1,0,9,7,21.5525,4.064,0,72.123,312.846,34.816,1,40.781,10.533,4.929,1,33.211,54.226,2.125,0,1,0
1,38.6756,0,17.1097,1,1,0,12,9,10.8941,54.244,0,110.516,74.477,7.261,1,9.697,63.804,0.295,1,21.181,16.478,1.547,0,1,0
1,38.3609,0,13.038,1,1,0,6,2,15.971,40.924,2,22.119,6.576,6.662,1,49.489,12.741,2.789,1,63.489,1.817,0.172,0,1,0
1,28.4501,0,0.3091,0,1,0,2,9,11.0492,50.46,0,199.702,13.505,1.365,1,52.208,3.954,0.384,1,51.547,18.001,3.388,1,1,0
1,35.0057,0,11.9091,1,1,1,2,8,12.4651,52.28,0,2.057,10.374,31.274,1,99.059,34.574,9.945,1,11.414,25.71,0.925,1,1,0
0,30.43,0,11.6352,1,1,1,2,2,19.4624,51.234,0,130.879,27.97,30.214,1,14.611,141.927,4.936,1,0.385,90.978,0.682,0,1,0
1,38.1614,0,10.4776,1,1,1,1,1,15.4504,64.635,0,31.859,337.453,26.694,1,3.691,97.744,4.754,1,40.169,0.87,9.672,0,2,0
0,38.8257,0,12.049,1,1,0,2,6,13.7257,56.204,0,144.869,258.688,19.737,1,42.187,28.462,7.665,1,63.919,316.31,0.232,0,1,0
0,30.1304,0,18.3453,1,1,2,2,2,16.4953,47.474,0,13.745,246.351,33.01,1,61.448,24.432,0.667,1,79.309,282.875,8.66,0,1,0
0,30.9571,0,13.9431,1,1,0,9,2,16.3644,46.934,0,112.415,40.113,43.496,1,49.497,68.221,1.239,1,3.164,68.801,0.282,1,1,0
1,22.2277,0,7.8785,1,1,1,8,6,12.7145,67.241,0,147.888,280.043,34.244,1,66.612,86.702,5.904,1,86.769,75.757,0.279,1,1,0
1,58.1012,0,9.7677,1,1,1,6,2,14.7117,49.903,0,172.437,210.074,33.153,1,62.673,50.743,9.239,1,29.266,49.425,0.015,0,1,0
1,48.1058,0,14.3321,1,1,2,2,2,12.7561,58.235,0,142.015,12.317,6.362,1,41.429,76.743,9.93,1,2.082,90.876,1.662,0,1,0
1,38.2753,0,13.2301,1,1,0,2,8,12.3451,58.813,0,123.084,15.503,12.447,1,2.054,47.271,9.746,1,3.221,76.745,0.778,0,1,0
1,28.4291,0,10.5733,0,1,1,0,3,19.2594,54.113,0,52.824,99.494,19.089,1,48.232,90.463,3.304,1,42.001,42.575,0.257,1,1,0
1,32.067,0,10.1997,1,1,0,5,9,16.7193,55.137,0,178.38,47.85,25.189,1,51.685,12.003,4.012,1,8.553,73.901,0.222,0,0,1
1,50.3758,0,9.8604,1,1,1,2,6,17.1658,45.538,0,145.816,14.814,33.288,1,55.142,93.281,9.844,1,5.659,5.333,0.777,0,1,0
0,29.1259,0,10.5678,1,1,0,2,8,15.349,59.404,0,149.542,10.899,2.098,1,18.459,7.742,3.529,1,81.885,89.878,4.751,0,1,0
1,38.914,0,15.9054,1,1,0,2,2,10.4521,68.564,0,143.012,28.859,36.764,1,4.799,69.93,2.083,1,185.633,51.88,1.92,0,1,0
1,28.6228,0,2.5789,1,1,0,8,2,13.559,77.848,0,37.03,46.57,34.118,1,42.327,64.954,8.72,1,41.351,79.722,8.077,0,1,0
0,30.4453,0,10.8429,0,1,0,2,2,11.5059,55.548,0,154.749,342.304,11.674,1,34.98,45.499,9.987,1,2.45,62.943,0.648,0,1,0
1,38.5035,0,14.4743,0,1,0,2,2,19.4165,51.654,0,178.88,94.261,3.252,1,58.091,58.002,7.622,1,109.963,76.429,0.977,0,0,1
0,25.7485,0,10.0905,1,1,0,0,8,16.1765,53.96,0,40.077,40.396,31.224,1,58.31,53.96,0.331,1,67.069,10.35,0.172,0,1,0
1,36.8257,0,10.2278,1,1,0,2,6,16.8518,59.045,0,173.33,10.776,39.295,1,40.698,66.556,3.73,1,166.231,30.071,5.234,0,1,0
1,15.107,0,2.891,1,1,2,2,2,10.5157,51.894,0,17.947,84.075,12.438,1,1.202,27.025,9.222,1,63.551,63.077,0.073,0,1,0
0,38.9775,0,10.9131,0,1,2,2,2,15.8091,37.564,0,60.689,6.887,22.598,1,43.068,12.117,3.349,1,113.224,77.245,0.982,0,0,0
1,38.5777,0,20.1795,1,1,0,16,2,16.9825,69.845,0,110.429,38.856,39.918,1,42.691,16.515,3.23,1,13.719,64.072,3.072,0,0,0
1,33.3722,0,10.5217,1,1,1,8,2,19.4641,31.917,0,147.078,8.392,39.268,1,48.094,92.939,9.271,1,111.689,6.478,8.072,0,0,0
0,38.06,0,15.6011,1,1,0,4,2,18.4444,59.06,0,152.618,15.312,4.648,1,3.201,4.759,0.586,1,6.224,1.902,3.933,0,1,0
1,23.613,0,2.7806,1,1,0,8,9,14.9185,50.676,0,77.353,8.382,14.156,1,32.144,16.418,6.629,1,43.138,56.729,0.357,0,1,0
1,35.7063,0,7.1891,0,1,0,2,2,15.7456,57.201,0,161.578,37.996,31.285,1,69.485,100.549,3.282,1,155.769,54.329,12.905,0,1,0
1,20.606,0,9.5581,1,1,0,12,3,10.4714,43.087,0,6.043,19.37,4.264,1,85.298,7.848,3.987,1,57.919,27.326,1.272,0,1,0
1,20.9139,0,2.1157,1,1,1,6,1,19.6205,62.843,0,49.818,99.822,31.978,1,31.312,48.282,9.819,1,99.646,34.342,9.052,0,1,0
1,30.1726,0,7.5071,1,1,0,6,5,21.0602,65.81,0,100.878,10.943,2.289,1,18.221,75.78,3.321,1,109.123,75.572,0.271,1,1,0
1,38.6592,0,14.9067,1,1,0,2,6,13.6927,75.945,0,118.689,68.859,6.658,1,49.304,8.68,8.058,1,64.714,70.304,47.63,0,1,0
1,34.302,0,14.6004,1,1,0,2,3,19.2524,51.725,0,142.797,49.065,28.935,1,8.451,54.961,0.369,1,60.161,59.474,0.37,1,0,0
1,31.3779,0,13.1913,1,1,0,5,1,33.6391,59.011,0,155.333,10.616,37.295,1,44.614,85.633,7.385,1,166.08,4.129,0.463,0,1,0
0,32.6779,0,19.1502,1,1,2,2,8,22.1227,41.472,0,174.908,136.899,10.033,1,1.449,9.074,3.391,1,207.139,3.496,0.857,0,1,0
1,38.1041,0,10.2084,1,1,0,6,2,18.8028,51.354,0,117.422,1.373,24.798,1,32.054,10.94,3.02,1,165.053,78.711,5.774,0,1,0
1,38.0823,0,18.4264,1,1,1,2,2,16.1052,52.027,0,2.598,207.52,19.644,1,68.601,91.743,3.092,1,60.821,34.181,1.191,1,0,0
1,38.1018,0,0.094,1,1,0,1,9,14.0646,59.553,0,64.184,72.361,2.422,1,42.313,28.273,4.326,1,77.223,6.632,4.713,0,1,0
0,38.8744,0,13.8053,1,1,0,2,1,16.0759,31.224,0,47.353,219.426,39.262,1,39.126,111.704,4.36,1,107.761,6.98,0.292,0,1,0
1,38.1889,0,8.0059,1,1,0,2,6,17.4894,57.103,0,15.882,46.819,1.517,1,49.411,1.604,3.919,1,113.628,4.471,25.96,0,1,0
0,23.3041,0,13.9371,0,1,2,8,2,19.4167,45.503,0,46.754,225.322,15.281,1,62.062,67.786,7.1,1,2.869,32.578,0.902,0,1,0
1,38.745,0,12.6381,1,1,1,0,6,15.3554,54.356,0,12.033,23.825,34.814,1,59.62,27.583,3.006,1,123.721,69.355,4.511,0,0,0
1,28.3207,0,13.9581,1,1,0,2,8,19.9165,51.577,0,76.098,75.713,4.344,1,68.391,44.229,3.388,1,202.932,1.349,8.909,0,1,0
1,25.9955,0,12.9457,1,1,0,6,2,10.2781,14.545,0,148.547,0.601,30.16,1,56.944,81.474,3.208,1,63.749,94.98,0.775,0,1,0
1,31.9472,0,13.0083,1,1,0,2,2,10.9351,31.815,0,69.246,39.153,28.085,1,19.333,54.553,9.306,1,132.123,34.045,29.202,1,1,0
0,28.8586,0,9.9417,1,1,0,2,2,13.1154,31.985,0,112.017,146.331,12.465,1,2.294,51.463,0.971,1,25.865,76.362,12.96,0,1,0
0,38.1681,0,15.4477,1,1,0,2,6,14.8181,79.505,0,68.664,214.84,10.198,1,62.316,44.463,3.538,1,143.799,66.766,34.147,0,0,0
0,33.3677,0,18.331,1,1,1,2,8,10.1032,50.943,0,142.55,180.982,53.534,1,52.612,10.717,1.532,1,1.625,56.228,0.77,0,1,0
1,38.3218,0,12.9251,0,1,1,1,6,15.5548,58.153,0,49.724,181.893,33.538,1,42.441,52.076,2.636,1,0.359,61.555,0.947,0,1,0
0,42.7171,0,20.8991,0,1,2,2,8,18.4287,58.694,0,157.812,46.87,12.983,1,37.551,55.348,3.52,1,31.625,76.511,0.286,1,1,0
1,38.1475,0,12.2978,1,1,0,6,2,11.6749,37.193,0,127.742,85.853,37.791,1,13.667,13.99,0.94,1,43.387,31.423,0.992,0,1,0
0,33.6675,0,14.0418,1,1,0,2,8,16.1624,59.513,0,170.485,27.333,2.886,1,86.484,76.723,3.931,1,7.769,74.87,0.258,2,1,0
1,38.0755,0,10.4252,1,1,0,2,3,10.401,59.837,0,142.482,248.563,19.132,1,69.319,68.26,1.013,1,12.269,56.121,5.051,1,1,0
0,38.6058,0,0.8908,1,1,0,2,6,14.3607,46.914,0,112.042,117.571,7.266,1,57.519,8.901,6.089,1,5.28,1.867,4.94,0,1,0
0,38.3205,0,19.6385,1,1,0,6,1,14.1783,57.863,0,10.607,5.361,20.53,1,44.485,60.674,5.788,1,47.222,94.681,0.077,0,1,0
0,28.7375,0,24.6611,1,1,1,2,7,12.0156,57.911,0,45.577,3.866,26.568,1,42.443,43.973,4.069,1,25.668,58.85,0.238,0,1,0
1,32.1858,0,10.8101,1,1,0,14,8,11.0325,54.651,0,51.836,146.953,16.332,1,84.192,57.974,7.762,1,61.39,55.365,0.11,0,0,0
1,30.1269,0,3.506,1,1,0,12,8,11.8641,74.244,0,100.092,84.373,23.197,1,42.144,87.239,3.942,1,111.941,98.471,5.177,0,1,0
1,26.6253,0,12.3587,1,1,2,2,8,12.445,22.085,0,145.553,145.848,13.162,1,40.221,56.982,4.973,1,39.066,58.851,0.171,0,1,0
1,30.4658,0,8.1703,1,1,0,2,2,10.4923,52.204,0,175.712,46.739,32.72,1,29.715,0.781,3.52,1,147.949,64.904,0.923,0,1,0
0,28.1593,0,10.6917,1,1,0,2,5,16.4425,40.624,2,121.111,20.819,2.274,1,32.025,68.51,1.561,1,60.773,61.981,0.723,0,1,0
1,37.3028,0,10.3442,1,1,2,6,2,12.7477,48.577,0,71.095,298.322,2.201,1,11.223,77.94,9.62,1,66.64,3.066,8.803,0,1,0
0,38.1299,0,19.2043,1,1,0,6,6,15.9624,56.16,0,122.31,19.751,23.158,1,59.876,15.913,4.339,1,95.761,68.626,0.68,0,1,0
0,25.7055,0,19.9245,1,1,1,2,2,16.5691,41.198,0,160.563,79.37,0.297,1,38.866,84.727,4.417,1,43.5,36.721,0.325,0,1,0
1,35.78,0,10.2269,0,1,1,0,8,18.508,65.205,0,71.853,257.15,33.935,1,1.398,27.613,3.784,1,65.032,39.472,0.87,0,1,0
1,28.103,0,13.0798,1,1,1,6,2,16.4649,52.093,0,53.893,40.371,32.041,1,9.098,90.579,4.08,1,2.141,91.256,0.511,0,1,0
1,21.127,0,19.8757,1,1,0,2,2,11.5915,59.541,0,163.802,-9.553,21.46,1,8.514,23.763,0.782,1,51.969,1.482,0.077,0,1,0
0,24.0423,0,10.9907,1,1,0,2,2,16.0814,24.89,0,379.912,249.298,11.464,1,63.304,51.063,3.622,1,205.26,54.552,1.613,0,1,0
0,38.0009,0,18.9392,1,1,0,2,2,15.6787,59.241,0,237.545,10.523,0.064,1,8.213,15.567,3.747,1,60.925,62.946,1.17,0,1,0
1,44.1096,0,7.1549,1,1,1,11,6,17.5294,49.854,0,160.884,-4.795,35.796,1,40.395,94.683,3.888,1,181.681,51.52,9.51,1,1,0
1,38.7352,0,12.5787,1,1,0,8,6,16.5107,52.947,0,123.093,7.558,3.157,1,58.592,187.349,7.376,1,11.628,70.063,3.262,0,0,0
1,30.795,0,13.8734,1,1,1,2,2,15.9467,56.594,0,165.044,74.956,37.124,1,8.73,78.783,3.181,1,5.251,45.776,1.132,0,1,0
1,22.1895,0,7.5417,1,1,1,2,8,17.9177,59.277,0,143.754,25.372,7.952,1,39.015,218.594,3.252,1,89.361,4.525,0.287,0,1,0
1,38.0455,0,16.9076,1,1,0,6,8,11.6711,59.63,0,172.85,48.296,19.716,1,8.371,21.784,3.231,1,85.735,63.87,2.972,0,1,0
1,30.707,0,10.1024,1,1,0,4,6,14.8565,52.943,0,62.48,18.417,21.928,1,49.435,10.3,2.049,1,92.208,5.22,16.081,0,0,0
1,23.1459,0,2.1198,1,1,0,2,6,16.4667,51.783,0,152.398,28.815,35.09,1,60.124,16.944,0.009,1,124.663,82.277,1.985,0,1,0
1,25.2758,0,10.5403,1,1,0,2,2,17.5455,64.59,0,119.886,80.365,23.995,1,53.989,62.993,5.15,1,155.765,76.921,2.777,0,1,0
1,38.6548,0,18.9254,1,1,0,0,9,16.425,52.044,0,147.714,77.538,32.152,1,46.093,98.489,0.429,1,66.313,56.558,2.513,1,1,0
1,31.9001,0,18.0347,1,1,0,2,2,13.0221,9.821,0,140.43,16.343,35.111,1,18.679,38.764,9.222,1,95.302,61.274,0.875,1,0,0
1,28.1821,0,14.2154,1,1,0,0,2,10.2242,44.304,0,172.179,42.243,3.97,1,12.438,72.963,9.312,1,13.426,89.681,3.577,0,1,1
0,30.6657,0,4.1851,0,1,1,3,2,13.5243,9.038,0,139.788,99.817,34.989,1,59.49,7.614,2.311,1,66.269,11.521,0.083,0,1,0
0,47.8735,0,19.738,1,1,1,18,2,16.4298,34.658,0,150.043,37.692,13.454,1,1.519,20.284,0.033,1,241.561,80.47,0.87,0,1,0
1,31.6758,0,24.6573,1,1,0,2,2,18.8481,59.72,0,123.815,316.317,3.648,1,44.394,86.214,2.018,1,72.968,40.559,0.879,0,1,1
1,33.6951,0,10.7037,1,1,0,8,1,10.6145,41.964,0,12.512,44.838,8.028,1,68.422,53.643,2.758,1,65.309,35.875,1.997,1,1,0
1,38.0055,0,17.6006,1,1,0,12,2,13.1914,41.964,3,90.893,220.922,6.69,1,60.545,0.244,2.522,1,43.121,92.19,4.081,0,0,0
1,28.2058,0,13.3377,1,1,1,2,6,11.3202,51.853,0,158.313,80.957,9.12,1,8.481,91.644,3.649,1,21.119,8.555,1.96,0,1,0
0,28.3758,0,17.6497,1,1,0,2,2,13.4106,48.827,0,166.688,217.388,39.225,1,49.825,15.797,2.586,1,8.139,73.572,1.128,0,1,0
1,28.8604,0,10.8013,1,1,0,2,2,15.5847,51.247,0,44.194,0.854,10.984,1,1.414,13.383,7.722,1,90.211,99.96,8.287,0,1,0
1,25.7535,0,12.8618,1,1,0,8,2,13.5115,62.604,0,4.857,19.395,0.254,1,57.189,23.444,0.752,1,33.288,18.111,0.622,0,1,0
0,32.9659,0,17.7058,1,1,1,4,5,18.1894,50.064,0,130.526,-82.981,20.011,1,49.86,122.464,7.487,1,162.088,91.956,0.237,0,0,0
1,26.1858,0,4.6029,1,1,0,6,2,10.5767,85.614,0,135.97,33.332,9.696,1,5.718,5.464,2.736,1,60.865,53.924,0.131,0,1,0
1,27.7302,0,12.1706,1,1,2,4,2,17.5123,59.23,0,58.412,127.312,6.748,1,3.305,69.081,7.342,1,99.661,58.487,0.033,0,1,0
1,32.8476,0,0.9217,0,1,1,2,5,16.8991,44.906,0,51.203,45.492,17.477,1,41.662,40.541,0.902,1,25.167,65.837,6.482,1,1,0
0,38.1762,0,19.9884,1,1,2,4,6,14.4025,51.015,0,8.751,195.956,37.693,1,2.314,189.893,0.779,1,56.168,80.453,31.636,0,1,0
1,28.1708,0,18.1781,1,1,0,2,8,19.4795,58.173,0,74.722,38.996,36.132,1,49.019,6.275,9.889,1,66.219,18.761,10.232,1,1,1
1,28.1996,0,7.5653,1,1,2,6,2,19.3651,59.164,0,42.15,318.376,30.362,1,41.403,40.847,0.622,1,105.711,34.015,11.686,0,1,0
0,38.7293,0,1.5483,1,1,2,2,5,13.5124,59.559,0,42.887,26.462,33.222,1,68.295,27.59,4.025,1,62.569,79.557,15.049,0,1,0
0,38.003,0,13.6579,1,1,1,1,5,11.5461,52.014,0,144.85,263.305,23.767,1,6.458,70.223,3.38,1,2.772,88.972,0.287,0,1,0
1,38.4068,0,7.6503,1,1,0,2,1,11.5595,59.81,0,55.514,221.867,2.061,1,47.098,8.211,9.488,1,57.189,91.942,0.123,0,1,0
1,35.8919,0,19.125,1,1,0,2,8,12.1828,50.277,0,139.989,241.695,29.938,1,56.614,93.693,3.129,1,21.749,58.726,0.988,0,0,0
0,38.9941,0,12.4753,1,1,2,2,2,12.4422,50.926,0,165.542,796.375,34.869,1,48.655,3.213,9.338,1,92.862,68.721,1.22,0,1,0
1,39.2724,0,17.9907,1,1,0,2,2,10.3622,51.866,1,88.653,1.616,21.616,1,9.942,146.215,5.913,1,101.659,31.82,2.267,0,1,0
0,32.9491,0,10.9589,1,1,0,6,2,10.4093,53.629,0,59.831,91.847,21.873,1,48.701,97.406,2.446,1,41.269,70.071,0.462,0,1,0
1,45.2641,0,12.9506,1,1,0,6,4,15.3563,37.205,0,84.443,764.813,3.983,1,12.214,49.298,8.413,1,63.284,8.98,21.687,0,1,0
1,38.7608,0,23.554,1,1,0,6,8,13.415,42.623,0,112.403,64.496,92.627,1,65.449,77.231,3.043,1,1.205,76.172,1.655,0,1,0
1,38.2865,0,7.0137,1,1,0,2,2,17.5018,1.402,0,83.983,216.392,5.932,1,59.489,50.571,0.101,1,1.651,28.171,0.503,0,1,0
0,28.8077,0,9.3601,1,1,0,2,1,15.5122,84.43,0,27.436,18.374,9.942,1,8.18,47.913,5.88,1,41.713,74.875,1.86,0,0,0
1,30.9668,0,13.0238,1,1,0,2,1,16.8542,53.129,0,5.838,94.816,1.21,1,43.499,6.964,6.313,1,29.169,72.895,2.213,1,1,0
0,28.804,0,19.5911,1,1,1,8,8,19.2655,53.975,0,55.713,686.88,23.992,1,17.313,10.134,3.264,1,72.669,77.824,9.277,0,0,1
1,38.485,0,14.6304,1,1,0,8,8,19.9179,59.846,0,189.306,97.856,10.218,1,1.96,19.974,5.609,1,1.626,82.548,1.118,0,1,0
0,28.3856,0,11.3772,1,1,0,6,4,18.1829,53.743,0,70.825,46.495,0.243,1,33.064,12.835,9.471,1,92.223,94.123,0.272,0,1,0
1,48.0807,0,2.5005,1,1,2,6,5,14.6675,56.946,0,175.278,216.874,34.502,1,49.215,84.781,26.309,1,22.29,86.072,0.128,0,1,0
1,37.2001,0,12.3607,1,1,2,7,6,15.2545,59.973,0,152.544,1.462,2.192,1,61.716,0.924,7.57,1,3.389,54.175,0.651,1,1,0
1,30.4958,0,2.1384,1,1,0,1,3,15.3701,46.343,0,107.17,265.719,29.692,1,40.689,1.513,5.02,1,100.291,80.529,1.52,0,1,0
0,28.6655,0,12.9944,0,1,0,1,2,10.5501,59.91,0,176.298,-20.463,39.657,1,7.629,54.134,2.817,1,35.668,84.475,20.372,0,1,1
1,35.3605,0,9.916,1,1,0,0,1,15.3651,36.245,0,130.802,188.555,35.198,1,52.586,42.666,6.669,1,140.769,98.17,3.087,0,1,0
1,35.62,0,13.0084,1,1,2,2,2,33.5714,59.243,0,132.472,53.06,32.478,1,0.66,75.503,3.828,1,95.15,56.073,1.997,0,1,0
0,28.1076,0,14.564,1,1,1,9,6,11.8369,17.646,0,134.003,7.357,36.148,1,19.932,58.69,4.66,1,145.345,91.957,0.963,1,0,0
0,38.6955,0,17.6544,1,1,0,2,8,13.1219,56.177,0,74.113,-44.822,24.461,1,36.153,86.417,3.316,1,12.112,54.33,5.76,0,1,0
0,28.3158,0,19.3857,1,1,0,8,1,12.0845,48.813,0,144.01,71.45,39.653,1,7.995,57.373,3.499,1,143.769,81.553,0.382,0,1,0
0,33.6257,0,19.5683,1,1,0,2,9,12.5117,59.877,0,147.414,19.35,3.218,1,41.122,146.264,3.149,1,69.763,53.919,2.107,0,1,0
1,20.1278,0,23.6588,1,1,1,1,9,12.4652,57.373,0,116.76,266.01,80.802,1,59.651,8.904,11.729,1,143.688,49.946,0.602,0,1,0
1,38.8862,0,25.4788,1,1,0,2,3,10.635,59.157,0,57.097,-10.078,34.164,1,47.947,94.401,8.074,1,90.114,88.731,0.077,0,1,0
0,38.3738,0,12.9868,1,1,2,7,6,13.5366,55.843,0,138.094,251.497,29.854,0,43.45,86.873,0.582,1,31.689,2.855,1.202,0,0,0
1,28.0771,0,0.3072,1,1,0,2,2,19.8498,59.145,0,140.43,15.916,3.139,1,56.545,102.781,9.382,1,91.185,27.954,8.921,0,1,0
1,22.6105,0,10.5134,1,1,2,4,6,14.5799,9.734,0,116.895,13.898,17.231,1,38.096,61.433,4.782,1,55.623,80.572,0.576,0,1,0
1,38.4089,0,8.017,1,1,0,5,2,10.8547,54.793,0,41.094,71.049,22.586,1,51.757,12.077,8.269,1,7.121,55.977,0.826,1,1,0
1,28.2008,0,8.9214,1,1,0,2,2,20.7628,56.891,0,81.88,111.49,9.492,1,43.656,97.061,3.04,1,61.149,88.95,0.993,0,1,0
1,35.4555,0,15.4109,1,1,0,2,2,10.6313,58.158,0,124.813,360.203,32.56,1,68.179,46.435,3.342,1,1.294,76.11,0.268,0,1,0
0,30.6721,0,10.171,1,1,2,12,9,19.4381,40.971,0,137.287,1.316,0.469,1,37.786,8.47,0.832,1,22.284,6.92,0.376,1,1,0
0,28.091,0,12.138,1,1,0,4,1,10.5147,52.255,0,176.83,40.354,6.24,1,40.228,50.21,7.462,1,0.456,84.316,1.97,0,1,0
0,35.1098,0,19.573,0,1,0,6,1,12.4157,56.823,0,149.182,26.358,32.068,1,2.483,150.364,3.219,1,276.719,46.07,1.437,0,1,0
1,38.304,0,19.8806,1,1,0,2,4,10.4517,48.579,0,51.051,119.766,13.912,1,8.313,18.34,0.283,1,11.399,88.295,0.992,0,1,0
0,23.0571,0,19.6585,1,1,0,2,2,13.1102,43.656,0,60.003,236.427,22.032,1,17.407,79.035,4.313,1,11.178,10.925,0.98,0,0,0
1,28.4139,0,16.3939,1,1,0,2,8,14.5747,55.564,0,60.713,240.337,37.016,1,81.711,113.903,2.716,1,13.707,84.555,0.674,0,1,1
1,35.6759,0,19.6151,1,1,0,2,2,10.8544,59.915,0,195.274,472.807,39.458,1,96.616,152.054,6.349,1,9.751,88.726,6.861,0,1,0
0,27.7425,0,14.8108,1,1,0,2,2,11.0796,38.993,0,19.816,45.852,26.998,1,69.616,10.508,9.363,1,3.262,1.167,1.777,0,1,0
1,38.1751,0,10.5819,1,1,2,4,2,13.308,47.024,0,175.353,793.392,30.584,1,63.151,17.507,0.661,1,69.115,51.924,0.573,0,1,0
1,28.4001,0,15.0059,1,1,2,8,2,12.1314,58.62,0,136.293,26.872,6.668,1,41.482,22.723,6.935,0,65.265,37.569,1.233,0,0,0
0,29.6057,0,12.5303,0,1,2,14,2,22.6097,59.94,0,135.202,19.306,9.952,1,41.639,84.955,8.918,1,92.273,89.75,0.672,0,1,0
1,24.6833,0,11.8821,1,1,0,2,2,19.9357,54.013,0,169.591,52.302,8.574,1,5.681,68.233,8.75,1,65.461,74.83,1.692,0,1,0
0,30.5201,0,11.1571,1,1,1,2,1,18.6679,58.74,0,153.054,355.825,11.957,1,4.63,67.707,8.329,1,96.693,87.312,0.486,0,1,0
1,35.791,0,3.6093,1,1,0,2,3,15.4274,56.954,0,14.589,-9.698,26.961,1,52.021,26.093,2.228,0,1.019,74.321,0.815,0,1,0
0,35.1095,0,7.531,1,1,0,1,7,12.0255,57.365,0,140.55,428.943,2.639,1,1.404,12.678,3.925,1,19.276,78.208,0.175,0,1,0
1,39.6056,0,10.6504,1,1,0,6,2,19.4127,54.23,0,137.043,19.328,13.714,1,48.085,63.964,6.449,1,7.213,70.995,0.067,0,1,0
1,21.0845,0,3.4009,1,1,0,2,5,16.4617,59.129,0,150.049,347.348,3.492,1,1.199,45.904,3.665,1,92.05,15.458,0.937,0,1,0
1,28.675,0,4.0985,1,1,0,2,8,10.4994,3.814,0,149.596,98.173,13.093,1,3.199,176.603,6.848,1,10.109,45.184,0.901,0,1,0
0,38.3072,0,11.9959,1,1,0,2,6,14.9844,53.464,0,7.298,23.231,36.586,1,42.671,0.905,8.271,1,81.111,18.584,0.687,1,1,0
1,38.1019,0,17.9781,1,1,0,10,2,13.6156,59.676,0,190.802,217.413,22.282,1,18.454,48.422,4.119,1,109.36,65.328,9.279,0,1,0
1,36.0646,0,11.1065,0,1,0,4,2,16.74,51.653,0,112.878,75.302,39.211,1,42.832,67.221,4.214,1,51.965,66.526,0.52,0,1,0
1,30.338,0,13.9793,0,1,0,8,2,14.4629,57.934,0,100.913,10.352,9.198,1,9.225,64.418,3.851,1,1.512,208.991,0.008,0,0,1
1,34.8479,0,4.9201,1,1,0,12,9,12.002,48.404,0,69.712,19.374,2.223,1,9.792,42.427,1.788,1,148.661,89.023,0.051,0,1,0
0,30.4578,0,19.5461,0,1,0,2,2,18.8667,40.899,0,141.408,81.971,39.774,1,61.117,30.002,7.658,1,89.749,43.175,0.072,0,1,0
0,32.1868,0,18.337,1,1,0,2,6,10.684,69.825,0,159.923,18.435,0.697,1,74.133,78.208,0.132,1,10.276,98.531,0.16,0,1,0
1,38.0761,0,5.2074,1,1,0,1,6,13.4165,55.853,0,153.091,20.478,33.716,1,51.019,26.914,2.759,1,65.611,36.75,0.778,0,1,0
1,38.8155,0,11.6547,1,1,0,12,2,15.4229,57.943,0,119.886,30.366,39.362,1,18.743,103.716,3.342,1,53.902,58.086,0.264,0,1,0
1,38.9725,0,16.0173,1,1,0,4,2,13.842,61.906,0,0.75,146.955,39.691,1,42.312,46.109,3.899,1,95.824,74.46,0.292,0,1,0
1,38.6576,0,0.5858,1,1,1,2,8,18.8189,45.203,0,23.418,69.858,24.753,1,1.084,23.636,0.467,1,3.116,81.771,5.202,0,1,0
1,39.1582,0,10.975,1,1,2,2,1,17.9725,56.376,0,115.24,18.2,1.614,1,8.023,99.342,4.282,1,7.921,54.316,6.425,0,1,0
0,28.1955,0,18.915,1,1,0,8,9,18.5676,51.027,0,172.118,27.303,8.26,1,43.518,40.428,7.922,1,2.619,61.188,0.777,0,1,0
1,23.1979,0,11.5601,1,1,2,1,2,23.4061,38.999,0,146.077,5.706,30.722,1,16.119,100.717,3.946,1,3.758,8.951,0.135,0,1,0
1,48.1665,0,11.9008,1,1,0,2,8,18.7066,54.585,0,145.98,-10.54,0.038,1,53.034,88.216,8.629,1,93.285,63.953,2.971,0,1,0
1,38.7,0,12.867,1,1,0,2,3,13.4664,58.919,0,195.882,44.315,19.982,1,48.497,17.917,5.047,1,6.333,72.871,4.649,1,0,0
0,34.329,0,19.5404,1,1,1,2,6,13.8155,59.954,0,26.149,114.483,8.872,1,60.392,81.718,8.304,1,66.773,11.455,2.962,0,1,0
1,32.611,0,5.6811,1,1,0,3,2,17.0305,22.885,0,178.521,640.876,39.914,1,44.252,8.104,4.027,1,9.249,14.141,0.473,0,0,0
1,35.2097,0,16.5456,1,1,0,2,1,15.5497,56.33,0,9.042,107.021,11.914,1,61.203,66.553,2.549,1,17.253,5.356,1.175,0,1,0
0,28.6525,0,10.0013,1,1,2,2,2,14.3724,55.915,0,130.252,110.643,33.24,1,96.422,41.043,3.716,1,69.266,60.113,0.382,0,0,0
1,30.1657,0,15.9754,1,1,0,5,2,11.5843,41.521,0,150.885,13.253,3.332,1,61.119,75.425,2.956,1,99.776,58.168,0.132,0,1,0
0,28.0205,0,7.5051,1,1,0,6,2,17.678,36.156,0,73.216,140.758,6.67,1,60.393,43.494,2.943,1,351.253,18.525,6.112,0,1,0
1,33.3241,0,32.8701,1,1,2,2,6,14.1995,49.818,0,58.586,276.517,20.299,1,40.013,8.28,6.588,1,103.259,59.881,0.532,0,1,0
0,38.005,0,18.7027,1,1,2,2,2,14.2548,58.634,0,142.216,134.806,14.248,1,12.198,45.783,9.933,1,11.141,54.545,0.922,1,1,0
1,37.205,0,10.9907,1,1,0,2,6,15.0102,6.436,1,118.138,27.346,2.263,1,48.502,47.284,4.412,1,25.149,81.923,0.942,0,1,0
1,30.0231,0,10.6207,1,1,0,6,1,15.4755,53.014,0,145.156,77.225,22.156,1,1.44,8.404,0.136,1,85.621,82.675,0.773,0,1,1
1,32.6801,0,18.1007,1,1,0,2,4,15.9646,41.822,0,174.886,26.945,1.452,1,80.154,58.712,3.539,1,46.202,56.855,0.872,0,1,0
1,32.9695,0,16.8783,1,1,2,1,8,15.0744,59.726,0,44.598,33.067,33.95,1,57.116,4.06,9.338,1,43.213,77.075,0.372,0,1,0
1,38.1072,0,8.6776,1,1,0,12,6,15.1486,48.956,0,108.074,17.256,0.21,1,4.313,24.534,0.724,1,2.323,60.896,0.058,0,1,0
1,32.1729,0,18.5386,1,1,2,2,2,18.2177,53.664,0,167.833,17.119,3.423,1,43.154,84.473,2.605,1,33.069,43.97,1.162,0,0,0
1,37.6099,0,3.1367,1,1,1,6,6,13.0445,53.615,0,100.49,13.45,36.296,1,13.064,7.035,2.949,1,1.043,10.938,0.972,0,1,0
1,37.3617,0,14.7309,1,1,0,2,2,15.4158,50.546,0,75.031,5.395,3.714,1,5.332,50.384,0.055,1,99.281,74.856,0.683,0,1,0
1,28.308,0,10.6925,1,1,0,6,2,19.8243,49.246,0,158.783,22.374,6.724,1,8.39,103.413,9.701,1,157.759,68.256,6.619,0,1,0
1,20.8821,0,12.0001,1,1,0,2,7,16.4395,69.592,0,61.359,219.951,30.569,1,19.022,97.015,3.608,0,37.289,54.31,5.077,0,1,0
1,25.3238,0,14.4677,1,1,1,2,8,16.5095,57.72,0,66.092,26.059,35.114,1,53.781,87.177,8.361,1,25.121,1.936,41.36,0,1,0
0,38.473,0,10.9561,1,1,0,6,2,15.6345,57.85,0,141.383,286.843,31.19,1,48.124,24.284,8.5,1,47.265,32.257,8.058,0,1,0
1,33.7846,0,12.1309,1,1,1,10,9,18.5425,58.825,0,140.095,212.916,20.483,1,7.694,6.716,9.46,1,179.224,1.082,0.283,0,1,0
0,20.7085,0,15.1687,1,1,2,2,1,12.3154,49.6,1,197.827,27.68,20.792,1,58.897,87.113,4.333,1,7.05,15.327,1.257,1,1,0
0,38.174,0,24.6397,1,1,0,8,8,13.9885,59.825,0,199.888,65.952,4.263,1,147.582,90.431,4.461,1,32.324,80.518,1.127,0,1,0
1,38.2872,0,9.0463,1,1,1,2,5,16.4716,37.912,0,186.172,14.806,0.139,1,46.911,46.186,7.512,1,72.774,60.171,1.12,0,1,0
0,38.0078,0,10.609,1,1,0,2,2,14.0301,54.825,0,31.718,45.457,32.917,1,9.186,90.101,2.786,1,98.011,80.871,8.176,0,1,0
1,35.8775,0,13.5507,0,1,1,18,7,15.4351,19.864,0,78.583,243.302,12.953,1,59.229,2.005,6.629,1,1.119,69.07,1.092,0,0,0
1,38.1057,0,17.9093,1,1,2,9,2,16.8651,50.915,0,102.384,89.876,0.814,1,68.352,43.51,2.725,1,10.077,54.124,0.577,1,1,0
1,34.2428,0,4.8837,1,1,2,1,2,16.4398,51.555,0,100.757,-91.444,10.185,1,41.242,1.185,8.72,1,120.065,77.68,0.014,0,1,0
0,20.6772,0,1.6319,1,1,0,8,6,14.4446,1.684,0,152.834,40.336,15.282,1,39.495,66.089,4.314,1,75.157,86.573,1.02,0,1,0
1,33.2218,0,0.4089,1,1,1,2,8,15.8686,58.276,0,175.268,-3.87,34.959,1,62.67,38.098,8.646,1,88.4,5.089,0.862,0,1,0
0,36.875,0,10.6776,1,1,0,2,3,18.2025,37.704,0,49.003,23.591,34.184,1,17.412,7.274,34.74,1,11.911,43.22,0.158,0,1,0
0,38.6781,0,2.4404,1,1,0,1,6,10.1251,39.91,0,10.712,505.898,2.064,1,19.468,78.219,0.339,1,65.408,76.47,2.61,0,1,0
0,38.1638,0,17.8309,1,0,0,2,5,13.4918,50.656,0,164.697,85.386,23.277,1,68.178,30.2,3.285,1,41.516,56.971,1.536,1,1,0
0,34.0612,0,10.4432,1,1,0,6,2,16.6431,9.243,0,247.084,302.878,32.188,1,8.012,67.915,5.668,1,191.038,76.841,1.378,0,0,0
1,30.0221,0,5.1041,1,1,0,2,8,15.2428,54.117,0,15.042,7.776,26.351,1,6.414,196.002,9.381,1,49.662,32.12,0.502,0,0,1
1,38.3061,0,10.4248,1,1,1,2,2,15.4557,46.865,0,43.398,7.958,30.552,1,69.428,16.414,8.91,1,105.261,76.823,0.217,0,1,0
0,24.8065,0,17.9156,1,1,0,4,2,14.0041,44.22,0,37.712,10.653,9.925,1,49.103,6.593,7.228,1,108.72,54.762,2.072,0,1,0
0,30.4653,0,15.9021,1,1,0,8,1,19.9795,59.79,0,246.602,49.514,22.996,1,60.141,6.42,0.32,1,80.359,4.957,0.132,0,1,0
0,26.4051,0,18.4387,1,1,0,8,2,16.4405,54.415,0,53.004,217.816,39.88,1,43.899,107.17,4.331,1,162.121,53.925,0.281,0,1,0
0,28.9026,0,6.1739,1,1,0,6,3,14.7207,78.56,0,272.108,147.857,39.275,1,22.019,38.328,2.361,0,17.059,61.175,0.257,1,1,0
1,28.1541,0,17.9015,1,1,0,0,2,13.1104,54.01,0,148.447,113.816,0.875,1,44.422,17.928,8.344,1,30.019,85.146,0.339,0,0,0
0,30.103,0,11.1701,1,1,0,2,2,10.8327,50.846,0,24.886,20.993,32.422,1,49.644,40.633,70.302,1,306.053,15.37,0.267,0,1,0
1,60.3852,0,19.9784,1,1,0,5,9,13.2823,64.49,0,117.382,261.401,19.592,1,97.545,56.35,2.919,1,189.169,78.189,7.362,0,1,0
1,36.867,0,12.9303,1,1,0,2,3,11.4454,58.056,0,174.828,19.596,10.232,1,67.394,1.979,3.284,1,22.771,54.935,0.675,0,1,0
1,34.3688,0,13.3051,1,1,1,2,8,11.0144,59.496,0,10.503,15.426,36.169,1,41.894,46.945,34.177,1,67.26,85.723,0.778,1,0,0
0,32.6028,0,11.9083,1,1,0,2,8,11.5633,54.975,0,139.715,46.103,30.678,1,96.917,66.341,0.347,1,37.529,74.872,0.964,0,1,0
1,22.6009,0,13.6688,0,1,2,2,7,25.6716,66.204,0,79.545,10.314,37.956,1,9.728,71.959,7.331,1,0.203,56.776,0.672,0,1,0
1,20.0375,0,14.6003,1,1,0,2,2,14.5195,50.814,0,112.649,47.457,6.886,1,11.124,118.935,4.399,1,11.639,51.575,3.57,0,1,0
0,24.0835,0,14.0613,1,1,0,2,6,11.6097,51.146,2,80.182,40.456,14.353,1,42.783,94.914,4.511,1,0.11,81.552,7.667,0,1,0
0,20.5038,0,14.027,1,1,1,2,8,12.7987,59.143,0,117.554,238.28,19.712,1,78.097,66.494,5.384,1,76.765,6.957,1.577,0,1,0
1,28.583,0,7.931,1,1,0,2,2,14.4734,56.833,0,156.515,22.35,26.462,1,47.058,59.293,3.501,1,91.529,47.373,1.642,0,1,0
1,30.1721,0,6.6209,1,1,0,2,2,16.6744,43.913,0,89.482,611.486,31.321,1,1.351,10.675,9.529,1,7.782,39.427,9.679,0,0,0
1,28.224,0,9.6069,1,1,0,6,8,10.6101,159.877,0,73.544,45.896,16.926,1,41.174,2.783,4.44,1,6.912,24.746,0.228,0,1,0
1,26.6559,0,17.9109,1,1,2,6,8,11.245,40.035,0,72.635,270.356,13.288,1,41.25,42.015,0.859,1,7.066,74.741,0.139,0,1,0
1,30.181,0,13.3,1,1,0,1,6,10.4344,52.091,0,13.197,86.636,7.292,1,68.006,2.703,9.914,1,7.353,74.421,0.578,0,0,0
1,35.6054,0,1.0679,1,1,0,2,3,48.5234,56.676,0,145.793,51.815,19.274,1,94.504,70.204,4.38,1,5.927,2.272,0.597,0,1,1
1,30.6571,0,5.6383,1,1,0,1,5,18.8774,40.214,0,524.539,16.847,30.635,1,57.322,6.965,3.783,2,94.066,86.476,9.282,0,0,0
1,20.4805,0,10.0411,1,1,0,2,8,16.0391,57.585,0,32.033,12.829,23.772,1,43.098,21.528,1.342,1,4.113,19.915,0.287,0,1,0
1,30.6258,0,9.1098,1,1,0,2,5,12.5117,56.195,0,72.853,100.874,34.019,1,5.739,0.062,4.979,1,163.104,88.94,9.64,0,0,0
1,33.4911,0,19.9952,1,1,0,2,7,14.0557,14.659,0,114.493,18.613,32.239,1,1.464,11.72,2.881,1,2.366,4.216,0.932,0,1,0
1,25.1779,0,29.8477,1,1,0,0,6,17.3225,82.264,0,100.618,78.413,2.142,1,53.374,40.41,7.025,1,23.152,95.251,1.662,0,1,0
1,38.6528,0,10.8061,1,1,0,2,3,11.4612,47.724,0,174.53,37.364,2.792,1,59.44,22.954,4.941,1,197.173,89.727,0.902,0,1,0
1,31.4625,0,20.1029,1,1,0,5,8,12.9182,52.916,0,195.78,549.356,31.122,1,8.37,292.78,19.229,1,29.462,80.87,1.132,1,1,0
1,30.07,0,19.8017,1,1,0,2,4,15.4184,44.832,0,92.542,27.798,32.799,1,48.602,56.439,9.58,1,0.333,61.876,0.075,0,1,0
0,38.4158,0,0.2486,1,1,0,8,2,13.7414,59.94,0,30.868,57.864,36.296,1,71.952,60.822,0.372,1,50.265,78.244,0.405,0,1,0
1,38.829,0,19.938,1,1,0,2,1,10.9259,59.87,0,122.278,7.974,6.938,1,2.022,97.017,3.118,1,205.902,92.255,0.187,0,1,0
0,38.265,0,19.9735,1,1,0,2,7,11.4841,46.91,0,145.574,5.492,31.275,1,52.74,46.333,3.389,1,5.719,68.55,2.549,0,1,0
1,23.2675,0,22.9607,1,1,0,4,2,15.8091,50.623,0,142.016,10.242,10.157,1,41.174,47.518,2.726,1,21.719,73.451,0.074,0,0,0
1,39.7757,0,17.2298,1,1,0,2,6,17.5715,48.906,0,114.083,209.303,0.568,1,6.135,44.483,9.305,2,51.169,213.779,1.989,0,0,0
1,35.2006,0,10.4467,1,1,0,2,2,17.1059,58.604,0,49.403,27.553,20.044,1,2.484,82.564,4.912,1,74.783,68.562,0.923,0,1,0
0,28.1297,0,19.9372,0,1,0,2,2,16.4127,51.814,0,132.152,9.89,32.188,1,4.764,47.76,2.936,1,11.221,74.875,0.172,0,1,0
1,22.3843,0,13.2291,1,1,0,6,2,15.8982,60.243,0,141.853,146.145,14.431,1,90.333,5.483,4.459,1,43.661,71.153,5.273,0,1,0
1,38.8224,0,21.5472,1,1,1,2,2,13.5048,42.147,0,197.189,18.356,39.811,1,9.683,70.834,4.764,1,41.023,33.101,0.578,0,1,0
1,34.5875,0,7.9353,1,1,0,8,1,15.7462,1.996,0,131.182,23.394,23.912,1,48.612,56.783,7.321,1,97.956,67.836,0.202,0,1,0
1,34.6029,0,17.6183,1,1,0,6,9,14.7095,40.83,0,14.102,710.459,30.87,1,59.146,9.693,9.131,1,41.339,72.139,0.04,0,1,0
1,28.48,0,19.9643,1,1,2,4,2,12.5756,54.849,0,107.181,-9.161,20.395,1,37.326,42.595,8.733,1,0.167,83.655,2.502,1,1,0
1,23.377,0,5.0928,1,1,2,2,5,11.9725,59.098,0,110.522,140.554,30.924,1,98.105,24.92,9.642,1,103.688,36.971,7.808,0,1,0
1,35.4675,0,19.9308,1,1,0,1,6,18.084,46.946,0,15.007,14.386,5.692,1,54.614,18.599,7.859,1,8.54,68.985,0.21,0,1,0
1,29.8453,0,2.8142,1,1,1,2,2,15.5882,59.643,0,79.814,45.849,19.132,1,44.406,6.521,7.52,1,61.262,56.772,1.713,0,1,0
1,38.8753,0,10.5163,1,1,1,2,2,36.0652,55.845,0,156.813,16.076,2.272,1,67.699,56.296,9.382,1,43.511,78.032,0.773,0,1,0
1,38.0309,0,11.631,1,1,2,2,6,14.9343,47.964,0,51.338,76.352,6.139,1,8.214,8.004,3.238,1,16.126,34.721,0.002,0,0,0
1,30.0748,0,6.9588,1,1,0,1,8,11.5081,54.324,0,12.702,17.252,21.045,1,12.058,67.424,2.253,1,11.093,7.877,4.972,0,1,0
1,33.6659,0,4.9477,1,1,0,6,4,16.6627,47.847,0,170.688,6.358,29.956,1,21.055,74.594,4.089,1,19.113,46.516,9.627,0,1,1
1,35.0078,0,17.1609,1,1,1,2,3,15.4111,59.824,0,96.789,8.542,21.139,1,25.755,90.268,6.532,1,101.119,81.493,0.08,0,1,0
0,30.9434,0,14.135,0,1,0,8,1,11.5039,92.511,0,173.025,49.716,99.939,1,74.948,30.234,9.021,1,101.947,56.56,1.777,0,1,0
0,33.8378,0,12.948,1,1,0,3,6,12.8654,86.854,0,136.72,9.216,23.983,1,34.115,77.67,8.702,1,9.164,99.15,0.782,0,1,0
0,20.645,0,2.0623,1,1,0,2,1,17.3091,45.943,0,154.025,245.256,20.926,1,19.102,13.51,4.393,0,7.103,53.957,2.712,0,1,0
1,34.1008,0,10.9727,1,1,0,1,2,19.965,57.023,0,145.271,106.865,36.275,1,48.35,76.537,5.339,0,51.003,74.003,1.563,0,1,0
1,37.2263,0,13.9603,1,1,0,8,1,25.1806,41.426,0,22.778,66.156,21.768,1,66.741,74.363,6.619,1,37.669,17.556,0.07,0,1,0
1,32.486,0,13.0584,1,1,0,8,2,14.615,76.904,0,246.354,8.444,0.094,1,17.853,146.393,4.32,1,49.049,1.605,3.381,0,1,0
1,20.5955,0,15.9683,1,1,1,6,6,12.5487,22.514,0,105.013,746.453,26.153,1,16.218,14.557,3.349,1,161.377,34.446,0.933,0,1,0
0,28.107,0,1.91,1,1,2,8,2,11.4137,59.993,0,174.045,68.955,7.769,1,12.281,70.436,2.533,1,61.761,88.128,0.671,0,0,0
1,38.8763,0,19.5928,1,1,1,8,2,16.4607,51.906,0,142.031,80.116,2.728,1,69.432,149.226,2.722,1,2.543,4.331,0.772,0,1,0
0,25.485,0,0.4078,0,1,0,2,2,11.6109,54.107,1,155.201,277.432,1.468,1,2.763,0.794,4.345,1,167.662,29.275,3.177,0,0,0
1,35.3281,0,15.0961,1,1,0,16,2,25.4767,50.121,0,175.869,149.243,2.922,1,30.213,91.008,4.34,1,3.289,81.125,0.272,0,1,0
1,38.1659,0,17.6487,1,1,0,2,2,10.8456,58.892,0,147.592,279.56,27.374,1,49.663,12.963,4.049,1,0.121,16.878,0.713,0,1,0
1,20.6028,0,18.8705,1,1,0,1,9,15.5244,46.85,0,89.566,10.249,3.831,1,23.57,15.589,9.282,1,7.179,11.419,0.947,0,0,0
1,33.4579,0,12.6459,1,1,0,2,8,12.4162,36.145,0,151.489,8.066,23.73,1,41.399,8.118,4.139,1,75.765,58.345,0.596,0,0,0
0,38.0229,0,16.9384,0,1,1,6,4,18.8654,41.0,0,122.888,32.376,23.551,1,2.128,6.283,0.258,1,70.263,1.35,0.077,0,1,0
1,30.3045,0,15.6783,1,1,2,2,8,11.6337,59.82,0,160.518,9.853,10.228,1,61.111,1.904,9.612,1,95.721,74.925,0.932,0,1,0
1,31.8093,0,17.0235,1,1,1,8,2,11.5651,56.229,0,120.511,45.93,23.032,1,19.935,170.445,9.162,1,72.927,81.311,1.678,0,1,0
1,32.1071,0,16.1326,1,1,0,8,6,16.0403,59.699,0,169.771,330.616,2.863,1,19.615,44.675,2.064,1,23.269,11.421,10.962,0,1,0
0,28.842,0,17.6681,1,1,0,2,5,16.4692,62.964,0,70.902,-85.462,0.238,1,16.043,147.566,6.644,1,16.653,41.053,0.827,1,1,0
1,30.4724,0,2.0378,1,1,0,0,6,15.6475,29.963,0,111.711,1.877,2.152,1,2.102,39.115,6.232,1,29.984,3.251,4.818,0,1,0
0,11.1271,0,8.2454,1,1,0,5,6,11.6056,97.923,0,138.024,80.802,31.653,1,8.893,87.78,1.009,1,122.956,63.818,7.572,0,1,0
1,30.6211,0,7.5603,1,1,0,2,4,13.1241,50.57,0,74.496,7.75,19.798,1,73.026,20.597,19.933,1,33.133,44.358,11.572,0,1,0
1,20.0818,0,13.6013,1,1,0,8,2,16.4222,82.124,0,104.353,45.515,39.515,1,76.319,113.416,3.88,1,25.673,56.124,0.052,0,1,0
1,22.187,0,14.6234,1,1,0,2,2,12.2821,49.576,0,175.716,42.168,16.501,1,3.122,17.433,2.689,1,11.471,297.792,0.989,0,1,0
1,40.1473,0,18.104,1,1,0,8,6,14.6264,64.12,0,12.422,19.957,10.962,1,48.284,48.936,7.38,1,140.159,11.379,1.713,0,1,0
1,33.5058,0,19.3663,1,1,0,6,9,13.8443,55.665,0,14.53,15.183,2.276,1,8.612,56.543,1.144,1,133.252,8.175,20.902,0,1,0
1,20.5402,0,11.9669,1,1,0,2,1,16.1345,51.241,0,139.59,381.905,0.658,1,68.319,6.407,5.384,1,11.635,74.771,4.879,0,1,0
0,22.6834,0,19.1008,1,1,0,6,8,16.3649,56.853,0,102.873,121.894,33.634,1,68.155,33.231,3.145,1,85.123,54.801,0.074,0,0,0
1,38.1576,0,12.5323,1,1,1,2,2,11.6062,41.464,0,3.58,307.306,34.765,1,65.468,40.424,8.292,1,66.568,71.319,0.563,0,1,0
1,23.0126,0,12.8406,1,1,1,6,2,17.4705,59.555,1,132.387,211.362,12.046,1,50.255,11.584,4.656,1,101.337,319.87,5.915,0,1,0
1,30.8913,0,18.9393,1,1,0,1,1,15.5101,68.456,0,133.833,29.863,39.196,1,66.458,66.724,1.96,1,35.169,55.621,22.947,0,0,0
1,35.5653,0,12.314,1,1,1,1,9,12.4269,54.964,0,72.162,4.353,33.474,1,92.426,71.979,9.372,1,95.063,47.1,0.815,1,1,0
1,38.1965,0,18.952,1,1,1,2,5,20.5493,72.229,0,124.139,-83.85,26.222,1,29.161,88.903,4.362,1,6.165,84.958,0.711,0,1,0
1,29.3651,0,5.0072,1,1,0,5,1,18.5225,52.433,0,147.881,53.359,18.042,1,52.58,40.505,3.102,1,61.965,80.347,1.463,0,1,0
1,38.0805,0,3.9791,1,1,1,2,6,16.5954,56.634,0,89.553,410.457,6.471,1,54.298,0.739,1.862,1,10.267,61.748,0.282,0,1,0
1,38.1126,0,10.4543,1,1,0,6,6,18.1027,57.134,0,55.541,347.879,0.777,1,77.685,10.564,2.536,1,19.123,37.345,1.072,0,1,0
1,28.6753,0,10.9138,1,1,0,11,2,12.4654,56.42,0,115.106,97.314,6.291,1,0.148,82.224,9.725,1,119.261,66.865,1.924,0,1,0
0,37.9675,0,10.6376,0,1,0,2,2,13.0295,58.805,3,144.836,91.352,28.288,1,2.454,23.795,0.303,1,101.568,8.286,0.067,0,1,0
1,48.3492,0,10.6591,1,1,1,1,6,13.7455,54.619,0,42.044,7.757,20.493,1,60.424,13.503,1.338,1,62.162,74.021,0.947,0,1,0
1,28.8699,0,27.9616,1,1,0,2,2,14.4992,56.338,0,74.882,1.318,4.462,1,59.499,60.704,6.048,1,72.651,85.776,0.068,1,1,0
1,34.4279,0,13.9739,1,1,2,2,6,14.2094,52.234,0,162.538,49.419,12.628,1,28.763,88.275,6.339,1,90.11,64.359,0.677,0,0,0
1,25.9473,0,0.5317,1,1,0,2,2,12.4611,55.074,0,3.623,10.418,17.224,1,2.398,10.981,6.488,1,19.699,74.015,0.087,0,1,0
0,31.4033,0,15.933,1,1,0,2,5,11.5042,38.103,0,199.459,26.316,27.596,1,49.204,59.683,7.366,1,97.661,1.076,0.002,0,1,0
0,48.3756,0,10.308,1,1,0,2,2,16.4679,18.014,0,4.756,45.096,1.995,1,52.911,51.733,3.888,1,50.665,82.071,0.972,1,1,0
1,38.6869,0,3.961,1,1,0,2,3,15.1914,49.144,0,44.828,51.361,39.856,1,87.422,98.413,2.281,1,190.122,73.171,4.21,0,1,0
1,35.707,0,20.6453,1,1,0,2,2,16.7459,55.918,0,2.593,161.37,26.123,1,46.251,102.98,3.439,1,82.756,92.775,1.922,1,0,0
0,28.187,0,0.944,1,1,1,14,2,19.5341,73.644,0,84.067,85.351,22.454,1,1.221,26.417,3.38,1,95.639,58.746,1.073,0,0,0
1,38.6003,0,2.9583,1,1,0,2,3,15.611,54.625,0,132.711,46.21,2.956,1,33.599,109.943,8.342,1,6.219,92.65,0.507,0,0,1
1,38.3693,0,19.4011,0,1,0,2,5,13.2307,56.096,0,79.782,85.165,36.954,1,29.528,7.681,9.569,1,109.924,28.462,0.264,0,1,0
0,38.357,0,11.31,1,1,1,1,2,14.3574,59.241,0,212.69,75.745,3.838,1,42.396,87.454,5.979,1,92.769,85.426,0.975,0,1,0
1,37.181,0,18.6789,1,1,0,2,6,11.4784,84.054,0,154.849,141.395,10.042,1,68.913,90.591,6.128,1,69.251,38.52,3.216,0,1,0
0,20.108,0,15.8241,1,1,0,2,2,12.4491,44.553,0,26.117,-98.355,28.354,1,0.343,38.913,3.242,1,131.319,74.979,0.073,0,0,1
1,28.3679,0,12.3138,1,1,0,2,6,17.9487,42.473,0,179.707,146.535,12.211,1,56.624,97.834,0.363,1,61.723,16.876,1.172,0,1,0
0,24.8728,0,3.9599,1,1,1,2,8,11.2655,58.52,0,8.922,18.529,30.983,1,58.427,16.996,3.3,0,53.16,14.278,10.774,0,1,0
0,38.7753,0,19.3943,1,1,0,12,6,15.7855,66.324,0,42.78,41.319,6.194,1,58.099,2.777,7.344,1,62.767,25.575,0.917,0,1,0
1,38.1394,0,4.8612,1,1,2,2,2,14.5099,41.139,0,22.718,52.451,24.554,1,29.409,77.524,23.039,1,17.051,19.611,1.107,0,1,0
0,38.4549,0,15.1396,1,1,1,8,5,10.4451,61.149,0,141.598,7.819,74.452,1,46.935,16.72,1.019,1,42.154,24.156,0.28,0,1,0
0,38.7563,0,3.6327,1,1,2,0,2,14.8847,44.933,0,130.882,245.416,39.168,1,69.104,106.589,3.916,1,6.851,94.588,5.96,0,0,0
1,28.4914,0,14.6067,1,1,0,1,4,18.4496,41.407,0,85.713,46.882,13.154,1,1.704,58.978,5.752,1,103.282,46.875,0.018,0,0,0
1,28.943,0,2.3179,1,1,0,2,8,10.5018,57.827,0,99.59,40.835,32.916,1,6.268,42.587,9.389,1,82.126,34.423,9.577,0,1,0
0,38.0009,0,7.401,1,1,1,4,5,18.4589,56.352,0,68.208,20.487,32.692,1,87.012,47.283,4.78,1,141.651,44.117,0.19,0,1,0
0,21.1003,0,16.9512,1,1,0,2,8,12.4261,52.029,0,58.592,180.525,21.18,1,67.153,19.587,3.3,1,40.253,61.566,0.513,1,0,1
0,28.6674,0,10.8356,1,1,2,2,8,10.6634,25.831,0,124.591,215.118,8.279,1,70.499,0.401,4.485,1,69.375,78.543,0.916,0,1,0
1,28.6495,0,7.8506,1,1,2,1,8,11.5421,67.82,0,172.189,41.876,29.465,1,78.203,14.4,3.325,1,91.623,92.229,0.593,0,1,0
1,20.6753,0,10.5442,1,1,0,2,8,12.5279,56.186,0,110.913,42.733,0.944,1,12.326,56.711,0.201,1,63.069,36.384,1.125,0,1,0
0,38.0855,0,11.3985,1,1,0,2,2,13.0409,92.354,0,92.575,540.408,23.885,1,59.674,40.993,2.386,1,82.125,38.896,7.967,0,0,0
1,26.1357,0,0.3453,1,1,2,0,8,15.2404,56.901,2,4.047,6.185,22.453,1,31.614,5.178,3.342,1,68.119,11.273,0.973,0,1,0
0,27.8993,0,13.9507,1,1,2,2,1,14.4324,50.023,0,110.177,7.913,10.914,1,39.85,12.783,3.138,4,90.082,59.123,9.088,0,1,0
0,38.8075,0,12.9581,1,1,2,2,2,15.8598,40.24,0,52.574,11.758,4.982,3,52.814,10.61,3.212,1,65.645,70.953,0.752,0,1,0
1,28.3059,0,10.9177,1,1,0,2,7,15.0014,42.849,0,147.892,361.215,33.126,1,48.811,15.415,2.862,1,158.621,3.31,0.207,0,0,0
1,30.8336,0,18.9911,1,1,0,6,8,11.1948,56.915,0,160.137,97.317,39.122,1,77.741,12.584,5.949,1,5.836,75.276,0.037,1,0,0
0,38.073,0,10.2457,1,1,0,8,2,12.1641,71.893,0,140.878,19.858,26.352,1,94.203,16.403,3.085,1,10.151,91.991,0.552,0,1,0
0,30.657,0,13.8071,1,1,0,2,2,16.519,50.313,0,112.082,107.617,6.402,1,48.581,50.586,0.622,1,93.901,34.851,21.331,0,1,0
1,38.7594,0,13.2146,1,1,1,6,9,10.8528,58.904,0,120.53,47.328,39.862,1,42.247,107.418,5.519,1,14.771,56.766,0.763,0,1,0
0,28.3075,0,7.8158,1,1,0,2,3,15.6646,56.99,0,73.515,29.457,29.738,1,44.112,86.803,9.154,1,65.195,65.053,0.67,0,1,0
1,28.9703,0,8.7448,1,1,0,2,1,11.8295,42.614,0,168.149,46.359,15.88,1,22.316,6.743,4.742,1,5.359,59.172,4.052,1,1,0
1,38.1868,0,12.2064,1,1,0,2,6,19.5041,41.856,0,36.732,7.151,9.275,1,60.49,7.717,9.908,1,35.667,81.188,9.902,0,1,0
0,36.7451,0,18.3027,1,1,0,1,2,13.0959,57.943,0,117.019,0.396,0.914,1,46.415,1.187,3.088,1,7.16,83.861,1.078,0,0,0
1,33.4433,0,8.9603,1,1,2,2,2,13.6123,48.624,0,149.231,70.228,6.464,1,77.798,69.27,3.945,1,63.949,81.821,1.17,0,0,0
1,38.6218,0,9.0332,1,1,0,2,2,12.4522,69.635,0,152.602,590.343,33.281,1,2.721,82.363,7.96,1,65.984,84.828,8.013,1,1,0
1,28.6061,0,12.3191,1,1,0,2,9,13.1646,56.244,0,142.408,52.318,20.003,1,8.597,67.524,3.206,1,5.211,43.493,7.137,0,0,0
0,20.4407,0,19.6951,1,1,1,2,1,10.9077,59.881,0,133.433,12.378,21.523,1,78.611,147.019,3.039,1,10.703,1.85,9.972,0,1,0
0,34.8485,0,18.3407,1,1,1,2,2,14.9693,46.604,0,198.219,146.362,3.302,1,43.399,69.456,6.999,1,27.064,74.147,1.083,0,1,0
1,28.2473,0,12.4929,1,1,0,2,2,12.8465,59.905,0,120.504,204.275,19.644,1,8.514,148.903,18.284,1,67.004,81.705,0.517,0,1,0
1,38.671,0,18.6978,1,1,2,2,2,16.9949,54.841,0,198.026,60.415,19.452,1,32.489,49.873,3.285,1,145.121,16.795,2.875,0,1,0
0,38.4253,0,7.9367,1,1,2,1,8,13.488,54.012,0,100.57,0.461,6.192,1,52.399,13.773,5.388,1,33.024,68.791,1.972,0,1,0
0,38.9809,0,17.9941,1,1,1,2,2,15.0427,44.524,0,141.411,21.968,12.392,1,5.381,69.722,4.029,1,7.165,22.027,5.872,0,1,0
1,38.1913,0,24.4058,1,1,0,1,2,20.4715,47.543,0,7.838,47.817,33.76,1,1.72,94.763,4.003,1,41.767,27.982,0.976,0,1,0
1,28.3813,0,0.0402,1,1,1,6,7,14.5664,42.532,0,99.54,206.678,26.96,1,15.389,0.776,0.27,1,0.622,214.113,0.64,0,1,0
1,36.416,0,9.1684,1,1,1,2,5,12.6354,44.543,0,122.014,60.827,2.942,1,8.183,48.261,9.425,1,14.733,81.97,0.808,0,1,0
1,30.9349,0,10.3004,1,1,2,2,6,11.109,53.991,0,153.542,9.573,31.098,1,40.554,58.283,9.634,1,5.261,81.427,0.052,0,1,0
1,38.1028,0,13.0477,1,1,1,2,2,16.3154,57.943,0,1.11,43.326,19.18,1,2.398,73.407,9.362,1,5.356,54.831,20.14,0,0,0
1,38.983,0,11.1484,1,1,0,5,6,15.8537,54.723,0,29.138,191.406,30.194,1,9.239,43.023,4.38,1,32.216,86.545,1.368,0,1,0
1,38.0708,0,14.9447,1,1,0,2,8,11.3615,46.647,0,34.519,118.87,0.684,1,55.014,26.747,4.038,2,7.236,14.55,0.073,0,1,0
1,23.6555,0,19.5692,1,1,1,2,6,14.6891,43.916,0,22.34,4.352,34.296,1,19.006,27.247,5.508,1,110.404,45.77,0.448,0,1,0
1,38.1379,0,10.4091,1,1,0,2,2,11.5092,40.803,0,192.217,203.756,0.482,1,48.81,67.634,4.945,1,135.128,1.45,0.91,0,1,1
1,28.159,0,12.5087,1,1,0,8,2,17.4624,60.823,0,128.115,47.373,23.532,1,57.192,8.915,6.888,1,100.262,98.83,0.273,0,0,0
1,34.4735,0,18.5007,1,1,0,1,7,14.8107,51.324,0,130.873,7.218,37.195,1,42.684,21.99,3.419,1,5.173,78.76,0.071,0,1,0
0,36.7775,0,2.5501,1,1,0,10,2,17.8536,44.95,0,71.183,66.056,14.558,1,3.099,74.553,2.982,1,61.203,82.278,0.5,0,0,0
0,38.3049,0,12.0158,1,1,0,0,8,12.5224,68.266,0,93.973,110.722,34.335,1,0.415,99.394,4.287,1,1.26,88.396,0.597,0,1,0
1,38.5805,0,12.5058,1,1,1,2,8,15.5245,58.523,3,70.481,121.856,34.922,1,12.692,2.08,2.983,1,0.989,55.424,1.236,0,1,0
1,36.1672,0,14.8446,0,1,0,2,2,10.7166,59.419,0,139.553,348.576,22.069,1,18.713,16.593,3.616,1,65.965,39.124,2.873,1,1,0
1,20.1621,0,10.7621,1,1,1,1,8,16.4774,59.634,0,199.853,16.803,39.113,1,53.211,82.363,9.125,1,56.15,74.376,1.221,0,1,0
0,38.8299,0,9.0601,1,1,0,2,5,17.3062,47.033,0,148.516,91.35,2.216,1,43.854,27.984,4.381,1,3.163,40.976,0.257,0,0,0
1,28.1841,0,15.0211,1,1,0,4,2,12.1174,39.903,0,68.448,16.495,31.95,1,6.621,50.59,3.336,1,23.68,86.855,11.377,1,1,0
1,48.1251,0,21.5789,1,1,0,2,7,13.6489,55.541,0,125.72,6.123,18.716,1,18.411,18.574,3.926,1,12.061,83.728,1.842,1,1,0
1,20.2816,0,9.9601,1,1,2,0,5,18.1347,46.854,0,120.443,88.264,10.785,1,61.092,125.783,4.62,1,71.969,78.791,1.8,0,0,0
1,28.1451,0,2.0057,1,1,0,6,2,14.3207,53.93,0,101.519,15.42,20.38,1,42.698,55.633,9.389,1,85.294,73.235,25.947,1,1,0
1,47.6072,0,18.9113,1,1,0,9,8,15.4141,4.99,0,102.378,40.773,6.84,1,23.194,58.831,3.277,1,49.078,11.393,1.083,0,1,0
0,38.6455,0,9.1069,1,1,0,2,1,11.9236,48.087,0,71.348,93.426,19.157,1,59.451,87.489,0.414,1,31.083,16.75,0.202,0,0,0
1,25.6877,0,16.4463,1,1,2,2,2,19.8712,56.676,0,5.511,587.562,2.998,1,69.016,72.767,13.788,1,112.269,34.865,0.172,1,1,0
1,38.9856,0,17.1257,1,1,1,2,2,15.6407,75.595,0,19.149,20.763,23.368,1,71.057,155.407,3.939,1,163.759,20.458,3.125,0,1,0
1,25.8765,0,14.3704,1,1,0,5,8,11.2781,52.217,0,140.793,85.856,39.448,1,42.045,17.525,8.489,1,91.71,59.375,1.2,0,1,0
0,41.1055,0,1.1124,1,1,0,2,2,13.2051,54.141,0,69.222,72.342,30.899,1,2.032,66.413,3.929,1,40.101,40.907,2.862,0,1,0
1,36.087,0,4.5348,1,1,1,2,2,10.714,50.978,0,14.18,212.414,26.965,1,63.153,76.281,5.511,1,61.798,30.926,0.077,0,1,0
1,33.002,0,19.9781,1,1,0,2,8,12.4446,58.694,0,175.83,49.22,30.628,1,45.086,78.198,0.079,1,1.559,62.07,1.287,0,0,0
0,30.054,0,16.5051,1,1,0,2,8,13.0576,47.676,0,66.833,383.955,20.798,1,58.39,67.064,9.781,1,49.517,74.333,0.799,0,1,0
1,38.103,0,18.9681,1,1,0,9,5,16.5741,52.996,0,20.135,62.272,4.022,1,68.381,50.543,0.729,1,42.575,39.55,0.056,0,1,0
1,24.6879,0,17.5143,1,1,0,2,2,10.4795,52.665,0,71.878,3.353,10.72,1,7.459,128.076,9.385,1,61.169,34.4,5.571,1,1,0
1,28.1783,0,13.9004,1,1,0,8,2,13.6894,46.828,0,135.298,34.55,39.294,1,17.697,164.953,0.53,1,23.976,4.876,0.973,0,1,0
1,28.1067,0,14.1981,1,1,2,2,8,15.8215,59.553,0,72.305,2.99,31.852,1,142.475,87.059,7.781,1,1.673,63.878,1.277,0,0,0
0,42.667,0,12.0589,1,1,0,6,8,12.0115,62.23,0,191.544,11.926,6.834,1,66.314,80.235,2.369,1,81.181,77.255,0.603,0,1,0
1,28.8871,0,18.8243,1,1,1,7,9,12.3651,54.845,0,42.149,570.896,32.966,1,42.151,90.748,9.655,1,25.113,14.82,0.517,0,1,0
0,24.6408,0,18.6603,1,1,2,15,2,15.8242,55.185,0,140.578,98.712,39.092,1,40.941,6.785,4.328,1,260.949,58.25,1.182,0,1,0
0,38.6235,0,3.0389,1,1,0,3,1,16.5152,34.697,0,82.969,18.512,30.754,1,66.769,16.674,0.009,1,11.45,53.835,0.687,0,1,0
1,21.2451,0,10.1987,1,1,0,2,3,19.5016,57.145,0,102.824,13.834,10.472,1,50.888,21.95,9.98,1,141.551,86.426,0.237,0,1,0
0,38.3801,0,29.5139,1,1,2,1,6,15.3144,51.013,0,91.046,87.828,39.472,1,8.814,26.323,4.322,1,190.966,34.152,0.17,0,1,0
1,34.81,0,0.1974,1,1,0,2,7,16.3294,50.294,0,32.85,13.492,0.45,1,12.024,55.435,8.947,1,52.049,188.84,1.123,0,0,0
1,21.5588,0,9.7081,1,1,0,6,2,14.4685,44.82,0,145.418,20.459,10.652,1,42.151,133.463,3.632,0,45.15,334.303,0.016,0,1,0
1,38.1611,0,19.9097,0,1,0,6,5,34.6363,59.934,0,91.887,297.311,0.73,1,2.663,3.563,8.236,1,9.269,86.752,4.66,0,1,0
1,26.6725,0,12.3774,1,1,0,6,1,19.4195,50.823,0,41.533,9.917,0.712,1,42.397,90.391,9.928,1,73.803,86.523,0.825,1,1,0
1,38.0831,0,10.3003,1,1,2,8,5,15.9424,58.533,0,165.865,11.958,19.575,1,8.651,16.208,3.419,1,51.112,8.671,2.177,0,0,0
1,30.9854,0,25.3151,1,1,0,6,8,16.5624,51.823,0,125.509,419.304,32.444,1,46.411,66.437,4.389,1,13.971,16.225,0.983,0,0,0
1,28.0744,0,8.9006,1,1,0,2,8,16.003,58.943,0,148.078,78.809,38.472,1,75.375,70.936,3.738,1,40.762,61.575,0.597,0,0,0
0,38.6259,0,12.5499,1,1,0,2,2,19.4094,51.556,0,149.872,88.855,6.424,1,8.224,106.434,0.952,1,81.621,140.642,0.115,0,1,0
0,28.3775,0,8.9031,1,1,0,2,6,12.7154,69.749,0,74.83,99.615,3.71,1,31.673,3.204,3.349,1,65.171,7.952,11.205,0,1,0
1,48.6,0,13.9307,1,1,0,4,8,13.4911,0.087,0,70.013,81.996,0.83,1,68.29,20.98,1.146,1,82.427,73.855,0.685,0,1,0
0,30.8916,0,10.4153,1,1,0,4,2,18.8447,85.756,0,78.817,81.887,2.203,1,72.022,6.416,3.806,1,93.201,65.816,0.323,0,1,0
0,28.7669,0,2.9683,1,1,1,2,1,16.0229,69.617,0,148.79,90.893,38.07,1,11.557,16.925,6.42,1,13.362,54.771,0.052,1,1,0
1,34.635,0,12.6022,1,1,1,6,8,12.3102,57.993,0,189.582,99.693,2.951,1,1.692,67.952,4.785,1,0.016,56.57,0.186,0,1,0
0,36.607,0,8.7528,1,1,0,2,2,11.4384,54.824,0,48.553,361.316,2.166,1,49.584,47.758,9.721,1,63.242,38.822,2.262,0,1,0
0,41.3651,0,25.6858,1,1,0,2,2,16.4154,8.841,0,65.373,96.658,4.964,1,59.093,10.851,8.389,1,9.801,87.853,0.571,0,1,0
0,27.3898,0,16.5607,1,1,0,1,7,17.675,53.944,0,7.079,180.372,22.461,1,38.622,18.982,2.582,1,162.121,71.74,1.463,0,1,0
0,30.3606,0,11.9418,1,1,0,2,2,11.4267,51.228,0,115.762,47.148,39.993,1,8.297,90.783,5.33,1,99.203,93.871,9.078,0,1,0
0,38.4313,0,18.9356,1,1,1,8,1,11.8097,57.405,0,132.089,14.824,10.532,1,97.051,50.973,6.108,1,142.738,42.846,0.17,0,0,0
1,28.9515,0,19.9091,1,1,2,0,6,18.4827,46.927,0,31.5,8.111,13.454,1,48.011,4.913,4.951,1,69.239,373.479,0.552,0,1,0
1,45.1647,0,18.9553,1,1,1,0,1,14.172,41.46,0,93.83,7.987,30.754,1,8.414,14.703,0.28,1,37.267,99.178,2.943,0,1,1
1,31.2663,0,10.8528,1,1,0,2,6,14.7469,46.324,0,88.812,214.316,32.954,1,47.448,70.343,2.225,1,853.919,35.226,3.074,0,1,0
1,38.64,0,14.4405,1,1,0,6,2,12.3244,55.078,0,142.003,35.079,19.926,1,61.053,12.972,3.91,1,69.548,42.175,3.367,0,1,0
0,22.1491,0,7.3447,1,1,0,2,4,18.5768,58.164,0,48.082,4.326,0.714,1,8.184,3.907,3.084,1,456.95,73.25,0.72,0,1,0
1,34.6713,0,0.5157,1,1,0,2,6,16.5757,78.62,0,123.542,196.244,19.282,1,8.411,58.211,9.662,1,55.365,90.21,5.903,0,0,0
1,24.8005,0,13.4159,1,1,2,2,2,11.8446,58.269,0,106.68,-65.212,34.313,1,12.916,74.493,0.925,1,106.34,91.809,0.52,0,0,0
0,38.1879,0,10.7451,1,1,0,2,2,11.5354,53.676,0,41.596,15.15,30.972,1,59.283,23.024,4.388,1,140.223,92.322,9.372,0,1,0
0,12.1812,0,14.6493,1,1,0,2,8,19.5177,2.09,0,20.989,40.747,0.14,1,47.419,58.76,7.018,1,113.301,81.978,20.06,0,1,0
0,21.0821,0,2.9151,1,1,0,5,2,13.8423,59.423,0,174.031,34.959,4.27,1,7.205,21.282,3.023,1,66.257,89.056,0.295,0,1,0
1,43.2053,0,16.9019,1,1,1,8,2,16.8487,52.843,0,10.09,135.101,36.463,1,41.385,61.502,3.503,1,8.345,44.077,1.822,1,1,0
1,28.7559,0,19.4921,1,1,0,4,2,15.7447,52.766,0,15.386,20.552,12.029,1,3.229,167.683,9.339,1,0.231,1.183,5.745,0,1,0
1,35.3643,0,12.8089,1,1,0,2,6,25.1208,40.958,0,44.261,64.573,19.061,1,49.004,54.459,2.239,1,6.626,87.225,0.972,0,0,0
1,23.6718,0,11.6593,1,1,0,6,3,15.678,90.553,0,40.563,109.125,39.774,1,33.978,22.924,2.169,2,99.829,59.125,0.2,0,1,0
1,38.904,0,14.9124,1,1,1,2,2,15.526,54.219,0,169.504,81.848,7.924,1,69.685,77.713,7.219,1,3.183,96.768,0.56,0,1,0
1,26.4716,0,17.9309,1,1,0,2,1,17.5152,83.624,0,11.817,22.316,32.455,1,2.323,49.183,9.338,1,5.712,51.354,1.483,0,1,0
1,38.6208,0,9.5791,1,1,0,6,6,18.0347,89.836,2,63.549,41.753,0.209,1,98.111,13.603,7.912,1,36.503,83.746,1.662,0,1,0
1,34.6026,0,7.7069,1,1,0,2,8,17.8371,57.823,0,150.242,91.459,12.218,1,41.662,24.516,1.289,1,0.163,55.873,0.381,0,1,0
1,32.7634,0,18.1287,1,1,0,6,2,18.3164,56.033,0,48.082,28.335,26.289,1,41.02,2.934,2.389,1,4.217,39.181,0.062,0,0,0
1,40.9351,0,17.9088,1,1,0,2,4,13.5555,50.94,0,142.588,16.084,10.696,1,68.515,66.233,7.0,1,63.761,68.975,0.327,0,1,0
1,25.2901,0,3.9004,1,1,1,1,2,18.5164,54.287,0,48.075,47.444,10.425,1,50.124,11.903,49.983,1,69.313,94.776,0.072,0,0,0
1,35.017,0,10.3788,1,1,0,2,5,16.7334,19.455,0,135.423,15.01,35.515,1,17.457,114.541,1.752,1,3.324,111.831,0.034,0,1,0
1,23.0018,0,10.9101,1,1,0,2,3,16.4521,59.494,0,129.843,76.911,36.968,1,33.659,16.524,3.979,1,68.052,84.358,0.172,0,1,0
1,35.665,0,14.1059,1,1,0,15,7,15.8504,51.916,0,526.495,77.496,1.127,1,1.012,16.891,3.589,1,8.221,43.827,1.048,0,1,0
0,38.3099,0,11.0387,1,1,0,2,6,12.9229,55.925,0,122.017,-26.808,9.15,1,47.853,17.364,9.255,1,40.165,78.121,0.132,0,1,0
1,20.1616,0,2.2383,1,1,0,2,9,16.8509,51.829,0,36.518,9.913,2.756,1,62.155,18.404,2.495,1,99.642,21.511,0.377,1,1,0
1,48.077,0,12.5388,1,1,0,4,3,15.8654,52.925,0,15.536,86.36,3.065,0,43.699,66.704,2.386,1,83.33,94.956,0.048,0,1,0
1,20.3099,0,18.5725,1,1,0,2,2,16.4512,69.154,0,54.053,68.896,4.759,1,18.069,104.513,3.708,1,61.765,38.155,9.075,0,1,0
1,34.2555,0,10.1447,1,1,0,2,6,11.3108,51.085,0,194.699,3.366,0.974,1,49.014,87.654,0.982,1,70.503,89.271,1.273,1,1,0
1,48.1578,0,4.2503,1,1,0,8,7,19.8016,57.748,0,107.132,66.573,2.59,1,33.384,10.201,4.102,1,0.524,5.943,0.068,0,1,0
0,38.4095,0,12.5539,1,1,1,1,8,14.7754,60.286,0,120.91,18.315,39.613,1,49.699,21.788,8.953,1,69.927,33.557,4.17,0,1,0
0,25.8979,0,19.0101,1,1,1,2,9,18.8622,54.664,0,12.092,14.315,37.81,1,40.055,17.405,3.308,1,186.638,90.17,1.812,0,1,0
1,38.0591,0,18.1061,1,1,0,2,6,17.4107,29.625,0,19.859,54.312,35.943,1,1.636,18.613,4.515,1,36.091,75.078,0.603,1,1,0
1,31.6513,0,10.3474,1,1,0,6,2,12.0296,79.721,0,145.098,10.418,32.164,1,19.099,47.939,8.712,1,191.261,40.541,1.947,0,0,0
1,38.5161,0,18.4507,1,1,0,2,3,17.5055,40.94,0,4.553,367.37,0.722,1,62.658,26.567,2.226,1,22.431,34.815,16.132,0,1,0
1,38.0926,0,18.9303,1,1,0,2,6,21.6105,57.104,0,130.829,29.981,2.891,1,69.292,71.704,5.008,0,41.513,269.372,27.92,0,1,0
1,38.688,0,16.9149,1,0,0,2,6,18.4681,63.829,0,157.188,425.862,0.273,1,11.316,47.913,2.583,1,1.953,86.223,2.729,0,1,0
0,38.3845,0,12.4573,1,1,1,9,9,10.0841,51.52,0,178.59,217.356,10.145,1,42.306,17.085,2.345,1,97.109,39.051,0.933,0,1,0
0,35.5356,0,19.6781,1,1,0,8,1,16.8445,57.434,0,13.189,262.569,25.159,1,42.621,16.703,7.739,1,82.06,10.469,0.885,0,1,0
1,24.3715,0,4.807,1,1,0,2,8,16.5724,44.875,0,100.269,186.934,45.447,1,49.657,46.913,8.385,1,33.328,314.481,1.3,0,1,0
0,20.6005,0,17.9008,1,1,1,4,2,11.4516,51.819,0,99.044,428.868,27.995,1,58.734,17.917,4.142,1,29.965,59.146,8.172,0,1,0
0,38.2075,0,5.6687,0,1,0,2,8,19.4151,39.063,0,132.599,754.566,3.292,1,42.468,88.434,0.087,1,85.329,83.687,2.128,0,1,0
1,38.3059,0,10.6101,1,1,0,1,2,18.4727,53.943,0,189.063,34.373,6.284,1,38.598,18.95,4.924,1,6.866,84.836,0.987,0,1,0
1,28.6259,0,13.7567,1,1,0,6,9,16.442,44.85,0,59.835,27.423,30.239,1,44.616,44.711,9.516,1,29.965,2.557,1.083,0,1,0
1,39.6225,0,18.7731,0,1,0,2,2,14.0361,16.237,0,76.883,17.216,11.296,1,59.115,77.514,9.949,1,3.923,21.825,2.022,0,1,0
0,30.483,0,13.1903,1,1,0,12,2,14.0546,40.919,0,14.159,226.064,21.566,1,0.315,24.541,9.464,1,2.23,74.037,1.034,0,1,0
1,34.9434,0,7.3609,1,1,1,8,6,16.0861,67.511,0,140.619,25.03,33.051,1,70.456,48.925,3.005,1,151.401,50.325,0.186,0,1,1
1,20.9073,0,4.1618,1,1,0,1,5,42.6526,40.526,0,111.349,49.895,6.357,1,61.023,43.484,8.315,1,41.201,35.871,71.772,0,1,0
0,20.6983,0,18.0308,1,1,0,6,6,15.1154,59.107,0,154.512,40.356,2.951,1,41.318,16.421,2.025,1,5.892,76.583,1.96,0,0,0
0,28.967,0,14.8506,1,1,1,2,2,26.354,49.666,0,113.821,68.49,37.393,1,69.957,16.493,9.285,1,92.189,54.338,5.926,0,1,0
1,38.9615,0,7.8008,1,1,1,6,8,24.5151,50.824,0,174.619,36.926,30.514,1,69.541,68.684,3.312,1,160.765,66.325,0.271,1,1,0
0,24.6049,0,11.0107,1,1,0,2,2,16.4445,59.853,0,136.83,215.564,0.07,1,1.033,15.49,3.256,1,41.567,38.953,0.96,0,1,0
1,38.7805,0,0.045,1,1,0,4,2,16.4018,4.68,0,1.94,3.464,22.518,1,59.396,7.974,5.705,1,0.183,58.552,0.093,0,1,0
1,32.1779,0,13.6397,1,1,1,2,6,18.5448,52.624,0,44.543,112.454,0.951,1,18.689,53.574,3.328,1,31.788,61.812,0.236,0,1,0
1,38.3036,0,17.1078,1,1,0,6,1,16.5394,42.244,0,173.388,7.475,30.66,1,43.879,36.133,8.384,1,5.281,6.525,7.931,0,1,0
0,38.6369,0,3.5362,1,1,0,0,2,13.4164,41.516,0,153.12,15.319,31.722,1,49.629,78.205,3.239,1,13.181,71.817,0.047,0,1,0
1,30.5691,0,10.9118,1,1,0,6,6,17.8277,48.951,0,124.889,30.851,32.72,1,41.876,315.984,21.778,1,63.768,17.015,0.042,0,1,0
0,34.4291,0,18.8453,1,1,2,8,2,11.3653,49.46,0,114.802,14.459,31.947,1,20.89,5.905,3.279,0,12.223,66.179,0.516,0,0,0
0,48.8716,0,18.6038,1,1,1,5,9,15.7667,55.247,0,2.603,634.953,0.418,0,8.454,19.243,4.078,1,191.265,92.146,9.675,0,0,0
1,28.0803,0,19.6003,0,1,0,4,2,12.7862,56.96,0,159.505,45.876,0.718,0,42.455,0.701,4.736,1,3.667,85.923,0.267,0,1,0
1,35.7761,0,3.409,1,1,2,2,2,17.1066,69.288,0,93.053,106.376,2.515,1,8.593,63.17,3.428,1,92.169,43.771,0.792,0,0,0
0,30.8033,0,18.4705,1,1,0,2,7,16.075,52.234,0,125.681,136.456,29.23,1,49.653,59.803,8.962,1,68.062,56.305,0.032,1,1,0
0,20.6365,0,1.2063,1,1,0,1,6,24.5086,50.995,0,109.317,341.397,0.299,1,47.648,71.713,4.047,1,21.272,74.578,0.125,0,1,0
0,34.8051,0,17.5052,1,1,0,2,6,16.012,56.255,0,58.725,20.908,30.955,1,48.015,83.799,3.971,1,72.763,50.223,6.217,0,0,0
1,38.6969,0,11.3436,1,1,0,2,2,11.5194,58.028,0,0.282,510.366,29.714,1,15.017,7.41,2.328,4,30.119,15.517,4.934,1,0,0
1,28.1091,0,9.0469,1,1,0,1,6,13.8124,56.502,0,119.943,291.952,34.293,1,1.242,25.205,5.361,1,3.242,46.017,0.668,0,1,0
1,38.9858,0,2.0597,1,1,1,2,2,33.3605,66.12,0,184.378,16.958,33.021,1,38.091,19.144,2.56,1,90.123,60.17,0.045,0,0,0
1,20.7071,0,13.2189,1,1,0,8,6,21.5025,54.658,0,175.729,32.253,6.994,1,12.825,88.283,3.349,1,3.604,8.622,0.159,0,1,0
1,37.136,0,19.8998,1,1,2,1,1,15.5495,40.496,0,72.016,89.975,2.726,1,42.681,96.41,1.325,1,78.969,18.261,0.31,0,1,0
1,37.4026,0,17.0205,1,1,0,2,6,14.6987,70.92,0,146.078,14.45,16.309,1,0.097,56.52,8.89,1,6.545,91.793,0.61,0,1,0
1,28.3458,0,10.9591,1,1,1,6,2,16.5141,58.593,0,145.574,130.382,22.834,1,34.499,110.883,6.945,0,63.51,83.521,0.983,0,1,0
1,28.1421,0,11.1457,1,1,1,2,3,12.9954,69.65,0,172.383,36.882,10.065,1,48.748,36.95,9.673,1,85.357,73.85,0.762,0,1,0
1,24.1445,0,1.6931,1,1,2,2,2,18.5185,39.118,0,60.539,2.921,21.375,1,68.959,70.033,8.589,1,33.928,45.826,0.121,1,1,0
0,35.8852,0,11.9413,1,1,0,2,8,11.1128,40.995,0,98.01,116.528,10.553,1,45.056,20.793,8.924,1,63.227,68.301,0.962,0,1,0
0,30.3215,0,8.0106,1,1,1,5,2,16.4057,59.829,0,13.653,70.697,9.855,1,23.394,0.595,2.382,1,87.228,8.772,0.921,0,1,0
1,40.7028,0,12.3703,1,1,0,4,1,11.3905,55.002,0,85.843,237.37,20.762,1,17.701,4.508,0.958,1,7.789,53.97,0.017,0,1,0
1,28.4608,0,2.0119,1,1,1,6,2,14.8817,39.966,0,1.814,21.426,29.729,1,42.22,48.593,3.848,1,95.661,81.845,0.675,0,1,0
1,36.6801,0,13.5232,1,1,0,8,2,10.5423,44.838,1,72.198,274.493,11.253,1,4.441,11.781,9.489,1,97.094,79.911,1.813,0,1,0
0,38.157,0,1.3045,1,1,2,2,8,16.4113,4.305,0,47.403,0.094,33.226,1,8.613,108.895,8.662,1,106.66,74.176,6.589,1,1,0
1,38.4952,0,9.6804,1,1,1,2,7,15.5752,89.945,0,114.0,227.325,2.21,1,41.909,0.239,5.317,1,111.229,53.19,0.775,0,1,0
1,25.6327,0,9.3493,1,1,0,2,2,14.3844,41.135,0,28.681,360.353,11.436,1,66.441,42.6,6.131,1,28.403,26.126,5.672,1,1,0
0,41.4205,0,7.1834,1,1,0,2,8,13.0102,1.806,0,31.793,1.059,19.295,1,38.452,60.373,3.372,1,91.685,7.271,1.617,0,1,0
1,35.1493,0,4.8993,1,1,1,2,3,11.9397,58.196,0,20.923,12.177,16.518,1,8.425,40.563,3.989,1,79.294,286.261,4.847,0,1,0
1,27.184,0,4.9257,1,1,0,2,2,15.4114,19.092,0,106.976,-73.994,20.552,1,8.42,44.356,0.469,1,63.062,93.121,0.515,0,0,0
1,30.1056,0,13.445,1,1,0,4,1,14.559,42.864,0,92.522,41.818,3.654,1,36.814,83.016,3.729,1,10.761,98.13,0.52,0,1,0
1,48.9061,0,2.5784,1,1,0,4,5,16.8033,47.823,0,178.729,18.456,36.116,1,62.69,56.496,4.169,0,35.653,5.371,0.502,1,1,0
0,28.1123,0,19.909,1,1,0,2,7,14.0456,55.355,0,13.208,384.892,33.475,1,1.123,16.994,2.882,1,10.228,25.95,0.12,0,1,0
1,31.4462,0,20.9546,1,1,1,2,8,22.1559,51.12,0,5.49,10.422,33.213,1,61.209,49.551,3.989,1,44.069,3.382,0.09,0,1,0
1,35.4027,0,19.6047,1,1,2,2,5,18.4028,52.823,0,192.46,18.456,0.228,1,58.798,91.265,4.386,1,5.356,59.55,0.531,1,1,0
1,26.4802,0,10.7087,1,1,0,2,2,14.6914,12.846,0,87.599,19.77,3.254,1,68.699,75.287,5.725,1,3.76,3.475,0.805,1,1,0
0,38.8918,0,10.7317,0,1,0,2,2,18.8997,41.814,0,74.875,190.266,32.672,1,38.676,96.493,3.607,1,19.053,93.909,42.237,0,1,0
1,38.68,0,16.9512,1,1,0,12,8,31.5617,49.81,0,5.449,243.492,1.062,1,3.182,13.81,2.784,1,166.289,5.256,0.772,1,1,0
1,28.8405,0,27.0251,1,1,0,2,2,18.0181,58.699,0,151.632,386.379,1.26,1,2.024,97.991,0.323,1,20.153,81.371,10.584,0,1,0
1,38.7406,0,17.9458,1,1,0,2,8,16.4505,47.083,0,69.53,164.863,33.432,1,42.315,18.445,8.509,1,1.903,7.553,0.102,0,1,0
1,31.3178,0,10.6661,1,1,0,2,6,15.8231,54.249,0,154.079,121.643,39.096,1,31.911,121.533,8.42,1,17.009,60.17,5.01,0,1,0
1,18.1991,0,19.92,1,1,0,0,1,14.5809,54.71,0,140.536,14.466,15.91,1,53.122,116.533,0.12,1,25.79,58.27,0.463,0,1,0
1,28.1244,0,1.4099,0,1,1,2,6,17.1064,42.849,0,168.483,0.041,33.06,1,14.203,50.223,0.134,1,0.369,31.665,1.677,0,0,0
1,35.9013,0,18.4924,1,1,2,3,6,20.5754,52.873,1,41.639,82.416,35.741,1,68.264,13.1,3.318,4,61.203,77.125,0.672,0,1,0
1,33.3815,0,0.2037,1,1,0,2,9,12.5857,46.543,0,93.107,145.882,23.958,1,50.019,92.97,4.662,1,17.229,22.822,0.779,0,1,0
0,38.68,0,10.1753,1,1,0,2,8,18.4125,42.853,0,77.832,47.563,6.141,1,65.401,94.083,10.048,1,27.269,21.375,0.568,0,1,0
1,33.1085,0,15.538,1,1,1,8,2,46.5724,59.038,0,154.08,246.816,2.314,1,44.604,84.528,2.989,1,160.771,94.351,0.52,0,1,0
1,24.8731,0,12.9304,0,1,0,1,5,14.4685,49.926,0,145.804,110.093,33.954,1,54.398,8.964,2.349,1,9.161,86.87,0.477,0,1,0
1,35.6878,0,12.5236,1,1,2,2,8,15.4146,48.299,0,104.053,177.262,2.318,1,67.123,91.407,9.766,1,91.13,44.421,1.177,0,1,0
1,34.7702,0,10.533,1,1,1,2,6,16.4121,49.863,0,9.236,17.353,22.214,1,75.411,47.978,9.599,1,63.221,80.635,0.717,0,1,0
1,31.8055,0,12.9211,1,1,0,2,2,13.6255,54.604,0,273.714,556.218,26.918,1,48.495,44.205,3.828,1,9.269,88.934,1.867,0,1,0
1,37.4076,0,12.3177,1,1,0,2,8,15.8424,54.805,0,145.493,125.851,19.95,1,63.686,107.525,3.568,1,99.66,86.552,0.987,0,1,0
1,22.1728,0,0.5601,1,1,0,2,6,12.8654,50.827,0,140.848,84.126,26.482,1,5.222,11.354,0.946,1,65.939,74.975,0.017,0,1,0
1,22.3028,0,15.0066,1,1,1,6,8,15.4247,41.646,0,13.743,41.087,33.224,1,1.198,91.463,3.589,1,41.228,2.511,0.12,0,0,0
1,20.1003,0,12.4928,1,1,0,4,2,12.031,54.358,0,61.831,10.738,3.926,1,61.513,88.407,6.414,1,112.222,56.033,1.668,0,1,0
0,38.4001,0,16.3549,1,1,0,1,6,14.6384,59.517,0,119.648,36.835,0.214,1,49.188,1.874,8.365,1,5.068,53.25,3.129,0,0,0
1,37.6201,0,6.5608,1,1,0,2,6,10.5685,79.853,0,180.362,0.063,33.787,1,9.201,141.933,2.824,1,33.423,0.87,2.67,0,0,0
1,22.7031,0,19.5027,0,1,0,2,1,15.0312,59.921,0,119.72,40.846,12.444,1,59.966,23.474,3.945,1,18.223,85.753,0.95,0,1,0
1,38.371,0,14.5387,1,1,0,2,8,10.6614,78.977,0,24.875,6.663,9.772,1,69.055,43.71,5.389,1,99.269,9.87,0.925,0,1,0
1,33.8275,0,19.3464,1,1,0,6,6,11.6154,45.64,0,7.776,249.871,28.568,1,48.926,143.673,4.322,1,129.962,99.265,3.025,0,1,1
1,24.885,0,7.3437,1,1,2,2,4,23.2449,39.427,0,107.713,76.458,9.742,1,8.614,13.723,2.218,1,101.92,1.721,0.287,0,1,0
0,25.8,0,13.1053,1,1,0,2,7,28.8152,17.176,0,155.844,188.976,16.457,1,17.059,8.534,9.785,1,40.283,70.52,1.672,0,1,0
0,38.1815,0,12.3891,1,1,0,1,2,16.2925,53.166,0,139.01,109.47,9.693,1,52.588,63.021,4.138,1,6.121,73.857,0.133,0,1,0
1,38.9051,0,8.9763,1,1,1,2,7,13.6716,69.8,0,89.621,98.355,9.652,1,13.295,21.991,2.816,1,103.12,97.573,0.283,0,0,0
1,20.052,0,10.5033,1,1,0,6,2,10.5014,51.144,0,545.85,-56.903,39.27,1,6.92,69.743,9.288,1,90.303,74.04,1.087,0,1,0
1,30.4205,0,10.9526,1,1,2,2,8,15.5841,52.541,0,101.849,21.396,29.487,1,8.114,12.19,0.344,1,61.924,56.972,1.197,0,0,0
1,45.6049,0,20.9409,1,1,1,5,1,18.5959,44.114,0,183.613,99.419,19.942,1,9.777,2.767,5.111,1,2.389,71.744,1.777,0,1,0
1,18.8725,0,14.9107,1,1,2,5,2,11.5124,48.14,0,161.113,37.574,54.875,1,8.322,78.948,4.21,1,185.121,76.855,0.638,0,1,0
1,31.4151,0,11.806,1,1,0,4,3,13.1617,50.72,0,109.519,22.098,26.15,1,43.222,13.995,9.139,1,5.482,55.174,0.866,1,1,0
1,38.853,0,34.0009,1,1,0,2,8,11.2295,51.624,0,30.825,85.88,24.14,1,56.745,12.283,3.973,1,31.639,45.108,0.115,3,1,0
1,38.1678,0,12.1729,0,1,0,1,4,12.2299,40.936,0,48.513,787.896,32.142,1,4.687,43.419,0.335,1,75.085,72.953,0.286,0,0,0
0,28.0682,0,1.6513,1,1,0,2,2,19.5671,46.981,0,148.145,29.951,29.652,1,96.02,66.05,0.313,1,13.369,91.251,0.623,1,1,0
0,26.731,0,15.935,1,1,0,2,2,16.5099,52.315,0,256.03,20.327,3.292,1,1.639,64.217,0.931,1,82.251,55.119,9.222,0,1,0
0,32.6656,0,10.8088,1,1,1,2,1,16.5545,42.664,0,158.708,212.506,32.519,1,17.614,46.059,3.987,1,95.264,68.862,4.789,0,1,0
0,30.7036,0,18.2679,1,1,0,8,9,18.8147,55.543,1,148.632,11.052,10.29,1,17.747,83.983,9.341,1,0.166,86.725,0.525,0,1,0
0,28.3789,0,12.0649,1,1,0,2,2,14.8251,52.287,0,3.065,15.111,0.174,1,42.621,69.919,0.694,1,7.349,63.953,0.679,0,0,0
1,25.5355,0,10.8168,1,1,0,2,8,10.7268,55.454,0,122.792,43.053,25.721,1,8.955,47.74,4.939,1,107.727,84.915,1.66,0,1,0
0,38.4982,0,24.8439,1,1,0,5,1,13.4798,52.686,0,127.279,36.443,39.252,1,40.545,66.621,36.215,1,33.151,56.969,0.493,0,1,0
1,28.389,0,5.9654,1,1,0,1,6,18.5294,40.153,1,144.317,112.015,38.964,1,48.676,48.393,0.53,1,103.753,17.525,0.877,0,1,0
0,22.6775,0,8.9077,1,1,0,2,6,15.5255,66.243,0,170.776,131.858,12.666,1,47.324,12.443,9.709,1,93.289,89.821,1.562,0,1,0
0,38.3762,0,20.0417,1,1,0,2,2,29.309,40.323,0,118.843,276.413,36.292,1,59.334,74.77,3.552,1,9.431,88.121,0.873,0,1,0
1,32.4586,0,10.903,1,1,0,1,2,15.4144,79.415,3,123.575,24.891,30.345,1,2.639,101.415,8.744,1,100.961,86.736,0.872,0,1,0
1,38.3008,0,7.285,1,1,0,2,2,12.0937,54.559,0,42.579,14.316,19.29,1,63.25,18.53,2.385,1,24.026,33.325,0.563,0,0,0
1,37.7798,0,9.0012,0,1,0,6,1,12.3225,50.213,0,30.71,81.879,36.216,1,41.698,5.217,4.73,1,4.116,59.111,0.858,0,1,0
1,38.7758,0,0.5128,1,0,0,6,8,14.8827,39.047,0,34.51,248.834,36.311,1,47.285,20.613,4.639,1,63.253,1.932,0.872,0,1,0
1,31.1893,0,13.5818,1,1,0,8,2,19.5102,52.936,0,142.863,56.525,0.768,1,109.241,26.503,3.388,1,31.723,8.883,1.152,1,1,0
1,38.352,0,14.6289,0,1,1,7,4,16.948,54.775,0,550.03,84.959,22.578,1,51.796,190.034,8.044,1,112.701,56.17,0.677,0,1,0
0,28.0655,0,10.0754,1,1,0,2,1,18.8193,73.323,0,14.852,3.225,39.591,1,49.607,63.16,3.725,1,3.768,84.209,0.775,0,0,0
1,21.278,0,14.5678,1,1,0,8,2,19.8397,51.781,0,70.5,-49.864,0.598,1,9.075,50.233,8.362,1,87.949,65.619,0.479,0,0,0
1,28.622,0,15.1486,1,1,0,2,6,22.4027,41.727,0,13.413,10.152,21.494,1,43.649,47.404,0.928,1,3.037,46.432,0.149,0,1,0
0,33.3779,0,0.3489,1,1,0,2,4,11.3492,59.274,0,139.574,200.38,7.126,1,8.649,146.831,9.135,1,162.369,91.878,0.577,1,1,0
1,30.8838,0,14.0487,1,1,0,5,2,19.6427,59.275,0,67.402,197.856,2.094,1,39.474,0.514,4.528,1,60.043,92.755,8.602,0,1,0
1,20.6053,0,8.6049,1,1,0,2,2,13.9101,69.253,0,178.478,41.675,33.274,1,19.192,42.219,4.721,1,47.564,168.127,1.07,0,0,0
1,38.0575,0,29.1368,1,1,0,16,3,15.4667,54.249,0,12.905,37.394,39.122,1,2.41,14.706,0.188,1,93.004,59.12,2.269,0,1,0
1,20.1531,0,4.8097,1,1,0,2,9,19.4966,59.996,0,10.118,91.55,20.699,1,40.514,26.364,7.922,1,58.191,42.171,0.973,0,1,0
1,28.4291,0,13.6169,1,1,1,7,2,19.4783,56.233,0,10.447,65.016,10.128,1,61.122,40.563,5.965,1,0.352,1.41,0.867,0,1,0
0,38.8023,0,12.977,1,1,1,2,8,15.9127,70.99,0,122.012,27.326,29.929,1,0.601,13.023,3.889,1,95.58,17.97,1.119,0,1,0
1,20.6293,0,12.9753,1,1,2,0,2,14.4386,52.255,0,137.782,247.496,6.277,1,71.207,41.486,4.688,1,68.255,90.675,0.862,0,1,0
1,37.2079,0,16.6718,1,1,0,2,7,15.1151,49.017,0,50.215,161.477,32.68,1,61.253,2.378,0.985,0,151.101,78.95,1.066,0,1,0
1,30.6795,0,19.527,1,1,2,2,2,24.528,50.93,0,178.814,245.956,1.735,1,42.112,149.917,8.347,1,41.253,57.925,0.673,0,1,0
0,38.6628,0,6.9478,1,1,0,5,3,16.0007,56.84,0,14.843,0.829,20.099,1,53.327,87.799,2.083,1,6.669,73.113,0.917,0,1,0
0,38.8628,0,10.1618,1,1,0,0,2,10.2994,52.233,0,75.532,21.253,16.98,1,14.935,84.253,3.922,1,95.262,91.122,5.072,0,1,0
1,38.5074,0,12.9455,0,1,2,2,2,15.1126,16.414,0,170.518,6.77,6.74,1,68.021,66.904,9.205,1,191.241,344.36,0.162,0,1,0
1,30.1407,0,15.0927,0,1,0,2,9,15.0695,59.172,0,109.416,80.913,32.932,1,56.898,23.731,0.761,1,103.323,51.121,0.045,0,1,0
1,38.6254,0,14.8608,1,1,0,2,2,11.345,59.94,0,132.634,10.026,30.224,1,31.099,58.674,0.488,1,79.167,67.959,0.732,1,1,0
1,20.079,0,19.1058,1,1,0,2,6,19.5645,59.818,0,3.809,73.528,26.054,1,42.94,30.293,8.369,1,48.341,394.431,0.747,0,1,0
1,28.744,0,19.9701,1,1,0,2,6,15.4554,44.868,0,121.405,323.307,23.06,1,59.499,25.394,9.536,1,27.861,43.398,0.362,0,0,0
1,37.9171,0,14.9023,0,1,2,2,2,35.3871,40.965,0,30.85,49.635,7.682,1,2.201,52.983,6.929,1,100.661,56.553,3.003,0,1,0
1,38.7678,0,11.9485,0,1,0,8,3,17.5173,42.145,0,48.294,3.304,16.522,1,9.092,41.957,0.674,1,5.36,11.812,1.008,0,1,0
0,34.0535,0,19.9091,1,1,0,4,2,15.4127,50.543,0,134.155,-97.894,30.99,1,67.438,87.34,9.649,1,5.524,130.475,0.051,0,1,0
1,38.4731,0,19.6271,1,1,0,4,2,19.6529,9.978,0,0.501,347.118,2.968,1,48.022,26.164,6.07,1,175.166,11.342,1.822,0,1,0
1,34.0602,0,0.8159,1,1,0,5,7,12.0614,52.199,0,1.56,48.316,10.278,1,9.647,6.499,2.342,1,91.569,3.813,4.942,0,1,1
1,35.1958,0,12.61,1,1,2,2,2,18.5546,52.827,0,140.713,119.501,1.487,1,42.321,190.978,5.281,1,2.119,76.87,27.04,0,1,0
1,31.642,0,3.9684,1,1,0,2,8,12.4227,71.013,0,106.719,264.463,10.748,1,32.315,1.982,1.361,1,21.621,94.892,19.552,0,1,0
1,38.4692,0,14.8017,1,1,0,2,2,14.2127,60.82,0,54.731,15.377,6.226,1,38.063,85.116,3.036,1,86.621,10.328,0.017,0,1,0
1,38.3099,0,10.1631,1,1,0,2,2,14.3996,52.926,0,68.414,790.875,6.265,1,1.365,0.46,6.149,1,1.769,93.926,1.077,1,1,0
0,38.0845,0,12.9501,1,1,0,6,9,10.6057,73.357,0,15.531,48.823,6.146,1,54.293,48.631,0.914,1,61.768,46.873,0.052,0,1,0
1,38.7616,0,1.5283,1,1,0,6,2,12.5,53.034,0,3.72,56.379,33.493,1,40.241,88.716,4.059,1,1.769,51.575,1.953,0,1,0
1,38.6035,0,19.9083,1,1,0,2,2,22.3711,43.913,0,60.445,260.365,2.297,1,60.931,1.813,5.521,1,51.658,8.045,0.07,0,1,0
1,30.8458,0,18.1395,1,1,0,0,8,14.9175,56.406,0,148.44,70.816,33.776,1,2.452,108.599,9.486,1,1.949,3.19,0.059,1,1,0
1,38.1698,0,17.9687,1,1,2,6,8,14.5968,49.51,0,40.548,80.358,20.839,1,39.142,69.811,0.401,1,134.967,84.175,0.286,0,1,0
0,38.6049,0,13.8054,1,1,0,6,2,12.8556,32.763,0,155.734,0.763,39.161,1,1.42,67.639,9.278,0,9.721,11.87,5.643,1,1,0
1,24.7069,0,19.3119,0,1,1,2,8,26.8454,53.498,0,144.845,1.876,30.032,1,61.229,26.413,6.906,1,2.608,34.122,0.523,0,1,0
1,39.1076,0,7.8002,1,1,0,2,2,18.4058,45.574,0,23.638,43.968,31.146,1,1.194,97.186,4.298,1,7.635,81.017,4.062,0,0,0
0,22.1098,0,14.9077,1,1,0,6,1,18.1555,58.545,0,80.058,10.166,30.832,1,71.787,55.222,9.007,1,53.109,25.241,0.903,0,1,0
0,22.684,0,5.0338,1,1,1,1,2,17.5454,59.09,0,139.463,49.82,0.158,1,42.955,29.974,0.739,1,16.282,24.571,0.077,0,0,0
1,28.2092,0,7.4075,1,1,0,7,6,13.8497,44.824,0,65.412,68.874,32.402,1,47.371,31.714,3.522,1,93.635,83.979,20.767,0,1,0
1,34.5931,0,19.0751,1,1,0,2,8,18.7657,56.544,0,14.514,533.995,32.952,1,99.939,3.093,7.537,1,1.225,83.725,0.118,0,0,0
0,34.8911,0,3.55,1,1,0,2,8,16.9108,54.258,0,134.923,51.168,32.072,1,42.66,67.883,4.22,1,7.924,74.138,0.021,0,1,0
0,20.931,0,12.5047,1,1,1,2,8,15.7459,54.878,0,109.457,29.312,22.246,1,58.311,102.218,7.9,1,4.242,154.07,1.112,0,1,0
1,28.6458,0,11.9631,1,1,1,6,2,10.5848,74.53,0,165.835,49.856,10.267,1,42.985,8.364,7.142,1,93.27,84.233,1.915,0,1,0
1,33.3701,0,1.0387,1,1,0,2,1,12.9546,46.024,0,178.131,215.957,10.692,1,82.318,54.619,3.982,1,31.919,74.876,0.08,0,1,0
0,28.6266,0,16.8988,1,1,0,6,6,16.3597,17.448,0,58.215,760.476,0.592,1,48.993,178.997,9.785,1,6.551,3.725,24.062,0,1,1
1,30.6458,0,18.962,1,1,1,4,2,19.8431,59.92,0,140.596,11.814,30.063,1,42.384,44.798,9.658,1,169.385,11.871,0.0,0,1,0
1,28.6193,0,19.5478,1,1,0,2,8,12.0015,36.999,0,10.438,239.096,14.299,1,65.029,22.404,3.218,1,22.988,89.127,0.417,0,1,0
1,34.1757,0,8.6001,1,1,0,2,2,15.5107,59.963,0,87.017,3.856,30.452,1,58.275,45.183,3.688,0,30.637,39.475,0.072,0,1,0
1,32.769,0,10.2943,1,1,0,2,2,18.7664,61.122,0,132.293,25.262,22.292,1,43.234,50.097,9.321,1,6.319,73.942,0.591,0,1,0
0,28.8313,0,13.9793,1,1,0,6,8,16.8359,56.427,0,16.904,216.191,18.262,1,98.247,74.289,4.941,1,59.665,47.475,0.481,0,1,0
0,38.827,0,18.1683,1,1,0,2,6,18.7927,49.244,0,110.652,14.103,2.181,1,2.995,16.074,1.965,1,25.121,98.413,1.952,0,1,0
1,31.3295,0,13.154,1,1,2,2,8,15.8497,62.74,0,25.316,21.991,0.162,1,1.355,46.964,9.508,1,6.169,91.221,10.022,0,0,0
1,28.9896,0,19.8764,1,1,1,4,6,13.0427,49.186,0,142.891,95.158,30.26,1,98.651,190.069,3.601,1,13.442,88.834,10.677,0,1,0
0,32.4591,0,14.6484,1,1,0,2,2,17.5245,63.073,0,16.158,114.656,32.29,0,45.085,56.135,8.32,1,141.251,5.276,0.074,0,1,0
1,38.4978,0,0.4435,1,1,0,2,7,16.1216,59.881,0,27.572,28.085,1.188,1,59.109,14.633,0.159,1,98.843,28.821,0.573,0,1,0
1,28.4541,0,12.1081,1,1,0,2,7,16.8605,52.243,0,149.093,91.992,9.173,1,56.514,45.562,9.31,1,82.325,48.251,0.047,0,1,0
1,36.9851,0,10.6501,1,1,0,2,6,14.5751,51.953,0,74.015,6.326,2.754,1,8.673,76.513,3.619,0,72.823,17.981,3.523,0,1,0
0,20.6858,0,18.3491,1,1,1,1,4,12.3318,19.328,0,143.553,118.057,0.153,1,41.912,44.553,2.942,1,150.161,4.735,2.332,0,0,0
1,21.4048,0,16.0058,1,1,0,11,5,16.4022,53.963,0,140.983,15.302,1.678,1,17.39,38.099,9.349,1,60.253,77.536,0.64,0,1,0
1,32.9442,0,10.7484,1,1,0,6,1,18.1444,1.234,0,112.23,25.823,2.962,1,60.198,40.469,0.368,1,145.353,84.939,0.186,0,1,0
1,38.083,0,5.9505,1,1,0,2,1,12.5099,59.036,0,79.612,93.898,14.013,1,49.933,172.119,3.593,1,203.691,1.951,0.947,0,1,0
0,35.675,0,17.9005,1,1,1,2,5,12.5781,69.523,0,109.83,301.51,20.635,1,65.725,36.953,1.919,1,137.663,12.557,1.387,0,1,0
1,28.2788,0,3.6367,0,1,0,2,8,10.5655,56.998,0,172.801,14.186,22.952,1,67.025,19.341,3.022,1,22.321,68.765,0.563,0,1,0
1,33.967,0,6.8127,1,1,0,6,2,15.7597,4.424,0,193.243,99.717,32.907,1,42.479,1.519,2.736,1,80.269,71.329,0.55,0,1,0
1,28.4575,0,19.0435,1,1,0,2,2,12.4401,58.504,0,40.282,79.339,29.117,1,44.268,97.948,5.36,1,0.919,71.374,0.094,0,1,0
0,38.3011,0,11.6439,1,1,0,2,2,11.8738,21.234,0,125.543,25.393,6.932,1,16.638,10.21,3.369,1,174.768,71.356,0.072,0,1,0
0,56.6758,0,8.5193,1,1,0,6,5,13.5452,64.954,0,117.519,97.256,2.456,1,61.021,20.591,4.933,1,6.468,73.176,0.821,0,0,0
1,38.6028,0,6.907,1,1,0,2,6,11.4336,58.923,0,105.52,98.473,31.202,1,53.463,19.0,2.444,1,140.652,59.121,1.987,0,1,0
0,38.3059,0,19.1374,1,1,0,2,1,14.514,0.961,0,128.113,18.297,32.468,1,38.221,68.904,1.925,1,275.323,63.815,0.988,0,1,0
1,38.63,0,18.9419,1,1,0,16,2,12.6816,58.054,0,149.034,680.456,3.259,1,89.636,87.952,2.642,1,31.233,76.858,1.087,0,1,0
1,48.6295,0,7.3136,1,1,0,5,2,16.8644,49.81,0,105.98,36.493,22.982,1,48.691,170.425,0.152,1,0.565,78.876,1.584,0,1,0
1,38.1678,0,10.49,1,1,0,6,5,13.3105,67.96,0,93.712,38.386,3.961,1,42.458,45.556,4.758,3,61.206,52.555,0.25,0,1,0
1,28.48,0,0.7925,1,1,0,6,2,17.4342,79.834,0,179.884,16.259,30.266,1,33.616,150.283,3.358,1,1.962,170.291,0.0,0,1,0
1,38.0597,0,13.8309,1,1,0,3,9,13.2455,54.919,0,115.874,7.476,0.064,1,12.269,106.253,3.963,1,3.619,89.183,8.555,0,1,0
1,37.485,0,14.9286,1,1,2,8,6,14.3004,27.763,0,32.122,78.365,2.874,1,41.04,40.817,7.922,1,3.101,48.176,0.045,1,1,0
1,33.7905,0,12.0257,1,1,2,12,8,14.4149,56.844,0,130.753,33.756,6.13,1,49.921,146.126,3.947,1,10.184,78.558,0.632,0,0,0
1,10.7514,0,18.9636,1,1,0,4,2,16.0477,51.404,0,77.093,116.883,26.017,1,9.302,53.903,7.689,1,65.864,5.824,1.787,1,1,0
1,38.0893,0,5.904,1,1,1,2,6,26.575,48.055,0,148.953,16.426,33.493,1,8.104,64.707,3.421,1,95.659,89.18,5.347,1,1,0
1,34.8324,0,10.5209,0,1,0,8,9,25.7495,40.871,0,2.108,24.808,14.672,1,98.698,96.575,6.217,1,93.962,84.476,1.272,0,1,0
1,36.6204,0,10.6053,1,1,0,4,2,12.6156,55.263,0,71.074,11.41,13.228,1,47.145,97.651,8.333,1,16.213,86.981,9.117,0,1,0
0,33.055,0,19.7994,1,1,0,5,6,14.6798,69.438,0,110.807,47.375,28.658,1,2.453,45.913,9.981,1,0.905,32.157,0.911,0,1,0
1,30.1351,0,0.7537,1,1,0,1,3,18.8554,36.804,0,60.524,210.705,1.221,1,9.914,16.958,9.725,1,9.929,96.603,1.189,0,0,1
0,36.8701,0,12.4087,1,1,0,16,6,14.4165,59.717,0,32.74,281.312,26.022,1,39.75,525.938,8.524,1,3.753,88.038,0.627,0,1,0
0,38.649,0,12.3542,1,1,1,1,8,17.5249,33.242,0,94.11,32.058,2.265,1,11.811,15.013,0.989,1,1.138,77.357,0.918,0,1,0
1,40.01,0,18.9821,1,1,0,2,6,10.9295,41.04,0,132.27,99.121,12.002,1,47.511,81.002,6.38,0,42.16,54.87,9.97,1,1,0
1,38.3448,0,1.9249,0,1,1,2,8,11.2316,42.004,0,217.659,17.614,22.128,1,43.403,4.493,8.688,1,15.269,56.525,0.058,0,1,0
1,31.647,0,2.6203,1,1,0,11,2,14.643,9.171,0,4.514,264.888,10.643,1,5.414,15.054,3.212,1,69.037,2.073,0.886,0,1,0
1,41.2557,0,12.761,1,1,0,2,7,16.4714,54.625,0,85.408,76.316,22.267,1,64.496,195.693,3.801,1,68.969,31.025,1.927,0,1,1
1,37.19,0,0.9022,1,1,0,2,8,14.9305,56.773,0,120.126,26.856,33.556,1,114.356,18.403,5.589,1,195.613,83.882,0.388,0,1,0
1,28.2732,0,19.1467,1,1,0,8,2,16.1289,17.567,0,154.548,12.166,2.852,1,71.098,46.627,7.731,1,160.642,68.552,0.271,0,0,0
0,28.4879,0,8.958,1,1,1,1,5,6.4517,17.644,0,63.05,12.316,3.896,1,8.255,48.407,3.311,1,46.123,28.255,0.947,0,1,0
1,20.1676,0,17.2908,1,1,0,7,2,16.7927,55.066,0,2.81,22.314,10.315,1,103.148,82.276,2.139,1,32.268,41.951,0.196,1,0,0
1,38.1829,0,12.4772,1,1,2,0,8,13.5429,42.103,0,134.338,2.341,4.138,1,40.194,69.564,7.949,1,31.771,54.27,0.923,0,1,0
1,38.809,0,14.9578,1,1,1,2,6,16.548,50.82,0,182.542,242.479,36.122,1,57.095,22.417,8.108,1,60.269,57.879,0.977,1,1,0
1,25.6064,0,18.5185,1,1,0,2,2,12.2143,47.965,0,138.89,349.516,0.154,1,8.332,113.61,0.029,1,11.552,0.373,0.021,0,1,0
1,38.695,0,10.1685,1,1,0,2,2,15.5757,70.1,0,145.403,611.314,31.264,1,32.792,14.603,3.143,1,35.763,55.481,24.119,0,1,0
0,21.1818,0,0.5057,1,1,0,14,2,14.8121,47.553,0,179.802,61.998,2.457,1,53.071,6.694,9.064,1,6.169,98.72,1.737,0,1,0
1,35.2296,0,13.9214,1,1,0,1,5,11.4167,47.643,0,25.202,22.333,31.258,1,67.282,69.02,9.646,1,46.911,7.877,0.05,0,1,0
0,38.1358,0,16.5319,1,2,2,6,2,10.6763,51.856,0,65.884,20.477,36.902,1,44.339,72.577,9.546,2,34.763,10.382,0.04,0,0,0
1,27.0601,0,10.8443,1,1,1,0,2,15.4344,51.663,0,8.731,223.361,28.994,1,50.902,10.119,3.904,1,79.277,4.945,1.771,0,0,0
1,35.4226,0,19.1677,1,1,0,6,8,28.8796,59.19,0,160.891,110.855,24.226,1,0.011,46.783,7.886,1,17.633,89.63,16.664,0,1,0
1,38.4567,0,18.5315,1,1,1,2,2,11.033,50.843,0,113.07,250.812,16.251,1,49.26,26.003,4.382,1,166.293,76.556,2.087,0,1,0
1,31.3971,0,17.0584,1,1,2,2,6,18.1001,53.254,0,166.443,32.358,0.726,1,60.905,76.105,6.339,1,88.293,9.943,0.625,0,1,0
1,38.8763,0,2.655,1,1,0,1,2,42.4744,56.95,0,100.933,111.163,33.074,1,55.422,47.773,1.581,1,12.189,94.571,4.273,0,1,0
0,38.8935,0,12.9297,1,1,0,0,2,16.9713,68.824,0,27.948,222.911,29.182,1,13.821,65.284,24.999,1,99.717,99.824,11.702,0,1,0
1,37.0099,0,19.5219,0,1,0,8,8,16.9987,8.966,0,0.444,72.353,28.079,1,33.551,44.974,1.989,1,103.369,81.456,2.782,0,1,0
0,30.6046,0,5.0503,1,1,1,2,2,34.4791,81.144,0,131.887,84.555,25.96,1,30.145,67.241,3.88,1,209.509,74.82,5.778,0,0,0
1,22.3205,0,11.0457,1,1,0,4,2,16.0326,55.093,0,148.503,521.155,31.698,1,8.281,27.904,2.631,1,103.201,91.185,0.867,0,1,0
1,20.0471,0,18.6456,1,1,2,2,2,12.4365,53.462,0,79.522,44.847,0.838,1,11.888,69.08,9.384,1,1.749,89.57,0.117,0,1,0
0,38.6426,0,0.5753,1,1,0,2,2,16.8914,54.941,0,142.888,96.954,5.981,1,48.391,64.476,6.777,1,62.384,69.053,0.034,0,0,0
0,35.1029,0,11.4703,1,1,2,2,4,12.3925,57.858,0,151.033,35.362,22.151,1,66.06,98.546,9.984,1,3.505,21.631,1.243,0,1,1
0,30.3071,0,6.4163,1,1,0,6,8,10.1747,54.943,0,60.209,0.253,6.205,1,8.511,145.29,6.125,1,82.01,78.927,0.179,0,1,0
0,36.7055,0,23.8706,0,1,0,2,8,16.2955,54.115,0,47.575,21.996,14.845,1,43.095,67.297,3.324,1,15.803,362.715,0.98,0,1,0
1,38.8861,0,12.1001,1,1,0,2,8,11.8274,52.923,0,64.493,60.875,35.95,1,3.483,3.99,2.666,1,5.26,67.877,0.962,0,1,0
1,39.4851,0,18.031,1,1,1,6,8,19.0059,19.294,0,70.098,11.88,6.974,1,69.612,1.775,7.098,1,92.749,61.726,4.287,1,1,0
1,57.6563,0,13.2388,1,1,0,2,2,18.6418,59.991,0,157.664,-5.862,22.086,1,26.053,0.286,9.012,1,3.269,8.467,4.372,1,1,0
1,25.1033,0,18.9102,1,1,0,2,1,13.547,41.697,0,54.174,37.974,0.958,1,48.246,10.011,0.129,1,3.808,64.594,1.978,0,1,0
1,38.7909,0,18.9741,0,1,0,2,2,14.0831,57.904,0,171.697,30.35,30.067,1,43.891,52.463,3.662,1,85.965,85.435,0.222,1,1,0
0,31.044,0,18.1989,1,1,1,6,6,10.0147,96.915,0,19.793,46.395,0.238,1,59.278,40.895,4.064,1,6.608,88.85,5.977,1,0,0
0,20.136,0,19.9357,1,1,2,1,2,13.9896,59.564,1,57.233,101.368,13.071,1,21.251,46.24,9.515,1,82.399,90.176,0.675,1,1,0
1,31.5533,0,20.3729,1,1,0,2,6,15.1168,68.534,0,32.592,53.463,37.29,1,60.234,78.942,3.725,1,60.212,58.055,1.911,0,1,0
0,38.1814,0,9.3731,1,1,0,2,3,16.5739,7.014,0,46.118,633.907,39.428,1,38.675,26.593,4.709,1,67.766,89.826,0.294,0,1,0
0,38.8718,0,15.0259,1,1,2,2,1,16.3137,49.005,0,45.045,214.713,19.21,1,118.955,38.265,2.952,1,0.423,89.73,1.26,0,1,0
0,22.6501,0,12.028,1,1,0,10,2,10.4244,47.546,0,190.853,60.454,0.492,1,59.299,213.501,8.527,1,104.333,75.031,1.86,0,1,0
1,38.1421,0,8.3748,1,1,2,2,6,11.3782,56.623,0,207.876,473.902,23.158,1,66.893,98.616,4.622,1,81.266,77.756,1.344,0,1,0
0,48.9649,0,10.9415,1,1,0,2,1,15.4262,9.312,0,54.482,65.826,2.474,1,63.989,76.003,3.64,1,12.555,30.953,0.284,0,1,0
1,20.5035,0,19.277,1,1,0,4,2,12.843,99.437,0,30.879,301.546,22.953,1,59.685,59.313,7.359,1,171.121,94.185,5.071,0,1,0
0,34.7905,0,17.9416,1,1,1,6,8,11.4711,56.02,0,113.041,261.374,32.561,1,9.082,98.983,5.182,1,99.224,86.955,22.087,0,0,0
1,38.1509,0,12.8445,1,1,2,2,2,12.556,50.554,0,187.324,32.876,0.723,1,40.682,17.464,1.352,1,40.823,25.773,0.542,0,1,0
1,30.7268,0,0.1409,1,1,0,2,2,11.0126,60.563,0,31.012,112.85,39.462,1,42.391,20.218,3.068,1,95.834,70.57,0.277,0,1,0
1,38.5324,0,19.1697,1,1,0,6,2,18.403,59.741,0,95.59,125.405,0.265,1,59.315,1.86,3.135,1,76.165,78.481,38.61,0,1,0
0,38.1278,0,29.6605,1,1,0,6,6,15.548,58.974,0,68.218,269.312,20.456,1,69.284,29.236,2.52,1,49.751,86.755,4.671,1,1,0
0,28.1016,0,19.074,1,1,2,6,8,16.6329,47.913,0,98.886,46.732,9.148,1,48.243,44.457,7.125,0,70.356,26.15,0.062,0,1,0
1,38.9656,0,10.6598,1,1,0,1,2,16.8553,53.817,0,58.85,94.821,9.578,1,58.664,73.989,9.089,1,141.266,59.903,0.962,0,1,0
1,28.3206,0,13.3013,1,1,0,2,8,12.9524,38.934,0,466.345,72.992,21.831,1,41.408,6.045,0.287,1,71.833,14.129,9.798,0,1,0
0,28.0559,0,13.3584,1,1,0,9,2,18.8507,80.219,0,136.954,26.218,3.742,1,69.303,20.883,4.13,1,47.223,373.117,0.873,0,1,0
0,28.9005,0,19.0091,0,1,0,2,7,26.0024,43.243,0,145.417,70.926,0.059,1,53.538,76.7,47.049,1,13.269,84.77,0.702,0,0,0
0,38.2897,0,18.044,1,1,0,8,2,13.276,51.563,0,144.227,243.328,0.974,1,93.632,0.553,0.321,1,10.729,28.778,0.277,0,1,0
1,24.1903,0,14.2288,1,1,2,2,8,16.6804,43.234,0,94.842,16.456,93.282,1,11.128,87.473,9.905,1,9.296,21.25,0.17,0,1,0
1,38.1071,0,17.9062,1,1,0,2,1,14.8163,56.885,0,27.298,90.206,32.15,1,38.744,50.283,3.327,1,63.261,2.773,0.901,0,0,0
0,38.6075,0,2.8013,1,1,0,2,7,46.4357,77.216,1,72.757,7.879,2.075,1,19.601,34.009,3.941,1,110.385,18.838,0.175,0,1,0
0,20.1891,0,4.0437,1,1,1,7,2,14.5533,85.91,0,179.864,21.345,6.484,1,48.192,23.789,1.725,1,31.297,90.73,0.086,0,1,0
0,34.7021,0,17.1019,1,1,1,2,6,10.9392,69.204,0,110.548,12.293,26.549,1,52.474,46.133,1.947,1,63.353,48.752,4.255,0,1,0
0,33.8732,0,0.8517,1,1,0,2,2,16.3117,49.069,0,55.002,34.772,17.576,1,59.269,46.758,3.302,1,73.006,78.176,0.585,0,1,0
1,20.6011,0,8.9628,1,1,1,8,7,16.1571,21.685,0,143.988,95.885,0.554,1,41.655,50.493,9.283,1,93.921,8.108,0.117,1,1,0
0,28.1723,0,22.2229,1,1,0,2,8,19.1344,43.61,0,183.054,11.516,34.2,1,19.101,76.936,4.089,1,65.994,64.529,0.963,0,1,0
1,22.686,0,19.9457,1,1,2,2,6,13.4294,59.25,0,55.093,568.819,31.884,1,11.141,44.46,2.133,1,16.717,68.557,0.54,0,1,0
1,38.464,0,17.0483,1,1,0,8,7,14.7225,59.223,0,187.71,10.499,35.458,1,58.428,1.017,0.38,1,45.921,19.805,0.998,1,1,0
0,34.4671,0,8.8401,1,1,0,0,2,16.784,51.044,0,100.437,125.315,0.01,1,8.628,11.524,9.315,1,65.169,93.775,0.986,0,1,0
1,20.1078,0,10.9704,1,1,0,8,2,13.5243,55.444,0,126.841,46.262,0.18,1,93.699,67.551,2.039,1,23.431,82.865,1.963,0,1,0
1,24.9926,0,10.6008,1,1,0,7,3,11.8644,53.979,0,2.89,156.153,32.314,1,88.169,87.773,9.532,1,49.026,71.535,1.686,0,1,0
1,35.9722,0,10.6375,1,1,1,5,2,16.4731,62.957,0,37.852,10.572,36.342,1,68.105,30.594,6.219,1,0.703,93.751,1.175,0,1,0
1,38.2454,0,3.1861,1,1,0,2,1,16.3727,52.754,0,60.512,29.373,12.096,1,56.463,57.946,39.99,1,3.049,4.881,7.197,0,1,0
0,22.6145,0,9.4193,1,1,0,6,8,11.4441,40.154,0,159.974,588.953,5.601,1,48.3,48.594,9.962,1,3.634,87.924,0.772,0,1,0
1,20.177,0,17.0695,1,1,0,6,2,10.4124,50.808,0,16.486,19.311,10.318,1,48.325,68.564,1.325,1,62.276,46.764,20.987,0,0,0
1,38.6544,0,13.9553,1,1,1,2,8,12.8324,44.636,0,44.78,49.555,37.498,1,12.614,0.204,7.946,1,22.269,9.189,2.662,0,1,0
0,31.3051,0,3.9923,1,1,0,2,3,11.2025,81.493,0,51.053,92.075,3.97,1,40.594,18.963,4.109,1,1.204,18.153,0.987,0,1,0
1,20.1535,0,6.3217,1,1,0,2,6,13.2911,59.954,0,175.114,49.976,1.608,1,111.358,77.45,3.879,1,83.654,87.203,0.945,0,1,0
0,35.6209,0,13.8557,1,1,0,2,7,15.5587,53.933,0,104.432,1.879,19.064,1,14.522,46.538,0.32,1,63.92,54.765,0.76,0,1,0
1,29.4856,0,11.9629,0,1,1,5,2,16.815,50.946,0,3.7,282.724,0.065,1,90.314,42.759,4.38,1,81.027,74.671,1.272,0,1,0
0,28.7471,0,4.6181,1,1,0,2,8,15.3674,51.264,0,74.572,25.454,5.12,1,79.778,69.448,3.613,1,11.927,50.529,0.463,0,0,0
1,35.3213,0,7.8557,1,1,0,1,6,15.7443,41.754,0,150.086,68.318,13.648,1,118.701,13.277,0.989,1,27.916,96.025,0.377,0,1,0
1,30.4271,1,8.0309,1,1,0,2,6,17.2475,52.893,0,38.114,209.923,23.252,1,49.199,3.557,3.365,1,5.023,41.896,0.288,0,1,0
0,38.7009,0,17.0599,1,1,0,0,1,15.5092,77.189,0,157.582,38.456,15.237,1,48.371,48.686,2.51,1,69.203,310.123,0.17,0,1,0
1,38.9071,0,19.9391,1,1,1,2,2,12.5713,59.684,0,230.443,23.89,4.214,1,68.641,44.644,5.385,1,61.261,36.65,0.77,0,0,0
0,34.308,0,5.4002,1,1,1,2,6,21.6264,94.654,0,40.117,235.858,25.883,1,8.311,48.983,3.741,1,61.359,18.176,0.082,0,0,0
1,20.3648,0,10.5987,1,1,0,2,5,16.4985,39.304,0,127.528,101.328,33.751,1,59.265,125.777,3.425,1,66.301,74.326,0.283,0,1,0
0,34.1081,0,11.149,1,1,1,1,6,14.5797,54.154,0,64.181,28.121,20.622,1,2.614,9.75,4.669,1,35.286,63.175,0.987,0,1,0
1,38.3406,0,0.6476,1,1,0,2,2,12.3305,58.893,0,63.522,28.209,34.074,1,39.301,56.954,3.362,0,11.906,26.17,7.322,0,1,0
0,22.0653,0,6.4088,1,1,0,6,2,26.8164,66.953,0,204.75,175.456,32.568,1,42.813,23.416,3.339,1,11.321,44.271,1.212,0,1,0
1,28.1701,0,3.3509,1,1,1,6,2,14.6822,51.537,0,55.219,247.377,32.094,1,49.044,10.081,6.622,1,65.981,54.778,0.705,0,1,0
1,38.1846,0,19.6006,0,1,2,2,7,16.8087,49.54,0,613.003,68.426,2.994,1,59.115,56.503,4.327,1,64.006,88.986,1.92,0,1,0
1,35.6015,0,4.4087,1,1,0,0,9,12.6093,51.01,0,216.807,39.604,7.284,1,55.353,10.283,3.444,1,85.093,64.547,0.873,0,1,0
1,38.742,0,22.7558,0,1,0,4,1,16.9747,58.264,3,22.807,-3.896,3.992,1,8.314,51.583,9.331,1,12.395,51.947,8.159,1,0,0
0,31.0192,0,16.0558,1,1,2,2,4,11.454,51.654,0,8.555,41.856,39.865,1,42.445,13.642,4.144,1,140.408,86.375,0.331,0,1,0
0,38.763,0,18.8941,1,1,0,1,6,14.5154,59.843,0,0.578,99.358,6.72,1,12.212,66.616,4.038,1,11.969,1.362,5.967,1,1,0
1,31.6021,0,10.7363,1,1,0,3,2,13.452,49.513,0,145.786,0.826,6.465,1,22.414,141.404,3.124,1,113.824,57.151,1.625,0,1,0
1,38.4956,0,14.5589,1,1,2,2,9,16.1666,52.953,0,170.181,56.126,16.159,1,18.411,1.997,9.564,1,3.349,81.17,0.263,0,0,0
1,25.061,0,4.9342,1,1,0,0,5,12.3624,57.279,0,71.83,259.401,35.087,1,107.712,16.196,3.172,0,60.956,74.817,6.212,0,1,0
1,20.8013,0,9.1373,1,1,2,1,2,16.4241,62.55,0,61.862,73.815,33.028,1,361.399,1.29,3.801,1,8.613,19.955,9.212,0,1,0
0,24.4042,0,18.0393,1,1,0,6,2,13.7723,6.945,0,48.069,97.324,32.627,1,31.687,28.774,3.003,1,113.353,80.835,0.283,0,1,0
0,34.5615,0,0.0956,1,1,0,3,6,16.501,4.203,0,41.738,79.915,10.662,1,79.527,140.954,2.381,1,95.316,89.302,0.072,0,1,0
1,34.111,0,26.7377,1,1,0,4,2,10.6302,46.623,0,142.111,368.677,23.768,1,38.662,18.526,5.988,1,63.964,81.219,0.032,0,1,0
1,20.7551,0,11.9683,1,1,2,2,8,12.4697,57.527,1,125.429,-60.356,31.72,1,19.354,44.555,3.889,1,176.716,4.275,8.047,0,1,0
1,38.856,0,14.005,1,1,1,3,6,17.5057,59.443,0,42.5,40.391,0.32,1,54.306,20.216,9.265,1,93.383,18.125,0.087,0,1,0
0,28.1825,0,14.4281,1,1,2,2,2,17.3544,58.209,0,34.875,246.104,2.581,0,59.894,3.41,9.959,1,15.123,87.17,0.7,0,1,0
1,38.3291,0,3.3641,1,1,0,6,2,14.0167,34.71,0,140.766,66.575,34.152,1,93.097,58.493,3.984,1,13.962,3.224,2.915,1,1,0
1,33.405,0,10.4404,1,1,0,7,2,10.8285,47.244,0,135.414,25.814,2.916,1,69.642,64.21,2.919,1,62.932,54.568,3.923,0,1,0
1,30.0254,0,0.6333,1,1,0,2,1,10.4635,7.029,0,78.198,98.616,28.551,1,42.693,70.277,2.334,1,21.27,33.325,0.87,1,1,0
1,30.6532,0,0.6157,1,1,0,2,2,17.875,79.553,0,90.712,69.436,6.559,0,44.563,87.893,9.781,1,65.133,38.295,0.916,0,1,0
1,24.1371,0,5.9357,1,1,1,2,8,15.9665,53.927,0,145.543,27.312,0.798,1,68.817,46.763,2.764,1,0.969,99.17,0.182,0,1,1
1,31.6502,0,10.6621,1,1,0,2,2,10.4541,79.195,0,18.508,8.356,11.292,1,18.101,48.538,3.38,1,21.664,76.681,5.982,0,1,0
0,25.9841,0,13.4454,1,1,0,0,8,13.5196,84.329,0,36.804,477.918,3.568,1,68.115,0.737,6.512,1,114.221,1.973,3.524,0,1,0
1,38.1238,0,12.9657,1,1,0,2,8,15.4669,59.118,0,184.78,47.955,18.153,1,38.783,70.35,7.109,1,62.249,77.52,0.777,0,1,0
0,38.2691,0,15.114,1,1,2,14,2,16.7448,94.04,0,75.513,6.386,9.298,1,69.991,18.954,4.914,1,66.934,47.393,0.287,0,1,0
0,32.3378,0,13.857,1,1,0,2,2,11.2368,48.644,0,104.858,57.745,3.273,1,41.396,7.233,2.983,1,92.166,70.375,0.637,0,1,0
1,21.6507,0,17.5013,1,1,0,7,4,18.3798,53.94,0,168.317,80.896,16.784,1,98.358,63.107,8.642,1,143.269,93.556,1.181,0,1,0
1,21.7773,0,18.9751,1,1,0,1,6,18.4324,49.973,0,32.683,167.813,5.02,1,64.598,68.203,9.988,1,17.713,50.12,4.872,0,1,0
1,36.5773,0,28.2457,0,1,0,2,5,11.3027,50.664,0,98.717,79.493,36.216,1,100.463,47.01,7.97,1,0.566,54.776,0.005,0,1,0
1,21.6549,0,7.6089,1,1,0,12,2,12.4145,59.323,0,85.216,211.583,20.756,1,32.983,44.102,2.163,1,13.096,68.573,7.037,0,1,0
1,32.9176,0,13.9781,1,1,0,4,7,18.2107,40.541,0,73.143,76.535,33.593,1,16.397,19.795,3.698,1,45.768,88.021,9.19,0,0,0
1,38.48,0,8.55,1,1,1,2,9,38.7385,62.106,0,24.51,69.91,3.256,1,46.65,146.413,6.12,1,142.623,91.225,1.669,0,1,0
1,38.2259,0,10.0287,1,1,0,0,7,25.4254,56.846,0,2.185,27.396,14.182,1,6.611,5.715,8.639,1,200.341,71.854,0.517,0,1,0
1,33.66,0,13.0521,1,1,0,2,6,17.1574,59.515,0,70.552,9.334,52.475,1,72.89,41.084,5.732,1,0.168,91.376,1.867,0,1,0
1,33.325,0,2.9777,1,1,1,2,6,16.9911,49.249,0,637.418,62.526,33.06,1,33.983,67.28,6.105,1,0.402,99.941,6.962,0,1,0
0,35.3823,0,20.5552,1,1,0,18,2,19.9397,58.92,0,154.637,248.799,0.906,1,39.019,82.413,3.329,1,11.207,24.324,0.976,0,1,0
1,38.4609,0,10.93,1,1,0,2,5,19.8999,67.744,0,163.072,324.916,2.407,1,18.984,87.133,7.478,0,8.219,53.371,0.268,0,1,0
0,28.0898,0,9.6607,0,1,0,6,5,15.8637,45.445,0,145.833,78.913,2.982,1,2.015,44.787,0.381,1,4.523,21.553,0.037,0,1,0
1,38.7363,0,19.3571,1,1,0,2,1,11.852,59.22,0,111.542,57.455,9.562,1,39.379,14.542,3.315,1,1.113,80.734,1.237,1,1,0
1,28.3066,0,0.3366,1,1,0,2,6,15.424,17.564,0,107.102,54.886,36.017,1,53.895,46.995,6.042,1,97.056,53.526,0.777,0,0,0
1,23.7641,0,10.0003,1,1,0,2,8,14.48,67.51,0,13.457,114.086,20.382,1,18.501,7.553,0.619,1,160.085,5.744,3.875,0,1,0
0,38.9763,0,15.2389,1,1,0,2,2,18.8555,52.263,0,172.093,27.064,33.154,1,5.458,44.712,3.08,1,60.707,156.62,0.081,0,1,0
0,26.4856,0,19.2148,1,1,0,8,3,11.8729,59.87,0,155.723,20.417,29.794,1,49.789,17.492,48.335,1,1.086,72.476,0.816,0,1,0
1,38.1289,0,13.5704,1,1,2,2,5,16.6617,51.056,0,94.58,79.168,32.113,1,69.221,72.203,4.313,1,79.163,20.122,0.592,0,1,0
1,35.1143,0,11.3388,1,1,0,8,9,33.5396,52.94,0,196.045,1.457,2.152,1,54.199,40.989,0.381,1,98.213,10.559,0.201,0,1,0
0,38.6633,0,16.9227,0,1,0,2,2,14.1116,59.874,0,114.657,6.886,31.955,1,42.877,29.226,6.994,1,91.101,88.32,1.3,0,1,0
1,20.0847,0,8.1163,0,1,0,8,9,10.0251,54.854,0,179.308,45.325,3.062,1,42.094,38.463,3.92,1,6.789,91.986,0.326,0,1,0
1,38.3007,0,18.5136,1,1,0,8,3,15.4711,51.864,0,82.443,25.971,16.118,1,48.517,79.978,4.563,1,121.073,56.323,4.04,0,1,0
0,30.7912,0,9.8392,1,1,0,2,3,23.8207,39.319,0,5.711,203.061,0.101,1,59.543,76.372,7.639,1,124.164,45.07,7.081,0,1,0
1,26.102,0,18.9567,1,1,1,2,3,14.5524,57.853,0,174.596,30.88,0.982,1,45.547,146.61,2.719,1,33.262,85.127,0.17,0,1,0
1,37.9371,0,17.9787,0,1,0,1,7,13.8114,31.61,0,124.131,-0.392,16.652,1,48.616,43.863,5.982,1,61.196,90.771,0.875,0,0,0
1,32.4638,0,19.8381,1,1,0,1,2,19.8112,54.613,0,36.533,79.353,3.52,1,8.294,50.932,2.346,1,63.211,75.653,0.117,0,1,0
0,30.5015,0,19.432,1,1,0,6,2,14.513,39.434,0,155.093,21.061,6.118,1,53.612,7.966,3.714,1,0.366,24.918,5.975,1,1,0
1,38.9479,0,17.938,1,1,1,1,5,27.365,44.033,0,142.678,2.401,50.385,1,58.112,137.467,9.398,1,6.269,53.705,4.272,0,1,0
1,34.786,0,13.6548,1,1,0,4,6,14.2672,52.265,0,37.412,115.798,9.95,1,199.368,7.503,3.109,1,108.269,74.875,0.202,0,1,0
0,28.089,0,29.9541,1,1,2,2,2,15.4654,11.89,0,55.089,68.373,33.644,1,87.399,0.297,2.089,1,13.926,79.772,8.082,0,1,0
0,25.6755,0,4.6317,1,1,0,8,2,14.4347,58.45,0,44.553,97.595,26.82,1,48.012,115.578,0.624,1,29.703,92.179,1.262,0,0,0
1,30.203,0,11.9201,1,1,0,2,6,19.5205,41.22,0,153.749,195.854,34.214,1,16.153,78.914,9.305,1,862.959,84.206,1.137,0,1,0
1,34.3073,0,13.5593,1,1,0,0,2,18.3526,57.971,0,116.001,143.816,0.634,1,49.128,33.446,3.283,1,3.727,73.526,5.577,0,0,0
1,28.8665,0,14.7491,1,1,2,2,2,18.82,10.884,0,89.565,371.326,22.002,1,8.744,74.374,0.982,1,1.736,5.247,2.58,0,1,0
1,28.347,0,12.0547,1,1,0,2,5,23.7943,70.599,1,41.732,110.364,26.832,1,63.423,25.593,8.46,1,99.387,290.27,4.074,0,1,0
0,65.2519,0,13.9963,1,1,0,2,9,15.8222,38.526,0,132.822,85.616,2.152,1,49.662,46.408,3.949,1,101.202,72.425,0.997,0,0,0
1,33.6455,0,18.8637,1,1,1,1,6,12.5834,56.504,0,130.117,77.852,10.759,1,69.886,156.915,3.331,1,196.828,97.777,1.472,0,1,0
1,32.6621,0,10.8081,1,1,0,2,2,16.5611,54.823,0,113.916,42.828,6.232,1,61.261,57.095,2.989,1,15.362,94.475,0.516,0,1,0
1,28.0678,0,4.8011,1,1,0,6,4,13.861,46.569,0,106.181,115.492,30.285,1,44.815,75.953,6.705,1,7.505,13.636,2.062,0,1,0
0,21.2018,0,13.4018,0,1,0,2,8,23.2687,54.695,0,71.5,10.454,2.418,1,9.315,48.215,0.382,1,62.269,88.999,0.621,0,0,0
0,38.8663,0,11.9608,1,1,0,2,6,14.622,54.567,0,151.741,29.517,29.032,0,10.114,57.403,4.887,1,40.111,43.942,1.811,0,0,0
1,30.4535,0,3.8259,1,1,0,1,1,15.8654,58.827,0,159.844,15.857,9.279,1,23.355,198.145,4.117,1,1.063,72.58,0.868,0,1,0
1,23.0207,0,0.9652,1,1,2,2,2,12.3133,61.108,0,142.097,-87.953,32.699,1,18.548,49.055,3.121,1,163.338,78.561,0.983,0,1,0
1,38.1906,0,27.8407,1,1,1,8,8,15.9149,97.214,0,48.586,117.513,2.221,1,18.01,129.037,9.216,0,73.322,15.223,0.278,0,1,0
0,38.1976,0,19.9134,1,1,0,2,7,12.1144,6.903,0,119.543,54.245,33.666,1,85.312,18.239,9.008,1,145.221,368.131,0.87,0,1,0
0,34.2399,0,10.5048,1,1,0,5,2,18.0094,59.999,0,194.091,577.995,39.667,1,48.744,6.607,7.439,1,60.352,53.815,0.592,0,1,0
0,38.177,0,28.1503,1,1,0,2,6,16.6044,45.064,0,72.546,1.054,33.702,1,2.211,20.943,5.369,1,1.993,7.321,0.8,1,1,0
1,35.1074,0,10.9127,1,1,0,2,8,10.4789,54.374,0,154.819,190.396,11.891,1,47.586,3.964,9.436,1,12.313,81.728,0.064,1,0,0
0,38.05,0,11.135,1,1,0,1,5,18.6293,36.153,0,47.76,274.195,3.212,1,98.429,78.697,9.012,1,46.923,53.338,0.184,1,0,0
0,44.5718,0,15.8267,1,1,0,2,6,15.395,19.277,0,48.015,3.891,32.572,1,59.666,18.198,9.719,1,169.916,66.473,0.508,1,1,0
1,33.8337,0,5.8231,1,1,1,2,7,11.8648,56.117,0,192.789,231.33,50.912,1,93.178,46.584,0.904,1,30.246,56.171,7.079,0,0,0
0,38.3012,0,18.4433,1,1,0,0,6,17.4596,58.113,1,10.181,71.457,33.832,1,140.231,80.805,7.939,1,6.967,82.129,8.07,0,1,0
0,31.6795,0,0.6481,1,1,0,8,2,14.3451,10.614,0,72.284,8.894,30.181,1,58.389,12.858,8.521,1,11.6,81.426,0.588,0,0,0
0,30.1079,0,16.231,1,1,0,2,2,14.4315,16.955,0,44.715,298.672,0.916,1,96.899,113.239,2.844,1,15.267,15.27,0.572,0,1,0
1,31.8021,0,18.9604,1,1,0,1,2,18.8498,79.66,0,117.515,46.555,0.245,1,8.421,34.912,7.673,1,206.897,65.556,0.186,0,1,0
0,30.6002,0,14.0397,1,1,0,6,1,15.6654,89.813,0,197.062,29.256,0.8,1,47.63,17.904,7.21,1,7.93,91.905,0.737,0,1,1
0,31.8569,0,29.1421,1,1,0,16,7,13.3149,58.507,0,59.105,118.831,18.984,1,48.014,101.211,0.69,1,102.269,76.277,8.523,0,0,0
1,35.187,0,10.8071,0,1,1,2,4,14.8437,51.189,0,4.12,247.793,33.792,1,31.14,127.414,3.381,1,68.318,93.863,0.067,0,1,0
1,23.4609,0,15.604,1,1,0,2,5,19.6142,79.859,0,155.537,249.838,12.954,1,91.044,81.133,11.989,1,34.319,12.221,0.687,0,0,0
1,30.8848,0,17.5247,1,1,0,2,2,18.1354,58.459,0,289.458,26.616,32.644,1,49.015,63.172,8.027,1,66.699,53.676,1.873,0,1,0
1,38.9221,0,16.5127,1,1,0,2,6,23.4147,81.939,0,174.88,26.302,2.88,0,0.432,10.349,3.335,1,142.221,273.364,0.638,0,1,0
1,36.165,0,10.109,1,1,0,2,6,13.4782,52.165,0,104.017,47.854,33.422,1,36.731,94.183,3.383,1,13.953,74.82,1.372,0,1,0
1,37.8623,0,17.3218,1,1,0,2,2,10.5319,80.843,0,44.448,64.067,9.09,1,48.158,33.357,8.387,1,62.71,37.725,9.058,0,1,0
1,28.687,0,27.5954,1,1,2,2,2,10.5524,54.55,2,4.278,93.805,0.225,1,2.172,6.914,2.137,1,8.703,35.672,20.67,0,1,0
1,29.3806,0,12.9031,1,1,0,2,5,15.8734,58.714,0,8.009,13.956,35.631,1,11.894,2.913,4.489,1,43.206,63.957,2.022,0,1,0
0,38.704,0,12.6096,1,1,0,1,2,13.8995,51.009,3,129.542,0.368,2.472,1,48.81,79.037,7.289,1,66.212,53.656,7.527,0,1,0
0,38.4702,0,16.8388,1,1,0,6,9,11.9171,69.679,0,137.74,54.678,6.754,1,0.226,13.394,9.165,1,2.661,60.825,7.17,0,1,0
1,22.1176,0,14.1413,1,1,0,1,2,19.1326,53.256,0,140.503,89.996,31.855,1,62.562,20.215,3.92,1,10.202,84.17,5.187,0,1,0
1,38.1605,0,3.5381,1,1,0,1,2,10.101,31.93,0,44.132,39.006,1.419,1,67.154,37.984,3.726,1,1.369,94.137,0.281,1,1,0
1,12.0068,0,4.0452,1,1,0,2,6,18.1447,48.613,0,30.686,-16.046,0.41,1,6.32,67.039,3.38,1,3.473,38.12,0.293,0,1,0
1,39.0771,0,1.9153,1,1,1,3,7,19.598,56.984,0,140.684,97.803,33.519,1,1.694,77.227,6.164,1,153.112,84.516,4.287,1,1,0
1,31.65,0,22.0519,1,1,0,2,2,12.1194,80.903,0,71.834,63.356,6.693,1,47.023,96.498,4.383,1,86.584,55.879,0.277,0,1,0
1,28.1695,0,18.6322,1,1,0,19,2,17.164,96.925,0,0.944,119.617,4.254,1,2.895,17.713,6.642,1,61.169,18.87,8.92,0,1,0
1,48.7516,0,11.6118,1,1,0,8,8,17.477,53.81,0,13.318,264.812,32.435,1,45.047,65.064,3.328,1,47.119,9.375,0.082,0,1,0
1,20.1819,0,4.0426,1,1,0,2,1,11.0744,56.734,0,149.54,37.852,18.452,1,61.315,0.88,7.515,1,107.767,60.675,0.172,0,1,0
1,28.1602,0,18.6236,1,1,0,12,2,15.134,56.141,0,8.416,0.959,30.493,1,48.102,37.209,7.384,1,33.169,38.821,0.777,0,1,0
1,30.2457,0,4.9331,1,1,0,6,3,16.4657,41.593,0,127.817,195.382,0.21,1,32.631,30.841,0.913,1,97.799,2.576,2.413,0,1,0
1,28.42,0,12.9501,1,1,0,2,6,12.4207,54.501,0,36.346,12.383,11.615,1,62.994,86.494,4.757,1,62.934,39.921,0.275,0,1,0
1,25.1672,0,3.1483,1,1,2,2,2,10.844,41.233,0,96.226,518.157,35.434,1,33.633,70.509,7.046,1,9.323,84.853,1.083,0,1,0
1,30.8671,0,10.5512,1,1,1,2,2,14.8253,47.856,0,118.92,12.823,19.264,1,69.415,10.263,2.424,1,92.983,61.831,0.702,0,1,0
1,29.1853,0,2.5748,1,1,0,12,2,13.9481,59.833,0,2.011,7.511,22.892,1,31.122,16.517,5.78,1,48.164,54.766,0.877,0,1,0
0,36.6691,0,13.0118,1,1,0,0,2,19.7249,46.539,0,115.914,211.959,29.552,1,5.256,197.137,3.789,1,90.261,10.803,1.569,0,1,0
0,38.8052,0,12.9051,1,1,0,2,2,15.1758,44.921,0,109.007,82.66,33.319,1,38.015,83.779,2.604,1,251.121,94.11,11.91,0,0,0
1,38.2638,0,17.9297,1,1,1,8,6,14.8102,50.797,0,100.815,24.368,37.22,1,7.204,32.502,6.424,1,5.945,24.123,2.762,0,1,0
0,35.707,0,19.8317,1,1,0,4,2,14.5019,69.033,0,15.329,61.376,39.954,1,168.866,11.91,5.36,1,0.771,88.052,0.26,0,1,0
1,33.183,0,10.0103,1,1,0,5,2,14.5314,55.906,0,20.415,36.19,39.947,1,51.389,64.89,6.079,1,117.303,99.178,0.277,0,1,0
1,23.6355,0,11.6959,1,1,0,0,6,13.4464,54.91,0,140.81,165.311,43.728,0,8.215,13.774,8.949,1,30.61,32.541,1.507,0,1,0
1,38.4597,0,4.2546,1,1,0,2,2,13.5159,50.499,0,5.112,298.47,20.494,1,63.85,50.937,3.523,1,0.15,84.423,0.712,0,1,0
1,28.8203,0,18.5418,1,1,0,8,7,10.5647,59.604,0,108.444,85.502,33.984,1,59.714,0.549,4.681,1,2.189,72.858,0.042,0,0,0
1,34.4725,0,15.9655,1,1,0,10,2,13.0124,52.187,0,175.51,40.366,50.165,1,42.324,101.272,9.039,1,40.018,87.526,0.71,0,1,0
0,40.4803,0,12.6049,1,1,0,2,2,12.7051,10.246,0,14.592,19.875,8.752,3,48.431,44.633,4.062,1,3.922,17.73,3.567,0,1,0
0,34.26,0,15.9183,1,1,1,2,2,15.8254,59.416,0,146.895,28.755,22.958,1,98.111,107.238,0.117,1,1.004,73.824,0.877,1,1,0
0,20.0647,0,17.3695,1,1,0,2,6,11.4987,59.895,0,15.542,219.926,39.268,1,58.224,67.937,0.962,1,80.368,9.946,0.577,0,1,0
1,28.6014,0,12.89,1,1,0,12,2,16.0748,54.963,0,157.54,19.314,37.061,1,49.291,76.362,4.762,1,2.019,11.79,0.577,0,1,0
1,20.0049,0,4.0381,1,1,0,0,6,16.6452,55.954,0,143.218,16.314,37.27,1,12.311,41.69,8.449,1,51.263,80.325,0.927,1,1,0
1,38.8555,0,0.9823,1,1,1,10,6,13.8635,53.22,0,24.668,-6.953,2.71,1,51.711,14.27,6.94,1,99.21,64.786,1.142,0,1,0
0,33.8057,0,12.5097,1,1,0,2,1,10.4697,40.629,0,52.532,96.302,32.139,1,48.281,21.974,9.52,1,5.261,8.983,0.607,0,1,0
1,26.3849,0,14.6615,0,1,0,0,2,19.8109,22.55,0,175.629,10.976,2.902,1,31.708,57.233,4.703,1,62.14,22.42,0.077,0,1,0
1,38.661,0,17.1297,1,1,2,6,2,18.8415,52.159,1,174.431,109.396,2.575,1,6.096,0.248,3.33,1,40.17,16.463,20.983,0,1,0
1,38.1025,0,14.2359,1,1,2,2,6,16.4117,42.421,0,158.576,209.353,19.475,1,20.39,97.594,4.061,1,25.704,1.272,1.632,0,1,0
1,38.3053,0,13.3948,1,1,1,2,2,24.6997,56.654,0,21.885,103.053,35.134,1,37.059,27.263,2.031,1,41.653,74.808,2.056,0,1,0
0,21.4498,0,16.0781,1,1,0,6,5,28.8941,82.823,0,14.333,114.156,39.733,1,45.865,52.44,0.329,1,70.369,47.342,1.926,1,1,0
0,38.3338,0,19.9448,1,1,0,8,1,14.5709,59.274,0,72.295,214.555,9.292,1,41.61,76.948,2.992,1,166.243,55.95,0.692,0,1,0
1,30.761,0,13.9359,1,1,0,2,1,14.1711,89.216,0,123.529,60.645,33.271,1,20.774,77.474,2.31,1,63.76,59.715,8.613,1,1,0
1,28.324,0,12.9737,1,1,0,2,2,18.8044,54.52,0,0.074,21.95,16.91,1,43.911,65.745,33.323,1,3.824,34.527,11.12,1,1,0
1,27.277,0,14.9006,1,1,0,12,2,26.5151,50.414,0,34.77,119.353,6.582,1,91.299,37.965,3.789,1,82.421,53.784,0.013,0,0,0
1,37.1035,0,16.2388,1,1,0,2,8,18.3785,56.83,0,109.531,29.752,2.262,1,44.314,142.204,8.33,1,12.713,94.323,1.914,0,1,1
1,35.3465,0,12.9098,1,1,2,2,9,26.4041,56.029,0,148.87,80.566,33.08,1,46.113,14.585,6.131,1,361.154,53.975,0.727,0,1,0
1,20.1573,0,10.9839,1,1,0,3,2,18.6744,59.844,0,164.89,5.372,15.347,1,60.207,2.594,9.324,1,70.615,81.071,1.874,0,1,0
1,31.9774,0,19.6028,1,1,0,1,7,18.8158,54.613,0,140.408,83.396,3.672,1,18.535,246.193,8.599,1,6.263,56.729,0.762,0,1,0
1,58.4805,0,2.917,1,1,2,1,1,15.8092,57.815,0,70.058,6.472,24.063,1,13.254,70.744,3.431,1,105.003,74.72,1.911,0,1,0
1,38.6786,0,8.4749,1,1,1,8,9,12.851,59.114,0,192.319,68.371,19.932,1,53.426,70.248,3.97,1,198.32,83.422,1.574,0,1,0
0,28.357,0,10.4927,1,1,0,10,2,14.9829,54.339,0,110.053,272.982,3.555,0,8.213,96.973,0.243,1,62.569,78.875,0.817,0,0,0
0,34.205,0,2.5096,1,1,0,2,2,13.4742,90.104,0,175.167,14.871,39.917,1,2.509,90.454,4.999,1,3.76,68.723,2.583,0,1,0
1,38.1035,0,16.9001,1,1,0,5,1,14.4718,55.066,0,151.47,70.26,21.342,1,18.981,75.524,8.979,1,10.072,1.897,0.286,0,1,1
1,38.2069,0,17.8796,1,1,1,2,9,18.8797,42.223,0,155.458,26.576,9.895,1,36.998,97.986,0.739,1,5.36,83.995,1.312,3,1,0
0,28.4718,0,23.4001,1,1,0,1,1,14.8607,22.465,0,8.463,522.615,22.03,1,42.101,58.283,9.375,1,11.617,89.67,0.8,0,1,0
1,34.1408,0,12.6203,1,1,0,2,3,16.0907,59.814,0,2.218,15.016,33.922,1,1.699,54.493,4.383,1,5.924,94.507,0.66,0,1,0
1,36.188,0,15.7243,1,1,0,2,3,13.3521,79.925,0,170.095,371.25,13.885,1,42.054,92.813,6.945,1,13.121,81.276,0.985,0,0,0
1,30.4793,0,19.8296,1,1,0,2,1,13.5094,49.827,0,92.003,45.164,22.644,1,42.629,17.474,3.925,1,49.954,71.812,0.339,1,1,0
0,32.8078,0,8.9089,1,1,0,2,1,14.6647,54.914,0,244.524,76.416,24.964,1,44.334,163.21,2.731,1,5.571,6.888,0.27,0,1,0
1,34.1078,0,10.5211,1,1,1,12,1,10.3645,51.82,0,62.906,80.076,9.414,1,29.634,7.649,2.361,1,60.229,54.976,9.942,0,1,0
1,58.8426,0,17.0773,1,1,0,6,2,17.5444,43.914,0,172.713,74.756,16.422,1,49.274,17.224,0.329,1,81.986,68.123,9.067,0,1,0
1,33.3658,0,8.3455,1,1,0,2,5,19.0467,34.852,0,112.945,90.399,22.424,1,99.845,69.57,9.947,1,5.238,57.772,0.37,0,1,0
1,39.3055,0,5.1864,1,1,0,2,6,14.914,77.62,0,94.842,84.622,32.693,1,38.126,48.503,3.658,1,93.923,87.738,0.397,0,1,0
1,38.7054,0,22.279,1,1,0,2,8,19.5754,31.244,0,23.605,89.388,36.471,1,2.438,41.705,2.838,1,13.303,44.973,5.622,0,1,0
1,38.8263,0,19.638,1,1,0,2,2,15.4468,53.92,0,115.59,26.828,3.484,1,53.193,78.903,3.385,1,49.656,98.575,0.151,0,1,0
1,20.1708,0,14.5393,1,1,0,4,9,19.4691,50.963,0,102.349,110.375,30.954,1,17.114,83.377,4.92,1,71.28,21.773,0.925,0,0,0
1,34.0403,0,13.9791,1,1,0,2,3,11.949,46.534,0,121.903,53.793,6.044,1,47.674,8.962,3.066,1,5.823,66.848,1.308,0,1,0
1,20.6656,0,0.8583,1,1,0,2,8,16.5501,46.603,0,144.53,296.191,30.213,1,8.112,73.909,9.522,3,95.284,92.181,0.752,0,1,0
1,21.8868,0,15.9073,1,1,0,4,6,15.1363,58.814,0,36.491,549.45,12.179,1,47.002,8.523,2.463,1,9.261,33.871,10.967,0,1,0
0,47.606,0,16.2718,1,1,0,2,2,14.0447,58.986,0,106.219,366.889,2.259,1,9.314,7.273,4.324,1,12.656,25.29,0.112,0,1,0
0,30.451,0,19.9304,1,1,0,4,2,15.5114,59.293,0,141.608,-6.395,27.167,1,69.17,83.648,2.082,1,14.749,96.852,1.672,0,1,0
1,35.039,0,9.3887,1,1,2,2,1,17.7112,46.14,0,93.756,49.562,18.814,1,8.141,50.064,9.714,1,62.022,88.261,0.182,1,0,0
1,28.4079,0,13.9576,1,1,0,5,9,15.4152,49.56,0,74.109,338.472,2.83,1,43.951,19.41,3.727,1,15.306,147.525,8.265,0,1,0
1,38.6371,0,10.3117,1,1,0,2,5,14.4102,11.595,0,153.48,246.827,3.081,1,69.913,35.792,7.202,1,147.619,48.353,0.515,0,1,0
1,22.687,0,17.6751,1,1,0,0,7,11.4094,57.827,0,79.0,219.303,3.655,1,48.025,103.26,3.719,1,111.221,64.631,2.066,0,1,0
1,28.1441,0,9.7743,1,0,1,6,3,17.7627,93.734,0,27.187,349.457,30.964,1,51.799,18.249,0.789,0,100.265,25.546,20.372,0,1,0
0,32.6871,0,17.819,1,1,0,6,5,16.4247,58.623,0,76.042,303.853,6.982,1,9.119,14.209,8.359,1,82.965,399.726,0.875,0,1,0
1,37.7477,0,10.1277,1,1,0,6,7,19.7646,2.415,0,120.112,74.554,3.295,1,38.922,47.643,2.302,1,91.619,78.526,0.977,0,1,0
0,28.1257,0,14.7107,1,1,0,2,6,18.544,49.736,0,137.437,45.832,22.466,1,49.951,133.101,9.372,1,0.32,57.861,9.572,0,1,0
0,34.2231,0,11.8757,1,1,2,2,6,13.96,54.423,0,110.609,-0.017,22.7,1,19.229,19.573,9.283,1,85.927,46.503,0.773,0,1,0
1,68.107,0,4.1678,1,1,0,2,8,16.4777,50.965,0,27.014,146.916,6.399,1,49.528,176.774,7.738,1,92.924,80.295,1.833,0,1,0
1,38.9907,0,10.9456,1,1,0,2,6,19.1261,49.47,0,167.847,56.17,24.411,1,68.666,67.514,7.58,1,96.943,3.421,0.383,0,1,0
1,24.9558,0,14.1073,1,1,0,8,2,12.6928,62.618,0,20.212,12.456,0.42,1,12.112,66.493,3.42,1,8.288,83.352,1.167,0,1,0
1,28.75,0,19.3047,0,1,0,2,8,16.0176,52.527,0,74.008,34.385,14.939,1,59.199,9.541,1.702,1,25.369,33.778,0.801,1,1,0
1,20.3856,0,18.4406,1,1,0,8,2,16.0934,51.94,0,100.229,86.855,24.957,1,14.811,31.555,6.389,1,67.052,71.373,20.516,0,1,0
1,44.3058,0,18.4467,1,1,0,2,8,12.4451,40.96,0,181.254,-45.816,4.666,1,4.868,77.493,2.342,1,93.552,57.986,1.176,0,1,0
0,36.7005,0,8.0903,1,1,0,2,2,16.5111,99.008,0,14.711,48.003,4.911,1,78.099,246.537,4.881,1,1.229,56.852,0.874,0,1,0
1,31.7526,0,14.9387,1,1,0,5,8,18.9054,71.96,0,194.03,227.422,2.071,1,82.022,95.023,9.609,1,105.128,27.681,0.5,0,1,0
0,38.9436,0,12.0018,1,1,0,1,8,18.8194,59.163,0,70.558,20.971,2.203,1,68.113,48.121,9.349,1,1.123,37.52,10.583,1,1,0
1,20.4657,0,19.4206,1,1,0,2,6,18.4854,64.013,0,13.28,56.525,30.091,1,64.999,13.579,7.649,1,139.268,1.883,0.732,0,1,0
0,35.8631,0,13.8423,1,1,0,6,7,14.0694,59.252,0,46.943,26.359,6.211,1,42.322,45.475,8.144,1,35.686,94.52,1.525,0,0,0
1,38.424,0,23.4869,1,1,0,2,2,16.8997,83.473,0,72.045,125.874,39.42,1,22.704,60.783,0.904,1,67.283,38.795,0.922,1,1,0
1,34.5775,0,19.6919,1,1,0,2,2,23.2221,45.983,0,44.943,61.354,35.752,1,8.172,80.35,1.331,1,13.723,21.176,0.481,0,1,0
0,28.1518,0,6.1331,1,1,0,0,2,14.4404,51.906,0,13.823,162.312,32.218,1,53.463,69.913,14.759,1,166.608,34.001,0.962,0,1,0
1,34.7674,0,14.1024,1,1,0,2,2,15.1364,57.686,0,106.489,12.998,26.534,1,11.84,98.98,3.328,1,91.34,68.272,11.977,0,0,1
1,21.8404,0,6.5217,1,1,1,4,2,15.4247,52.668,0,9.836,66.332,7.572,1,48.499,52.674,8.469,1,90.266,87.826,0.012,0,1,0
1,38.3776,0,10.6544,1,1,0,2,9,11.419,75.19,0,24.574,210.156,26.22,1,56.116,146.311,3.106,1,97.281,80.479,2.8,0,1,0
0,38.6055,0,11.9716,1,1,0,1,2,27.6452,34.004,0,175.17,-11.055,12.296,1,43.958,3.903,2.99,1,40.283,81.755,0.172,1,1,0
1,36.4206,0,13.5977,1,1,0,6,8,18.4547,48.646,0,56.483,25.495,33.952,1,42.422,60.116,2.28,1,91.98,92.983,0.918,0,1,0
1,36.7208,0,18.8037,0,1,0,4,8,19.5491,56.621,0,140.808,-81.566,34.059,1,8.258,1058.389,7.321,1,65.176,55.277,0.927,0,1,0
1,24.87,0,14.9255,1,1,0,1,1,21.5535,41.764,0,124.543,6.306,2.382,1,46.312,48.538,4.321,1,133.269,99.526,0.572,0,1,0
1,39.8773,0,14.9308,1,1,0,0,7,19.5639,50.023,0,107.583,110.858,0.09,1,9.594,60.634,2.445,1,31.186,28.728,1.283,0,1,0
0,33.6273,0,18.0317,1,1,1,1,7,11.1118,57.653,0,5.193,210.993,2.502,1,59.201,123.983,7.213,1,162.769,7.713,0.175,1,0,0
0,38.4548,0,10.2751,1,1,0,2,2,11.8545,39.856,0,137.034,70.4,7.494,1,15.903,76.212,8.739,1,141.925,112.377,0.013,1,1,0
0,37.4098,0,12.2123,1,1,0,6,1,10.6122,41.476,0,147.158,9.375,4.292,1,91.157,32.619,4.882,1,11.261,44.341,0.379,0,1,0
1,33.263,0,14.5761,0,1,2,0,2,12.1191,57.93,0,196.543,146.903,36.012,1,53.735,72.998,3.349,1,109.163,43.756,5.114,1,1,0
1,20.1745,0,13.0651,1,1,0,2,2,14.5467,36.634,0,148.417,380.528,2.917,1,93.202,13.764,2.912,1,80.713,6.182,0.075,0,1,0
0,38.4936,0,9.928,1,1,0,2,2,11.8664,56.058,0,134.215,26.519,38.551,1,40.299,7.57,9.784,1,91.256,53.42,6.762,0,1,0
0,28.0,0,5.8161,1,1,0,2,2,15.4645,59.066,0,114.835,279.755,23.695,1,71.511,10.816,3.788,1,90.761,26.743,0.663,0,1,0
0,33.6356,0,10.9021,1,1,0,1,2,15.8153,51.164,0,172.566,17.392,6.882,1,52.584,90.771,2.042,1,62.65,7.553,8.876,0,1,0
1,20.607,0,28.6087,1,1,0,2,2,14.4625,62.565,0,132.87,379.35,4.294,1,48.588,93.914,4.135,4,88.921,48.531,0.474,0,1,0
1,32.0861,0,14.0183,1,1,2,2,6,15.3023,59.913,0,7.802,56.846,10.281,1,45.363,81.503,3.912,1,69.765,81.329,0.61,0,1,0
1,24.7071,0,12.0211,1,1,1,1,6,11.8268,61.866,0,72.258,170.959,26.224,1,48.204,42.443,3.432,1,66.282,7.974,0.517,0,0,0
1,38.0004,0,14.9043,1,1,0,2,2,12.5471,55.527,0,7.817,45.401,32.086,1,32.621,73.003,8.982,1,6.75,85.142,0.972,0,1,0
1,22.6506,0,18.9088,1,1,0,1,6,13.6618,41.005,0,58.843,15.376,29.218,1,69.89,50.416,7.762,1,0.221,334.478,0.018,0,1,0
1,30.1238,0,14.0063,1,1,0,2,6,10.5367,56.822,0,133.559,29.353,22.748,1,41.792,417.401,3.901,1,92.669,1.879,6.962,0,1,0
1,38.6766,0,19.5461,1,1,0,2,8,10.4814,56.214,0,145.585,289.191,33.133,1,44.086,93.904,4.32,1,3.246,11.803,0.973,1,0,0
1,48.4477,0,14.7795,1,1,1,2,9,12.3293,2.9,0,115.003,63.916,33.992,1,34.328,38.011,9.799,1,4.161,55.736,2.923,0,1,0
1,35.7036,0,28.6688,1,1,0,2,3,18.1154,57.87,0,59.818,10.436,3.131,1,50.196,16.972,5.986,1,12.923,56.296,11.267,0,0,0
1,30.6309,0,0.0588,1,1,0,8,1,15.4143,56.023,0,110.303,25.534,0.118,1,47.698,47.933,3.927,1,9.169,416.622,0.274,0,1,0
0,34.2793,0,14.1762,1,1,0,6,1,16.5907,9.316,0,62.186,17.243,32.226,1,42.041,57.631,3.36,1,91.265,94.079,0.552,0,1,0
1,38.6422,0,0.8005,1,1,1,2,7,14.3791,59.094,0,150.28,246.575,90.434,1,44.676,173.293,3.989,1,13.921,51.545,0.682,0,1,0
1,34.8411,0,11.4207,1,1,2,2,6,19.6604,93.1,0,128.141,277.895,21.115,1,56.647,60.039,4.941,1,92.343,13.835,0.616,0,0,0
1,32.1979,0,19.9788,1,1,0,2,6,19.1979,49.041,0,94.523,95.747,23.132,1,47.024,17.169,8.281,1,49.107,47.078,0.005,0,1,0
1,38.7273,0,10.0051,1,1,0,2,8,12.1225,54.146,0,55.884,119.228,22.444,1,34.158,64.545,4.333,1,65.953,87.97,1.97,0,1,0
1,34.9897,0,11.6003,1,1,0,2,3,11.4043,7.314,0,142.595,57.397,30.128,1,0.145,58.014,6.91,0,1.569,63.821,1.92,0,1,0
1,28.3071,0,0.9203,1,1,1,0,1,12.9841,54.068,0,149.987,36.196,2.498,1,9.619,87.806,4.017,1,0.166,68.77,1.361,0,1,0
1,20.7873,0,18.6798,1,1,0,1,9,17.5104,15.505,0,32.153,2.355,0.81,1,7.016,152.453,3.423,1,96.126,99.251,0.372,0,1,0
1,23.6791,0,3.9268,1,1,0,1,1,16.8353,56.687,0,155.817,291.957,30.291,1,0.491,2.233,8.913,1,21.144,67.766,0.247,1,1,0
1,33.664,0,3.9593,1,1,0,2,2,2.3584,59.845,0,160.067,216.767,23.494,1,42.312,57.55,7.714,1,93.705,76.952,1.779,0,0,0
1,34.6457,0,10.1096,1,1,0,4,2,15.8004,19.824,0,178.363,91.955,2.994,1,53.151,84.241,9.089,1,108.586,74.478,0.202,1,1,0
1,31.4601,0,3.4617,1,1,0,2,6,13.4555,57.27,0,110.491,77.106,2.152,1,8.524,35.048,9.161,1,35.985,51.875,10.671,0,1,0
1,38.3218,0,21.9006,1,1,0,0,2,12.7771,51.917,0,112.15,147.63,22.72,1,52.147,90.207,3.981,1,110.019,4.453,0.172,0,1,0
0,38.64,0,14.9806,1,1,2,2,9,12.4564,90.874,0,70.018,89.54,6.654,0,12.011,40.583,3.329,1,62.183,12.212,0.964,1,0,0
1,38.384,0,18.5058,1,1,1,8,9,13.3048,51.814,0,154.835,79.924,4.632,1,68.383,64.887,9.919,1,15.94,83.316,1.081,0,1,0
0,20.0073,0,18.5049,1,1,1,2,3,44.4786,59.442,0,85.607,88.876,19.633,1,32.204,98.633,4.567,1,65.686,17.929,1.373,0,1,0
1,35.6075,0,16.1019,1,1,1,2,9,13.8526,53.96,0,179.293,47.382,23.718,1,6.393,70.901,9.587,1,2.222,76.926,1.14,0,1,0
1,28.7079,0,11.4289,1,1,0,2,8,11.671,59.594,0,0.943,745.821,36.289,1,61.042,505.424,3.249,1,69.337,45.251,1.072,0,1,0
1,30.142,0,7.0061,0,1,2,2,2,14.9622,68.059,0,62.577,11.376,13.932,1,9.019,21.496,3.1,1,83.261,44.576,1.074,0,1,0
1,28.4537,0,19.6581,1,1,0,2,2,19.2649,36.409,0,147.061,110.018,22.632,1,46.66,108.473,9.012,1,1.317,95.05,1.105,0,0,0
0,38.365,0,8.9007,1,1,2,1,6,15.3506,54.849,0,173.007,27.044,29.267,1,89.395,131.984,3.259,1,90.923,22.042,0.185,0,1,0
1,38.0415,0,3.865,0,1,0,5,2,18.4944,59.59,0,32.082,58.604,0.152,1,49.884,45.501,4.935,1,84.678,1.742,1.267,1,1,0
0,32.65,0,11.8904,1,1,2,4,2,16.7184,19.241,0,113.538,119.455,32.778,1,71.399,70.363,3.157,1,99.98,88.771,0.107,0,1,0
1,38.6956,0,10.5728,1,1,0,2,2,14.5544,46.94,0,65.558,12.845,0.152,1,5.394,87.505,36.786,1,9.096,18.916,4.069,0,1,1
0,38.6705,0,19.9999,1,1,2,2,8,16.5452,1.916,0,76.024,46.853,9.339,1,91.799,16.524,4.781,1,13.452,76.121,0.789,0,1,0
1,26.0448,0,0.1763,1,1,0,2,2,12.8406,52.05,0,5.602,6.348,29.25,1,1.542,11.914,4.909,1,147.123,92.73,0.903,0,1,0
0,30.2638,0,10.1764,1,1,1,2,6,14.4244,0.944,0,5.733,91.856,2.484,1,52.298,7.517,0.433,1,100.219,24.306,0.962,0,1,0
1,32.165,0,15.45,1,1,0,2,6,13.9657,29.923,0,159.053,26.957,3.774,1,16.79,46.9,6.389,1,67.169,38.956,0.545,0,0,0
0,38.771,0,1.7093,1,1,0,0,2,26.8626,57.149,0,116.778,43.402,6.273,1,8.643,267.441,4.326,1,11.129,5.566,1.977,0,0,0
0,33.3398,0,12.5057,1,1,1,2,4,18.614,74.613,0,84.983,290.724,1.807,1,42.556,42.403,3.961,1,186.769,11.875,0.988,0,1,0
0,27.1873,0,8.962,1,1,0,2,8,15.111,41.564,0,122.083,190.385,27.278,1,98.397,19.632,3.309,1,93.221,381.179,0.172,0,1,0
0,40.745,0,13.4612,1,1,0,9,1,17.8927,42.909,0,202.35,214.017,24.095,1,28.245,67.534,0.645,1,275.766,20.778,0.201,0,1,0
1,58.6281,0,14.1087,1,1,0,2,6,15.4285,41.073,0,137.771,242.314,24.693,1,33.303,81.219,0.537,1,92.068,80.543,0.327,0,1,0
0,38.4071,0,10.1289,1,1,0,2,8,14.1824,59.853,0,47.561,2.352,22.644,1,43.661,23.49,10.082,1,67.26,170.176,0.507,0,0,1
0,38.0023,0,10.9707,1,1,0,6,6,10.5641,50.045,0,6.431,92.566,2.235,1,67.145,8.207,8.985,1,261.392,71.253,9.142,0,0,0
1,38.6239,0,13.3083,1,1,0,2,6,11.5685,50.213,0,31.231,141.524,0.992,1,39.479,76.973,3.757,1,66.184,85.195,0.835,0,1,0
1,33.8555,0,11.4437,0,1,0,2,6,11.6754,52.114,0,147.173,218.291,9.792,1,44.244,96.559,4.321,1,10.277,25.657,0.664,0,1,0
1,32.3171,0,12.0609,1,1,1,2,8,12.0155,4.623,0,72.413,89.822,0.339,1,33.368,10.764,2.68,1,40.035,69.921,0.997,0,1,0
1,38.0001,0,29.6743,1,1,1,2,2,18.8627,60.766,0,52.859,16.833,19.474,1,18.751,46.814,9.759,1,167.269,65.72,0.275,0,1,0
1,38.9443,0,18.5196,1,1,0,8,4,14.2199,2.973,0,0.711,327.036,30.998,1,47.095,8.955,2.338,0,62.264,24.143,1.592,0,1,0
0,28.4707,0,18.7905,1,1,0,2,2,14.8498,56.165,0,104.403,63.372,3.392,1,41.601,41.71,0.181,1,7.266,59.586,11.572,0,1,0
0,35.4376,0,17.0396,1,1,0,2,1,28.472,59.244,0,178.414,200.183,10.296,1,54.394,146.598,3.012,1,6.966,55.27,0.572,0,1,0
1,33.3458,0,14.1741,1,1,0,5,9,18.9257,7.823,0,167.848,7.177,36.113,1,9.511,63.915,5.087,1,167.93,64.778,0.205,0,1,0
0,34.074,0,20.9593,1,1,0,2,2,16.5197,58.833,0,141.134,27.955,33.086,1,47.39,20.498,4.349,1,17.662,63.921,0.983,0,1,0
1,28.1183,0,19.5748,1,1,0,6,4,18.6007,49.64,0,152.752,72.353,1.762,1,12.199,514.223,7.041,1,113.256,84.958,0.992,0,1,0
1,28.6658,0,12.0088,1,1,0,2,5,18.2525,59.295,0,108.469,39.313,33.919,1,41.042,114.235,2.335,1,7.829,90.428,0.975,0,1,0
1,38.1537,0,17.0005,1,1,0,1,1,13.2324,2.476,0,146.662,98.597,6.12,1,43.565,12.934,9.387,1,23.124,94.621,11.992,0,1,0
1,20.6618,0,9.9402,1,1,0,12,2,15.5288,56.165,0,157.521,70.166,19.752,1,42.409,17.973,7.6,1,78.913,68.926,8.977,0,1,0
1,28.6901,0,13.3161,1,1,0,9,7,19.3229,41.916,0,74.498,66.339,1.916,1,48.017,62.492,5.435,1,34.003,82.281,1.427,0,1,0
1,38.1479,0,14.0684,1,1,2,8,8,14.2905,44.255,0,90.516,5.326,6.008,1,47.392,1.71,2.774,1,69.438,67.319,9.267,0,1,0
1,38.8336,0,14.6287,1,1,0,4,2,11.4927,43.314,0,172.488,-64.871,29.812,1,8.913,192.543,3.389,1,45.807,83.871,19.512,0,1,0
1,30.6,0,13.9001,1,1,0,2,4,11.6625,56.554,0,110.239,325.006,34.683,1,68.412,45.958,3.939,1,2.202,99.951,0.789,0,1,0
1,30.1423,0,18.4023,1,1,2,2,5,18.4498,10.427,0,65.71,95.758,6.239,1,48.619,53.556,6.271,1,61.38,35.85,32.617,0,1,0
1,38.095,0,4.9961,1,1,0,2,2,13.5855,67.955,0,15.603,96.456,30.037,1,42.624,11.844,6.639,1,2.131,74.471,2.123,0,1,0
1,33.2378,0,12.165,1,1,0,2,9,14.6194,54.921,0,20.038,79.431,6.052,1,2.03,75.51,9.624,1,109.268,21.384,5.102,0,0,0
1,38.9508,0,12.6089,1,1,2,1,2,16.335,59.965,0,0.203,281.326,20.92,1,38.612,60.003,2.035,1,25.751,8.223,6.9,1,1,0
1,28.2075,0,19.5007,1,1,0,2,8,29.5818,44.16,0,159.902,141.826,10.198,1,3.695,6.93,6.342,1,79.932,70.952,0.113,0,1,0
1,38.0557,0,12.6731,1,1,1,2,8,16.9427,84.823,0,8.643,16.833,32.996,1,48.1,12.468,4.117,1,91.17,34.473,0.21,0,1,0
0,30.1707,0,15.9047,1,1,0,2,2,18.3995,59.157,0,90.019,-52.833,19.911,1,49.416,87.136,3.204,1,60.269,83.873,7.401,1,1,0
0,28.865,0,9.5396,1,1,1,2,2,16.858,41.42,0,198.814,7.998,82.686,1,8.319,3.776,9.885,1,141.538,63.124,0.992,1,1,0
1,26.9078,0,10.3986,0,1,0,2,6,18.874,58.966,0,97.445,47.235,17.16,1,8.004,18.147,9.023,0,104.525,5.429,0.673,0,1,0
1,46.3041,0,22.9,1,1,0,3,6,23.6241,54.324,0,130.412,245.011,35.494,1,67.078,18.917,3.883,1,61.089,24.925,1.382,0,0,0
1,38.6771,0,13.6167,1,1,0,2,6,17.5489,16.794,0,88.407,61.229,37.708,1,62.132,49.764,4.179,1,0.163,35.777,1.674,0,2,0
1,25.78,0,11.8377,1,1,0,2,2,14.0125,54.474,0,42.512,71.336,12.148,1,42.799,57.798,3.34,1,7.953,87.379,1.982,0,1,0
0,36.654,0,16.9667,1,1,0,11,5,13.8615,50.82,1,93.188,177.517,19.085,1,22.687,118.453,9.624,1,82.26,7.775,0.777,0,1,0
1,25.4616,0,17.9315,1,1,0,2,4,12.43,51.997,0,236.485,13.499,9.063,1,67.078,19.224,3.347,1,51.608,85.552,0.2,0,1,0
0,38.034,0,6.8763,1,1,2,5,2,15.6426,56.347,0,110.586,202.42,39.592,1,9.335,21.158,6.079,1,91.357,46.501,0.87,0,1,0
1,38.1529,0,10.6597,1,1,1,2,6,19.4158,59.943,0,5.714,100.41,33.383,1,18.585,13.867,7.383,1,63.721,35.875,0.182,0,1,0
0,20.9728,0,14.0141,1,1,0,3,2,14.4243,54.934,0,2.111,56.315,32.128,1,18.444,20.309,3.369,1,78.554,99.966,1.505,0,1,0
1,39.855,0,19.8089,0,1,0,4,8,10.2432,67.823,0,173.587,9.264,37.106,1,56.265,53.84,3.227,1,92.263,88.543,0.9,0,1,0
1,31.0075,0,3.1529,1,1,0,4,3,15.5058,52.64,0,168.044,219.82,29.071,1,39.229,13.474,4.133,1,0.179,53.532,1.074,0,1,0
0,21.2953,0,12.131,1,1,0,2,6,13.0724,62.826,0,84.858,27.846,21.294,1,41.885,16.463,4.913,1,170.623,59.273,2.047,0,1,0
1,27.4071,0,12.8737,1,1,0,12,6,12.132,59.047,0,62.213,27.872,38.648,1,79.991,12.811,3.021,1,0.213,25.379,0.763,0,0,0
0,35.4019,0,17.8951,1,1,2,2,5,18.566,54.066,0,100.336,549.067,2.498,1,98.063,188.803,1.729,1,145.26,58.52,0.916,1,0,0
1,38.789,0,10.8518,1,1,0,10,2,13.6754,46.496,0,44.772,7.326,30.835,1,4.043,66.99,0.064,1,25.968,95.537,0.977,0,1,0
1,38.2328,0,16.3412,1,1,0,2,1,17.4485,84.913,0,132.043,29.897,30.986,1,46.502,89.001,4.739,1,103.166,29.058,8.002,0,1,0
1,34.0555,0,13.9674,1,1,0,2,6,14.8638,59.85,0,134.578,117.372,20.932,1,45.511,51.739,2.822,1,97.676,54.146,0.57,0,0,0
1,34.666,0,2.1573,1,1,1,2,6,16.4554,61.928,0,184.82,90.17,26.976,1,52.276,54.032,2.751,1,122.695,86.275,0.86,0,1,0
0,38.4108,0,11.7443,1,1,0,2,3,11.4499,88.744,0,191.418,27.328,36.092,1,48.423,59.984,4.281,1,6.669,81.314,0.007,0,1,0
1,28.0665,0,12.0951,0,1,0,6,1,15.8099,57.544,1,44.113,297.958,3.839,1,9.065,78.97,1.786,1,97.989,25.578,13.556,0,1,0
1,38.905,0,24.5507,1,1,0,2,7,10.4467,55.615,0,153.068,210.333,33.028,1,3.814,17.553,4.825,1,41.556,89.82,0.078,0,1,0
0,30.9501,0,19.6657,1,1,0,1,2,13.0181,45.142,0,70.875,2.406,3.418,1,12.216,12.956,3.949,1,162.12,59.773,1.472,0,1,0
0,39.1855,0,14.0027,1,1,0,2,2,18.6127,59.792,0,177.016,25.064,14.152,1,54.263,55.743,9.329,1,111.365,93.116,3.53,0,1,0
1,30.389,0,13.8023,0,1,0,1,2,16.8245,67.627,0,623.855,47.862,2.119,1,68.524,50.403,4.488,1,91.354,5.858,0.083,0,1,0
1,36.1875,0,9.6485,1,1,0,2,7,15.971,58.602,0,78.048,14.758,0.161,1,40.426,67.284,2.329,1,81.253,80.773,1.273,0,1,0
0,39.1366,0,3.9061,1,1,0,5,2,13.4669,2.69,0,188.787,315.329,3.916,1,0.395,31.413,0.988,1,2.911,76.955,0.975,1,1,0
1,30.0611,0,13.6087,0,1,2,2,6,17.8481,49.037,0,115.448,-38.317,31.653,1,41.587,81.81,9.904,1,17.125,81.123,11.08,0,1,0
0,33.6214,0,10.6476,1,1,1,1,2,16.8391,29.555,0,45.644,17.463,33.264,1,57.098,56.413,3.389,1,91.162,32.445,1.31,0,1,0
1,38.3451,0,2.2393,1,1,0,2,2,12.4118,50.02,0,75.95,28.376,0.496,1,48.244,4.36,2.1,1,14.223,93.278,0.2,0,1,0
1,38.3015,0,10.504,1,1,1,2,8,17.3427,59.245,0,130.668,19.863,9.87,1,73.546,6.136,8.325,1,144.114,74.856,7.075,0,1,0
0,28.6278,0,8.0387,1,1,0,2,6,11.4125,59.946,0,174.708,16.574,30.692,1,41.269,53.043,3.913,1,25.421,6.456,1.679,0,1,0
0,31.6879,0,10.4226,1,1,0,8,5,15.4033,50.82,0,112.886,19.841,9.752,1,42.226,47.415,9.188,0,5.825,81.751,0.042,0,1,0
1,30.7435,0,11.3557,1,1,0,2,2,16.5221,47.821,0,39.556,405.137,19.229,1,38.013,18.633,2.338,1,8.737,74.061,1.335,0,1,0
1,28.1275,0,1.3024,0,1,0,4,5,11.6934,74.31,0,113.591,32.317,0.288,1,17.867,42.25,9.979,1,64.686,88.857,0.7,0,0,0
0,20.8009,0,10.3034,1,1,0,2,8,13.4617,56.863,0,130.163,336.362,0.164,1,49.399,40.66,3.332,1,51.359,10.287,8.184,0,1,0
1,28.215,0,19.308,1,1,1,2,2,10.5101,32.256,0,74.505,16.84,9.232,1,9.144,44.91,6.533,0,248.693,67.51,0.517,0,1,0
1,38.8071,0,18.5821,1,1,0,2,8,13.4455,52.755,0,129.003,117.374,9.163,1,12.321,8.943,0.334,1,1.163,70.82,7.281,1,1,0
1,38.3543,0,12.6515,1,1,0,6,9,13.5094,57.945,0,46.714,194.324,12.337,1,4.685,0.773,9.158,1,72.861,64.424,0.274,1,1,0
1,38.4296,0,17.9158,1,1,0,2,2,14.3791,50.842,0,259.845,168.354,0.224,1,42.028,39.774,0.0,1,51.693,92.522,1.237,0,0,0
0,20.8046,0,12.4242,1,1,0,8,2,11.0498,45.176,0,71.935,15.843,9.22,1,32.797,66.408,9.32,1,7.624,82.341,0.672,0,1,0
1,21.3708,0,3.9182,1,1,0,5,1,19.6426,59.914,0,152.848,249.859,15.952,1,34.576,61.982,0.317,1,63.266,25.343,9.077,0,1,0
0,38.3653,0,14.9561,1,1,1,2,8,14.1544,56.027,0,4.328,28.766,9.793,1,2.699,77.343,9.671,1,2.326,8.165,8.5,0,1,0
0,21.9758,0,10.84,1,1,2,2,7,11.8499,69.948,0,172.456,30.396,19.234,1,71.6,82.479,3.589,1,2.569,1.122,0.267,0,1,0
0,28.9826,0,19.6401,1,1,0,2,2,13.4125,51.947,0,50.579,341.473,29.242,1,60.353,3.282,2.311,1,1.682,67.778,0.96,0,1,0
0,38.302,0,14.6748,1,1,0,2,7,17.339,41.274,0,93.408,34.318,33.531,1,2.065,10.118,2.387,1,0.78,87.725,28.132,0,1,0
1,30.197,0,17.9787,1,1,0,2,6,10.2295,44.157,0,177.489,82.843,6.063,1,31.008,7.392,7.381,1,36.198,66.913,0.57,0,1,0
1,38.2999,0,29.96,1,1,1,8,2,11.5447,49.562,0,42.413,54.563,17.264,1,59.421,94.342,0.333,1,19.651,83.444,0.472,0,1,0
0,48.6678,0,2.8407,1,1,0,2,4,14.5622,59.817,0,3.398,78.674,7.948,1,32.014,18.373,4.089,1,95.255,30.77,0.017,0,1,0
1,34.3672,0,16.5017,1,1,0,6,7,16.4103,54.514,0,159.373,10.742,22.652,1,12.547,62.746,0.309,1,2.046,58.361,21.061,0,0,0
0,30.5017,0,18.1701,1,1,2,2,2,12.0521,32.623,0,117.89,-89.977,4.216,1,3.998,46.075,3.88,1,105.646,56.857,0.217,0,0,1
1,51.0678,0,13.9805,1,1,1,1,8,45.7129,56.853,0,40.886,47.95,2.135,1,1.271,8.005,6.781,1,91.194,64.659,18.973,0,1,0
1,38.2801,0,12.4684,1,1,0,6,6,10.0859,3.244,0,64.216,43.425,0.365,1,42.045,23.069,4.249,1,60.003,62.721,0.906,0,1,0
0,38.5056,0,1.1444,1,1,0,6,8,19.5727,59.713,1,112.899,10.96,8.192,1,62.091,11.963,9.915,1,69.659,294.23,9.182,0,1,0
0,26.6111,0,14.9738,1,1,0,4,2,15.0455,58.152,0,132.08,26.824,33.674,1,52.286,16.498,3.485,1,82.062,60.391,9.07,0,1,0
1,28.9278,0,11.6373,1,1,0,2,6,12.4661,65.874,0,145.895,107.316,34.696,1,2.432,107.923,3.516,1,3.264,85.875,0.097,0,1,0
1,33.135,0,18.6564,1,1,0,0,2,10.2289,57.955,0,72.044,29.454,2.564,1,69.403,86.568,3.939,0,76.366,8.37,0.041,0,0,0
1,38.7216,0,4.6043,1,1,0,8,2,16.4518,56.335,0,102.134,147.808,0.071,1,36.394,91.483,9.343,1,102.12,75.417,0.827,0,1,0
1,30.1531,0,19.925,1,1,0,2,7,14.2729,56.899,0,158.593,14.351,34.694,1,6.251,12.911,3.368,1,63.268,88.427,0.679,0,1,0
1,36.5919,0,19.0441,1,1,0,1,4,11.5295,74.826,0,138.883,59.544,31.894,1,52.927,197.933,9.388,1,52.369,91.24,4.967,0,0,0
1,28.494,0,15.8137,1,1,2,6,2,11.8547,55.912,0,152.362,117.478,5.165,1,36.901,19.343,8.306,1,147.624,201.676,7.545,0,1,0
0,24.3412,0,4.7537,1,1,1,2,2,17.2485,19.873,0,115.159,0.014,12.274,1,48.29,83.71,2.708,1,9.699,68.071,0.482,0,0,0
0,34.3678,0,10.1739,1,1,1,2,8,16.818,59.034,0,151.754,71.845,20.498,1,49.192,58.997,7.517,1,45.572,57.481,0.138,0,0,0
0,28.5795,0,0.8657,1,1,0,5,6,10.4181,53.535,0,143.745,15.353,22.065,1,31.094,46.978,4.383,1,5.58,77.386,0.134,0,1,0
1,38.077,0,12.13,1,1,2,9,8,17.5898,59.905,0,74.01,269.416,9.064,1,8.912,43.385,3.345,1,99.965,79.873,0.91,0,1,0
0,35.3802,0,0.5601,1,1,0,8,6,15.4142,7.441,0,99.355,101.991,0.65,1,68.593,71.597,2.879,1,43.861,10.71,0.636,0,0,0
1,30.809,0,13.9606,1,1,1,2,2,19.6854,51.164,1,88.438,67.442,23.281,1,71.39,94.503,3.939,1,36.298,10.972,1.824,1,1,0
0,48.8347,0,10.1457,1,1,0,2,3,15.2125,56.819,0,176.87,291.919,15.668,1,2.119,118.113,3.389,1,50.139,87.855,1.082,0,0,0
1,38.989,0,16.159,1,1,2,2,6,24.9091,80.09,0,142.388,249.916,33.689,1,59.863,65.973,0.337,1,5.969,50.427,0.43,0,1,0
0,22.9048,0,10.6765,1,1,0,2,8,19.7507,56.889,1,15.533,133.456,9.552,1,47.245,116.937,3.311,1,103.572,74.829,0.927,0,1,0
1,22.9658,0,25.4804,1,1,2,2,2,36.5741,59.834,0,42.849,66.363,10.646,1,62.2,2.443,4.229,1,80.617,46.375,1.773,0,1,0
1,30.8203,0,9.2089,1,1,0,2,5,14.4139,63.561,0,88.535,87.316,4.752,3,99.208,81.971,3.916,1,21.282,46.186,4.917,0,1,0
0,48.0008,0,3.6703,1,1,2,4,2,10.6151,57.103,0,114.422,17.477,15.679,0,16.394,10.38,0.751,1,113.319,84.428,0.766,0,1,0
0,20.4074,0,13.0411,1,1,1,1,2,14.5979,56.269,0,141.518,130.505,29.498,1,79.327,5.436,0.644,1,53.969,40.033,0.648,0,0,0
0,24.9001,0,17.0375,1,1,0,2,9,11.5506,21.525,0,78.998,46.812,22.058,1,101.148,25.35,6.317,1,0.202,84.981,0.062,1,1,0
1,34.6072,0,11.9203,1,1,0,2,6,13.4229,68.444,0,3.273,62.522,30.999,1,11.606,8.417,3.646,1,92.195,21.773,0.973,0,1,0
0,28.7775,0,9.9733,1,1,0,2,8,16.6196,74.414,0,110.538,98.524,27.293,1,49.299,1.201,0.059,1,95.689,35.405,0.072,0,1,0
1,17.6442,0,9.1579,1,1,0,1,4,16.0522,58.645,0,60.78,62.523,7.495,1,69.301,21.855,9.383,1,130.219,68.578,9.178,0,1,0
1,35.7388,0,18.1688,1,1,0,2,2,17.8707,8.473,0,170.113,90.953,8.982,1,61.195,76.433,3.928,1,62.605,71.87,0.087,0,1,1
0,38.7081,0,0.2222,1,1,0,2,6,15.4647,0.443,0,98.715,19.865,30.214,1,54.781,84.039,9.941,1,10.393,18.657,0.054,0,0,0
1,38.4221,0,12.2772,1,1,0,2,2,11.0565,45.524,0,194.774,17.364,32.253,1,2.269,7.0,7.362,1,467.298,133.94,0.579,0,0,0
0,30.0463,0,17.6793,1,1,2,6,6,17.5689,68.963,0,50.818,24.71,52.635,1,38.279,40.799,9.936,1,3.323,26.224,5.777,0,1,0
1,38.4008,0,18.9751,0,1,0,2,2,15.5024,59.919,0,112.877,29.579,27.437,1,52.054,17.725,6.282,1,63.08,54.117,0.775,0,0,0
0,38.1371,0,18.2517,1,1,0,2,2,10.0316,51.239,0,94.932,40.764,12.222,1,61.656,0.843,3.46,1,35.769,43.126,0.123,0,1,0
1,38.4151,0,15.9752,1,1,0,2,2,14.6454,52.31,0,140.842,26.12,23.939,1,63.15,97.101,0.142,1,45.753,74.727,5.072,1,1,0
1,20.6855,0,18.6459,0,1,1,2,8,15.8211,36.491,0,109.001,7.035,32.498,1,52.418,40.153,8.94,1,95.251,74.319,5.172,1,1,0
1,22.3957,0,2.5322,1,1,0,6,2,12.5197,67.159,0,186.416,12.298,22.724,1,42.744,10.44,4.305,1,41.326,73.372,0.163,0,1,0
1,20.48,0,19.7573,1,1,2,8,6,15.4257,41.562,0,138.414,207.811,23.974,1,60.205,7.829,8.909,1,162.293,10.47,19.571,0,0,0
1,33.7863,0,14.9971,1,1,1,6,8,14.09,55.576,0,130.759,10.356,33.287,1,42.356,71.533,3.532,1,70.746,78.6,3.257,0,1,0
1,23.345,0,8.4319,1,1,0,2,2,10.5424,55.914,0,108.368,179.339,6.695,1,49.656,87.513,3.931,1,10.909,51.553,0.077,1,1,0
0,32.4001,0,19.9001,1,1,1,2,3,15.8925,54.153,0,145.993,44.352,0.626,1,12.041,48.237,3.02,1,65.085,86.726,0.175,0,1,0
0,25.1571,0,10.6775,1,1,0,6,6,14.4671,56.553,0,112.082,68.123,18.835,1,40.981,90.433,4.931,1,63.269,39.456,1.093,1,0,1
0,28.8464,0,10.1254,1,1,2,1,7,15.27,27.824,0,41.855,144.853,9.094,1,11.299,25.838,20.182,1,37.153,57.795,0.391,0,1,0
1,38.6706,0,9.2759,1,1,0,14,8,16.8757,50.914,0,117.92,277.45,2.492,1,49.513,48.621,3.03,1,26.131,1.271,0.562,0,1,0
0,38.8298,0,8.9538,1,1,0,1,8,13.8785,59.837,0,82.19,44.726,32.456,1,5.883,11.77,5.112,1,0.2,7.82,0.532,0,1,0
0,32.6006,0,13.8163,1,1,0,6,8,14.9355,54.828,0,89.837,46.414,30.959,1,32.081,111.582,9.352,1,67.103,34.978,1.687,0,1,0
0,30.6721,0,30.9948,1,1,0,2,2,16.5094,59.704,0,100.045,252.212,5.765,1,48.508,6.364,5.752,1,206.426,87.873,0.072,0,1,0
1,32.0573,0,13.9748,1,1,0,12,3,14.4565,42.85,0,137.512,173.926,21.692,1,41.196,64.745,9.109,1,106.916,77.786,3.08,0,0,0
1,36.5257,0,1.9017,1,1,0,1,2,18.3444,54.414,0,155.548,315.522,2.073,0,89.389,90.284,9.316,1,163.293,33.15,1.68,0,0,0
1,18.8005,0,13.1415,1,1,0,2,4,13.4106,44.264,0,60.415,19.319,3.635,1,60.981,71.036,9.087,1,13.369,68.35,0.975,0,1,0
0,28.7758,0,10.8007,1,1,0,2,6,11.888,56.216,0,172.538,76.374,0.231,1,43.416,16.537,0.927,1,2.265,81.779,1.374,0,1,0
1,27.4471,0,38.6014,1,1,1,2,2,16.7225,55.08,0,176.443,176.352,5.866,1,65.461,0.387,4.32,1,91.263,73.757,20.27,0,0,0
1,38.172,0,13.0547,1,1,1,11,1,17.5034,54.315,0,113.943,237.872,0.464,1,58.949,77.817,6.212,1,3.779,47.374,23.862,0,1,0
1,31.3691,0,9.5675,1,1,0,2,8,14.0085,54.889,0,62.647,89.766,12.152,2,1.474,80.814,2.28,1,13.669,51.822,0.053,0,1,0
1,20.604,0,13.9593,1,1,2,2,2,17.3151,56.244,0,135.038,210.259,21.254,1,69.699,21.204,19.649,1,11.212,69.705,5.397,0,1,0
1,22.0457,0,13.0509,1,1,0,2,7,17.895,44.854,0,92.547,49.242,13.925,1,6.004,20.789,6.918,1,193.781,54.143,0.232,0,1,0
0,36.4785,0,10.6533,1,1,1,2,5,11.4345,40.233,0,116.147,12.316,0.635,1,19.606,50.417,9.92,1,11.335,82.035,0.981,0,1,0
1,38.4755,0,33.8557,1,1,0,2,6,38.0106,53.525,0,79.038,29.31,20.756,1,1.227,12.532,5.385,1,101.321,84.376,1.039,0,1,0
1,20.0305,0,16.6094,1,1,0,2,6,12.8725,59.587,0,81.441,26.014,32.994,1,29.669,85.603,4.989,1,8.031,34.071,0.988,0,1,0
1,36.3301,0,9.0115,1,1,0,2,2,15.0597,55.325,0,133.576,75.428,24.431,1,71.159,41.493,10.385,1,1.633,9.742,0.016,0,0,0
1,20.3834,0,12.0414,1,1,1,2,2,11.4347,52.102,0,17.773,12.306,38.248,1,42.519,11.21,2.919,1,91.292,24.445,0.028,1,0,0
0,21.2885,0,19.6218,1,1,0,15,2,22.1427,51.554,0,136.3,10.858,39.628,1,46.881,50.484,2.329,1,50.523,8.15,1.313,0,0,0
1,20.3497,0,9.9411,1,1,0,2,3,14.5091,51.142,0,171.18,71.95,1.722,1,72.864,70.285,7.181,1,14.912,89.277,3.472,0,0,0
1,28.2685,0,19.0018,1,1,0,6,2,19.0946,48.854,0,121.874,18.352,27.822,1,67.222,72.493,3.136,1,85.167,51.346,7.645,0,1,0
1,28.4277,0,17.5689,1,1,1,2,3,16.6954,68.594,0,151.638,306.3,29.2,1,44.009,71.492,4.039,1,83.788,88.14,0.967,0,0,0
1,22.6278,0,13.0404,1,1,2,2,6,13.1715,59.095,0,58.883,140.896,32.429,1,42.116,27.007,0.38,1,11.388,245.956,6.048,0,1,0
1,20.1767,0,3.5547,0,1,0,2,2,14.9799,46.941,0,179.753,10.353,9.252,1,2.639,27.043,0.031,1,33.602,35.829,0.586,0,1,0
1,21.3601,0,15.598,1,1,0,8,2,13.9197,55.254,0,179.243,20.88,38.618,1,46.941,0.815,2.955,1,96.885,56.828,0.27,0,1,0
1,31.1011,0,10.5053,1,1,0,2,1,26.3003,66.963,0,70.578,26.995,14.552,1,17.79,69.243,2.208,1,59.619,73.022,29.52,0,0,0
1,36.969,0,19.4359,1,1,0,2,6,11.0744,65.4,0,136.182,99.316,9.015,1,42.301,1.786,4.244,1,126.238,74.701,0.255,1,1,0
1,38.1901,0,10.8303,1,1,0,2,9,12.915,10.857,0,65.093,81.959,23.964,1,18.697,19.244,0.669,1,83.503,75.354,0.64,0,1,0
0,31.5024,0,2.1103,1,1,1,5,2,16.7473,84.234,0,502.731,240.792,15.131,1,48.424,26.106,1.789,1,5.201,73.613,0.275,0,1,1
0,31.2821,0,23.9032,1,1,0,0,8,14.3216,56.293,0,177.179,618.363,37.444,1,38.112,118.44,3.969,1,9.169,296.359,0.947,0,0,0
0,28.6631,0,9.1797,1,1,0,8,1,17.3947,94.103,0,261.458,71.917,3.712,1,26.392,2.561,0.529,1,163.623,24.056,1.038,1,1,0
1,36.5467,0,11.8587,1,1,0,2,2,15.622,59.563,0,194.573,28.872,39.014,1,62.249,48.455,8.385,1,71.698,78.473,1.963,0,1,0
1,38.8246,0,0.0901,0,1,0,9,1,14.2349,54.359,0,34.827,325.882,30.154,1,2.291,28.595,5.011,1,41.989,1.47,0.042,0,1,0
1,38.8422,0,8.9267,1,1,0,10,5,18.4401,59.226,0,130.282,18.479,6.178,1,98.135,0.105,3.959,1,65.272,82.12,1.9,0,1,0
1,28.1875,0,0.9045,1,1,0,6,8,20.8094,48.194,0,154.88,141.029,32.893,1,61.352,47.124,3.222,1,12.693,55.125,0.332,0,0,0
1,39.6053,0,19.2112,1,1,0,1,8,12.8722,69.844,0,184.423,160.818,34.552,0,26.728,20.69,2.921,1,0.121,78.376,7.042,0,0,0
1,39.1462,0,23.6347,1,1,2,2,1,16.1886,33.853,0,136.813,28.856,30.37,1,48.413,13.983,1.925,1,23.469,56.751,0.38,0,0,0
1,28.6432,0,19.9739,1,1,1,8,6,16.1324,51.964,0,77.037,209.925,33.992,1,11.019,16.964,9.949,1,71.615,80.353,0.563,0,1,0
0,48.1648,0,13.9507,1,1,1,1,6,12.6986,55.801,0,79.882,119.132,11.48,1,52.499,93.798,9.628,1,83.919,76.131,1.07,0,1,0
0,34.6269,0,13.5647,1,1,0,8,8,15.4595,52.564,0,133.881,9.528,34.655,1,45.441,1.214,4.509,1,8.656,51.131,0.612,0,1,0
1,20.3899,0,19.9551,1,1,2,2,3,14.8655,53.845,0,108.91,190.746,0.766,1,90.613,0.284,3.381,1,9.303,77.096,1.816,0,1,0
1,48.6693,0,3.0467,1,1,0,1,2,14.7452,34.943,0,19.517,74.442,3.292,1,65.824,94.723,4.381,1,67.623,78.871,8.679,0,1,0
1,38.1051,0,12.8108,1,1,2,12,2,16.5552,47.603,2,14.443,65.893,28.216,1,77.144,26.784,5.125,1,83.669,51.776,0.823,0,1,0
0,20.6355,0,1.8244,1,1,0,2,2,18.3995,75.804,0,49.434,271.714,34.796,1,17.831,12.864,4.349,1,109.28,1.37,0.084,0,1,0
1,38.6051,0,0.9777,1,1,0,2,5,16.0757,31.854,0,144.112,65.919,30.982,1,54.312,10.575,3.948,1,43.253,87.955,0.677,0,0,0
1,20.8782,0,14.1458,1,1,0,1,6,15.8245,54.583,0,72.95,270.641,6.988,1,1.225,15.79,3.044,1,1.228,16.195,8.872,0,0,0
1,38.9778,0,25.3407,1,1,0,6,6,12.5766,59.026,0,117.383,70.577,33.773,1,69.415,1.95,3.189,1,78.731,9.877,1.044,0,1,0
1,30.4022,0,12.2308,1,1,0,2,6,16.5547,56.04,0,29.554,14.753,6.171,1,58.885,84.78,9.983,1,41.211,71.69,0.374,0,0,0
1,38.1703,0,14.3681,1,1,0,0,7,10.4165,53.595,0,73.41,118.227,2.266,1,58.414,2.293,1.972,2,172.305,46.955,1.624,0,1,0
0,38.3231,0,9.1091,1,1,0,1,8,14.1949,40.586,0,114.073,27.484,35.165,1,68.448,0.703,3.629,1,1.78,11.126,2.131,0,1,0
1,28.4029,0,9.3604,1,1,0,7,7,11.0893,49.4,0,64.638,214.358,36.238,1,64.084,408.47,3.731,1,66.184,14.155,0.892,0,1,0
1,38.1078,0,10.0456,1,1,0,0,7,15.8545,56.545,0,0.486,125.567,2.145,1,2.018,16.412,2.123,2,95.152,72.373,15.275,0,1,0
1,28.1075,0,12.3983,1,1,2,1,1,18.4695,50.276,0,60.435,62.616,14.209,1,61.319,16.232,9.746,1,0.769,30.545,0.077,0,1,0
0,30.1871,0,4.1554,1,1,2,2,6,15.6251,54.209,0,145.353,79.414,1.264,1,62.278,87.411,3.282,1,189.785,68.501,0.741,0,1,0
0,31.5061,0,19.8933,1,1,0,2,2,15.8518,54.423,0,169.007,46.424,2.953,1,91.375,48.364,6.736,1,26.089,91.225,1.569,0,1,0
1,38.6974,0,14.4474,1,1,0,0,6,12.4327,59.923,0,40.571,202.473,9.753,1,47.639,44.318,16.72,1,141.362,60.131,0.95,0,1,0
0,32.2771,0,10.9108,1,1,0,2,6,18.8312,73.856,0,48.814,99.356,3.062,1,8.769,12.954,3.748,1,95.629,42.146,0.65,0,1,0
1,40.8615,0,10.9263,1,1,0,2,2,11.5714,63.744,0,14.853,268.591,39.552,1,55.369,56.083,3.437,1,41.122,80.071,0.978,0,1,0
1,38.3466,0,13.5842,1,1,0,2,3,23.6345,16.413,0,138.528,29.554,10.462,1,62.64,46.579,7.997,0,41.769,305.322,1.237,1,1,0
0,35.2765,0,3.2884,1,1,0,5,2,16.5244,51.057,0,71.378,56.258,38.396,1,62.642,74.008,3.216,1,40.101,66.76,0.2,0,1,0
0,20.9641,0,10.9998,1,1,0,4,5,15.7991,59.915,0,179.438,201.313,39.739,1,49.61,100.824,9.322,1,15.705,14.283,5.823,0,1,0
1,28.1791,0,0.6373,1,1,0,2,8,22.4984,37.823,0,140.738,771.71,22.24,1,49.647,6.446,9.871,1,65.104,53.971,0.14,0,1,0
1,28.0671,0,18.4221,1,1,0,2,7,6.7435,46.063,0,140.873,8.263,1.641,1,48.135,101.223,3.32,1,67.115,62.172,0.791,0,0,0
0,38.04,0,17.5884,1,1,2,8,2,11.5746,79.419,0,109.493,64.433,1.296,1,68.374,41.037,4.381,0,147.176,86.74,1.032,0,1,0
1,31.3254,0,13.9041,1,1,1,7,2,13.4632,50.264,0,19.553,7.796,20.759,1,66.323,27.044,0.359,1,81.427,40.451,1.587,0,0,0
1,34.066,0,18.9474,1,1,0,2,2,15.5692,55.145,3,3.318,24.353,30.093,1,48.273,178.486,7.027,1,45.157,83.17,0.202,0,1,0
0,33.8878,0,27.8667,1,1,0,8,2,14.3121,44.08,0,10.817,14.351,2.213,1,42.094,17.449,4.734,2,105.049,53.455,0.51,0,0,0
0,38.1845,0,17.0887,1,1,1,2,7,19.4294,69.714,0,69.896,14.499,22.454,1,69.467,67.008,3.34,1,62.246,84.277,1.67,0,1,0
1,38.1151,0,16.0157,1,1,0,2,1,11.5649,59.914,2,62.493,509.996,2.426,1,92.085,9.363,3.349,1,62.769,81.321,0.47,0,1,0
1,18.6285,0,19.6379,1,1,0,3,6,16.4921,39.124,0,67.494,83.466,10.292,1,54.116,16.618,4.581,1,3.145,76.273,0.927,0,1,0
1,35.0673,0,38.5747,1,1,0,2,2,16.468,57.295,0,45.812,119.286,14.803,1,6.36,58.554,4.078,1,13.601,86.057,0.997,0,1,0
0,36.5001,0,0.0864,1,1,0,2,6,14.3623,18.443,0,140.542,50.473,2.598,1,7.195,146.614,6.992,1,62.221,73.335,2.842,1,1,0
1,26.1571,0,4.6503,1,1,0,4,2,18.8882,58.519,0,82.872,30.148,21.244,1,12.504,48.43,3.959,1,51.769,71.872,1.713,0,0,0
1,27.2658,0,19.4643,1,1,0,2,3,16.463,56.845,0,141.753,212.243,23.296,1,4.084,18.528,0.928,1,11.173,3.278,22.874,0,1,0
1,20.1055,0,10.6829,1,1,1,2,4,15.9465,17.945,0,42.671,215.376,0.47,1,3.655,67.784,0.662,1,11.965,1.126,19.032,0,1,0
0,31.8262,0,10.5068,1,1,1,2,2,33.512,59.82,0,4.115,294.392,22.665,1,57.534,86.456,4.22,1,5.029,38.717,0.865,0,0,1
1,23.9031,0,10.6777,1,1,0,2,8,17.182,67.827,0,197.813,141.516,19.219,1,44.095,17.714,6.665,1,25.969,398.936,0.617,0,0,1
1,28.1719,0,19.1309,1,1,0,15,3,15.0457,47.904,0,156.019,113.963,10.648,1,17.663,46.478,9.985,1,6.353,70.15,0.512,0,1,0
1,24.9071,0,19.1312,1,1,0,1,8,15.5229,49.577,0,154.947,79.483,6.795,1,60.294,18.519,8.189,1,32.259,86.951,0.573,0,1,0
1,24.6756,0,19.8743,1,1,2,4,2,10.1387,39.595,0,80.44,45.567,0.011,1,7.595,83.682,6.588,1,10.403,82.171,1.551,0,1,0
0,38.4875,0,12.1251,1,1,1,0,1,17.5861,62.933,0,165.145,11.858,39.073,1,1.198,173.854,8.308,1,111.605,89.872,9.044,0,1,0
1,38.9663,0,9.24,1,1,0,6,6,18.3821,46.514,0,186.703,243.956,32.692,1,69.755,26.738,27.888,1,73.221,56.376,4.763,1,1,0
0,16.3273,0,15.9981,1,1,0,1,8,14.8424,51.215,0,14.084,72.552,16.196,1,48.354,47.924,4.999,1,66.224,66.524,0.943,1,1,0
0,38.6095,0,9.8753,1,1,0,2,6,15.8964,56.825,0,14.893,16.816,11.996,0,30.224,58.513,0.381,1,169.722,237.942,0.832,0,1,0
1,38.379,0,19.9766,1,1,0,2,8,15.7783,56.914,0,150.823,470.962,6.944,1,13.999,6.785,1.178,1,75.316,83.33,2.122,1,1,0
1,54.6601,0,29.8993,0,1,1,5,2,13.6984,46.263,0,130.723,19.366,30.181,1,17.315,89.502,0.082,1,11.137,86.879,1.779,0,1,1
0,28.4898,0,3.939,1,1,0,2,6,20.3447,93.804,0,50.207,65.837,70.222,1,58.998,77.71,1.799,1,1.721,364.555,0.176,0,1,0
0,33.1771,0,14.1311,1,1,0,2,2,12.4137,50.725,0,22.353,8.359,5.912,1,48.309,2.999,3.965,1,81.128,83.85,25.698,0,1,0
1,35.3705,0,12.5013,1,1,0,4,2,16.2318,54.638,0,101.819,11.43,16.253,1,92.429,147.534,2.308,1,92.603,71.873,0.91,0,1,0
1,35.8455,0,3.0171,1,1,0,4,2,16.4224,59.725,0,113.55,6.49,39.493,1,45.191,66.789,9.409,1,11.549,79.556,1.983,0,1,0
0,39.4742,0,33.3088,1,1,0,4,6,14.2424,52.023,0,118.722,10.898,1.587,1,8.447,146.756,8.944,1,20.212,99.775,0.277,0,0,0
0,30.905,0,15.0943,1,1,2,2,6,10.5717,43.614,0,174.73,69.362,19.57,1,8.422,26.57,9.58,1,63.603,7.847,8.06,0,1,0
1,34.5931,0,8.1689,0,1,0,6,3,14.8644,39.925,0,82.53,26.245,32.699,1,4.001,20.299,9.688,1,2.025,78.871,0.172,1,1,0
1,38.6079,0,12.9603,1,1,0,2,6,19.1024,42.07,0,52.659,35.318,0.25,1,48.605,48.529,4.104,1,22.179,28.951,-0.323,0,0,0
0,38.1022,0,18.4027,0,1,0,2,5,35.3637,50.83,0,130.547,104.155,29.742,1,33.62,65.535,3.442,1,71.258,69.595,9.462,0,1,0
1,28.7873,0,13.5078,1,1,0,2,2,19.5225,40.751,0,136.718,63.786,4.462,1,42.698,77.286,8.559,1,3.137,53.971,1.671,0,0,0
1,28.1231,0,18.7356,1,1,0,2,5,12.4266,57.524,0,74.401,219.696,31.452,1,2.699,67.882,9.598,1,90.668,81.775,11.248,0,1,0
1,30.1559,0,14.8021,1,1,0,2,2,12.5014,59.065,0,156.097,79.51,0.168,1,0.157,21.73,2.575,1,43.322,54.271,6.016,0,1,0
1,35.3725,0,10.3572,1,1,0,8,3,15.2426,54.243,0,52.145,8.476,22.709,1,48.552,8.669,3.989,1,90.416,34.31,10.673,0,1,0
0,30.8208,0,14.8077,1,1,0,2,6,18.3225,79.843,0,145.718,1.973,32.264,1,49.305,86.549,8.339,1,21.799,6.265,6.277,0,1,0
1,34.6348,0,12.6289,1,1,0,2,2,12.0365,51.535,0,172.01,5.875,33.141,1,47.89,8.917,8.736,1,163.085,57.214,5.965,0,0,0
1,38.3629,0,13.1236,1,1,1,2,8,15.8453,59.104,0,144.862,233.995,33.954,1,41.042,8.484,1.91,1,113.138,85.813,1.98,1,1,0
0,32.7072,0,13.6444,1,1,0,2,5,12.554,72.234,0,178.79,70.379,12.69,1,92.004,50.543,8.735,3,1.861,38.255,8.175,0,1,0
1,30.9611,0,9.8019,1,1,0,2,6,18.936,59.394,0,76.859,27.85,14.401,1,68.713,19.248,4.416,1,95.222,38.353,0.878,0,0,1
1,38.0877,0,3.9789,1,1,2,2,6,10.8624,62.553,0,109.57,75.459,3.698,1,9.473,45.483,7.538,1,40.284,85.783,0.242,0,1,0
1,28.9428,0,18.0618,1,1,0,4,2,10.577,55.415,0,179.0,210.033,16.272,1,17.04,61.475,9.969,1,41.52,91.272,1.092,0,1,0
1,38.8896,0,13.5246,1,1,0,2,1,19.6803,59.524,0,77.698,219.034,22.21,1,41.615,73.21,6.378,3,41.292,33.173,0.978,0,1,0
1,21.1051,0,10.9473,1,1,0,2,6,11.7731,62.631,0,107.493,148.513,27.702,1,4.494,3.515,9.414,1,25.962,50.53,0.063,0,1,0
1,25.4858,0,1.6594,1,1,1,2,5,17.7167,59.849,0,73.081,223.3,30.944,1,35.124,38.272,8.284,1,240.167,54.352,0.137,0,1,0
1,38.166,0,26.0469,1,1,0,2,8,15.4126,61.219,0,111.497,10.991,22.513,1,56.201,0.761,2.103,1,3.102,77.12,0.775,0,1,0
1,30.3708,0,0.9735,1,1,0,18,7,15.8624,41.649,0,200.918,35.316,6.417,1,33.014,42.266,4.397,1,0.956,64.37,0.03,1,0,0
1,38.2639,0,10.5117,1,1,0,1,1,14.2046,59.93,0,78.24,80.463,36.794,1,42.914,92.587,3.381,1,7.264,30.928,0.777,0,0,0
1,33.1451,0,7.3307,1,1,0,2,8,12.1067,54.854,0,155.285,124.456,6.589,1,44.165,19.021,3.741,1,3.569,76.653,1.167,0,1,0
1,38.1807,0,11.0373,1,1,0,1,8,11.8604,56.828,0,170.173,26.846,36.132,1,3.008,148.429,4.53,1,109.16,89.521,0.116,0,1,1
1,38.7453,0,15.0758,1,1,0,2,2,16.4524,41.994,0,136.017,264.303,22.775,1,13.143,70.42,3.389,1,25.124,13.37,0.962,0,1,0
1,38.1304,0,15.6602,1,1,0,1,6,11.9047,57.882,0,0.673,118.37,10.202,1,38.093,45.764,9.049,1,104.115,73.592,0.073,0,1,0
1,35.1452,0,10.9354,1,1,0,2,3,12.4186,56.716,0,64.546,40.226,31.13,1,59.415,71.86,4.232,1,61.769,97.352,0.553,0,1,0
1,34.4656,0,0.5963,1,1,0,2,8,14.507,56.813,0,53.466,-9.594,1.792,1,67.999,47.491,3.738,1,2.241,36.343,0.5,0,1,0
1,40.6658,1,14.9607,1,1,1,5,6,12.5127,50.564,0,153.114,40.398,6.313,1,38.119,41.849,3.622,1,5.156,55.545,0.237,0,1,0
1,36.3756,0,4.9718,1,1,0,1,1,13.595,54.864,0,4.453,232.331,22.698,1,2.588,418.583,9.387,0,10.227,30.466,0.187,0,1,0
1,32.7666,0,3.1083,1,1,0,0,2,11.9657,9.263,0,110.297,46.301,22.489,1,11.304,77.033,0.713,1,9.869,76.536,1.877,0,0,0
1,38.1748,0,0.9675,1,1,0,1,1,14.8157,64.803,0,137.194,-6.13,38.818,1,0.291,0.962,3.989,1,60.172,78.579,1.117,0,1,0
0,38.8001,0,11.3041,1,1,0,2,2,18.3354,49.469,0,474.539,26.377,37.432,1,89.677,82.953,8.102,1,169.69,33.57,1.131,0,1,0
0,38.22,0,11.9029,1,1,0,2,2,19.0546,54.734,0,137.588,69.668,23.292,1,6.985,50.904,3.972,1,67.254,45.82,0.277,0,1,1
1,38.6036,0,10.8077,1,1,0,8,7,10.6525,54.973,0,51.798,10.375,0.912,1,73.448,14.007,3.067,1,17.355,41.575,1.967,0,0,0
0,30.8576,0,22.4044,0,1,1,2,2,11.5257,41.879,0,72.516,242.314,2.093,1,3.542,80.989,8.283,1,90.772,69.621,0.037,0,1,0
0,38.673,0,0.2048,0,1,0,12,6,18.4245,47.948,0,144.648,212.818,27.654,1,30.218,70.519,9.87,1,9.62,59.23,1.866,1,1,0
0,31.6983,0,11.333,1,1,0,2,4,44.9142,73.326,0,23.808,9.555,16.564,1,18.308,67.493,1.989,1,35.711,86.941,5.295,0,0,0
0,22.3736,0,19.8973,1,1,0,0,2,12.4736,54.57,0,92.025,241.058,20.812,1,110.196,40.071,9.817,1,3.226,85.025,6.117,1,1,0
1,28.6056,0,10.9309,1,1,1,14,2,15.4685,42.556,0,8.031,25.257,34.922,1,42.244,8.49,3.939,1,1.0,56.255,0.137,0,0,0
1,38.0588,0,13.1764,1,1,0,4,2,31.0128,47.636,0,257.811,45.311,12.942,1,6.833,190.963,2.352,1,2.103,74.773,0.077,0,1,0
1,38.9006,0,16.6087,1,1,1,2,8,13.3192,51.943,0,70.933,10.856,0.685,1,8.791,46.089,9.525,1,61.284,31.123,0.672,0,1,0
1,45.1008,0,4.935,1,1,0,2,9,15.8516,59.818,0,52.578,58.753,33.792,1,2.253,80.273,1.279,1,76.269,81.546,0.116,0,1,0
1,45.1867,0,18.5388,1,1,0,6,2,14.1441,46.496,0,150.463,149.365,40.984,1,67.221,85.737,4.74,1,3.213,34.893,1.207,0,0,0
1,20.2829,0,12.6283,1,1,0,2,2,23.9137,68.156,0,22.34,148.814,26.113,1,40.242,145.505,3.311,1,8.925,83.841,0.868,0,1,0
0,40.3009,0,2.002,1,1,0,1,5,18.614,41.935,0,15.544,116.322,1.001,1,98.095,48.956,2.631,1,42.74,1.545,0.167,0,0,0
1,38.2091,0,13.9407,1,1,0,2,2,16.6299,65.961,3,115.328,42.423,0.762,1,61.499,25.333,7.189,1,61.719,10.97,1.0,0,1,0
1,38.5759,0,0.4598,1,1,0,2,1,10.5266,68.013,0,170.534,127.378,22.232,1,2.618,0.474,2.648,1,69.351,76.676,1.925,0,0,0
1,38.1274,0,10.2083,0,1,0,8,2,13.5867,56.433,0,188.485,71.412,9.782,1,68.613,20.679,0.755,1,95.969,15.813,21.926,0,1,0
1,48.48,0,13.5007,0,1,0,2,6,10.9389,52.745,0,134.402,43.97,33.292,1,6.644,4.16,9.976,1,91.188,51.958,0.87,0,1,0
0,20.6568,0,10.6318,1,1,2,2,6,19.5821,23.566,0,0.188,713.393,39.42,1,43.669,27.233,8.789,1,45.98,67.826,0.219,0,1,0
1,33.6258,0,19.6717,1,1,0,1,2,21.0977,64.723,0,13.19,14.445,19.19,1,17.945,96.093,33.369,1,97.201,93.873,2.098,0,0,0
1,25.1159,0,14.6444,1,1,1,6,5,12.6593,19.963,0,58.57,79.84,19.852,1,46.201,77.716,4.489,1,6.166,64.175,20.5,0,1,0
1,38.6975,0,13.6519,1,1,0,2,8,15.8151,59.917,0,114.586,1.873,12.012,1,10.682,76.054,7.954,1,114.349,56.876,2.077,1,1,0
1,30.1878,0,18.1068,1,1,0,2,7,12.876,49.443,0,145.508,56.828,21.862,1,69.353,80.949,1.931,1,79.626,34.863,0.923,0,1,0
0,31.0755,0,5.0766,1,1,0,0,2,15.5751,58.51,0,1.844,267.463,22.444,1,45.068,29.405,4.959,1,47.16,92.164,2.975,0,1,0
0,34.7707,0,22.5101,1,1,2,4,2,12.5294,58.807,0,494.031,43.916,37.504,1,54.435,17.635,9.629,1,35.053,11.178,0.169,0,1,0
0,38.7673,0,0.2641,1,1,0,2,8,16.4152,52.474,0,27.813,92.995,9.518,1,38.48,46.96,7.882,1,96.063,42.182,0.092,1,0,0
1,35.0236,0,19.9788,1,1,1,2,2,12.8619,56.46,0,145.815,131.368,22.918,1,65.265,97.033,5.309,1,65.616,54.528,0.078,0,1,0
1,30.0546,0,18.4397,1,1,0,6,2,16.2854,42.55,0,120.032,6.816,2.352,1,69.727,55.435,2.389,1,69.305,78.624,7.952,1,0,0
0,30.1756,0,11.9218,1,1,0,2,2,14.5561,59.644,0,1.502,11.387,35.11,1,92.63,17.534,9.263,1,833.526,18.35,1.958,0,1,0
1,22.6755,0,12.0964,1,1,0,2,2,15.5608,59.814,0,139.803,95.296,8.667,1,39.645,68.195,9.438,1,43.759,73.259,21.721,0,1,0
1,28.723,0,12.6025,1,1,0,2,2,11.4014,59.31,0,165.04,-83.328,32.932,1,39.462,27.403,0.98,1,8.953,90.941,0.262,0,1,0
1,31.6016,0,12.641,1,1,0,2,2,12.8101,51.213,0,142.38,66.866,2.977,1,42.433,21.553,0.329,1,92.26,1.173,0.167,0,1,0
1,37.4846,0,18.0081,1,1,0,2,8,16.1137,57.114,0,80.548,10.475,0.478,1,55.498,0.933,9.362,1,13.221,6.852,0.762,0,1,0
1,35.4475,0,5.5753,1,1,0,2,9,13.1015,51.044,0,118.022,98.276,1.375,1,30.066,151.773,4.322,1,9.349,16.96,0.371,0,1,0
1,38.0876,0,11.5301,1,1,0,2,2,15.0142,49.853,0,122.673,47.365,30.984,1,6.505,195.962,3.588,1,90.673,47.924,2.014,0,1,0
1,24.6531,0,17.6712,1,1,0,2,2,12.5304,63.853,0,160.826,118.863,3.193,1,53.308,11.507,9.919,1,75.526,87.525,0.875,1,1,0
1,28.6515,0,10.8309,1,1,0,2,2,10.4645,49.948,0,132.105,314.543,0.055,1,82.841,6.351,0.322,1,43.206,11.927,15.021,0,0,0
0,39.6552,0,11.6683,1,1,0,4,2,14.4103,59.224,0,304.002,143.358,28.272,1,69.351,51.414,3.502,1,52.216,8.252,9.904,0,1,0
1,35.3673,0,4.2557,1,1,0,2,2,20.1555,7.918,0,3.044,64.392,0.252,1,17.322,57.234,0.942,1,3.943,36.678,0.152,0,1,0
0,28.6068,0,18.0333,1,1,0,2,2,3.4202,58.944,0,113.592,110.316,1.625,1,49.14,48.923,0.861,1,6.314,54.441,0.07,0,0,0
1,28.1665,0,13.9787,1,1,2,2,2,14.4827,47.144,0,132.667,82.058,11.156,1,48.453,18.983,2.331,1,13.362,0.501,0.525,0,1,0
1,24.4045,0,14.6647,1,1,1,2,8,16.4193,49.684,0,76.301,45.954,0.29,1,0.939,80.953,2.965,1,111.211,37.577,10.265,0,1,0
1,30.6722,0,10.4089,0,1,0,2,8,15.5691,31.663,0,175.606,3.188,11.068,1,43.199,19.911,4.984,1,79.257,78.475,0.802,0,1,1
1,60.3041,0,19.6915,1,1,0,2,6,14.4461,59.114,0,126.577,16.075,9.23,1,7.045,86.129,9.217,1,10.321,88.733,0.872,0,0,0
0,38.6633,0,21.3703,1,1,0,4,2,14.5104,51.144,0,112.049,16.632,30.988,1,52.981,47.288,4.329,1,73.543,41.121,0.686,0,1,0
1,28.2757,0,10.9047,1,1,1,2,1,18.6521,54.077,0,134.188,110.442,24.288,1,13.433,26.773,6.942,1,29.482,66.276,0.026,0,1,0
1,28.968,0,19.6587,1,1,1,2,8,18.4125,24.553,0,91.415,245.438,30.65,1,48.798,15.677,9.514,1,0.961,44.831,4.067,0,2,0
1,38.9875,0,7.5197,0,1,0,8,7,15.3254,53.44,0,149.882,16.307,7.156,1,66.286,97.225,4.732,1,91.3,74.329,0.742,0,1,0
0,24.3206,0,18.3043,0,1,0,2,9,15.329,94.541,0,83.453,212.613,30.471,1,68.613,29.054,0.52,1,15.639,8.971,12.047,0,1,1
1,34.7371,0,9.5315,1,1,2,1,4,15.5126,58.014,0,115.193,25.461,24.845,1,40.224,8.683,0.325,0,63.369,28.626,0.31,0,1,0
0,48.1079,0,12.9319,1,1,0,3,3,8.7416,7.914,3,113.593,48.312,18.094,1,31.718,25.693,9.941,1,23.779,29.553,5.277,0,1,1
1,27.8848,0,14.5787,1,1,2,2,3,16.7117,42.877,0,51.598,37.458,31.452,1,49.435,18.216,5.029,1,81.267,84.572,7.613,0,1,0
0,25.7566,0,6.6018,1,1,0,2,8,16.6655,99.836,0,170.814,15.316,2.102,1,31.321,38.917,2.415,1,79.569,61.353,0.392,0,0,0
1,38.6418,0,13.5151,0,1,0,2,2,22.0181,57.914,0,15.575,214.873,32.844,1,52.185,6.973,0.662,1,100.186,54.97,0.502,0,1,0
1,28.093,0,10.9407,1,1,0,2,4,16.413,49.953,0,10.988,336.48,29.547,1,6.289,54.868,7.605,1,89.166,51.587,1.272,0,1,0
1,30.7889,0,17.6369,1,1,0,1,2,16.5942,85.544,0,41.833,576.846,26.022,1,9.911,56.078,9.98,1,41.831,72.065,1.76,0,1,0
0,28.337,0,0.9681,1,1,0,2,2,12.3084,59.04,0,52.017,22.868,6.668,1,98.399,40.333,2.328,1,65.724,60.895,1.34,0,1,0
0,37.709,0,7.9641,1,1,1,2,2,40.5121,51.85,0,103.008,14.915,20.032,1,67.941,68.136,3.189,1,9.74,31.367,0.37,0,1,0
1,20.0529,0,14.0021,1,1,0,12,6,27.8128,51.945,0,8.113,72.806,6.882,1,8.157,5.993,0.912,1,3.72,33.875,0.177,0,1,0
1,28.1718,0,10.9777,1,1,2,2,5,14.019,87.833,0,159.307,49.954,10.932,1,44.198,4.614,9.418,1,41.653,72.578,0.38,0,1,0
1,38.1539,0,18.6303,1,1,1,8,6,10.5154,99.894,0,144.977,19.825,20.674,1,41.138,44.514,0.026,1,4.169,7.896,0.063,1,1,0
0,36.9058,0,4.0383,1,1,2,2,1,10.4194,60.964,0,3.899,279.356,33.19,1,41.467,8.714,3.469,1,106.168,91.473,5.111,0,1,0
1,38.1028,0,3.6134,1,1,0,8,2,16.1491,53.654,0,72.823,78.418,24.082,1,17.472,18.582,9.726,1,63.317,91.776,0.575,0,0,0
1,28.8816,0,8.9389,1,1,0,2,5,14.3741,33.603,0,192.381,146.529,39.459,1,2.916,137.684,9.37,1,91.076,85.077,1.062,0,1,0
1,34.09,0,18.6496,1,1,1,6,8,13.9126,41.233,0,158.553,207.253,34.96,1,7.924,80.906,3.489,1,47.08,10.147,0.377,0,0,0
1,28.4973,0,29.9386,1,1,0,1,6,11.7496,46.443,0,77.532,27.382,7.687,1,3.191,27.414,2.728,1,92.083,49.066,0.263,0,1,0
1,20.4218,0,2.4337,1,1,2,9,2,16.4621,59.02,0,150.09,39.889,0.036,1,17.487,6.843,2.564,1,66.268,54.47,0.942,0,1,0
1,38.35,0,12.9391,1,1,2,2,5,16.9145,63.604,0,54.115,406.339,33.152,1,48.775,7.373,6.369,1,43.529,81.272,1.282,0,1,0
1,26.5005,0,3.5047,1,1,0,12,9,16.4107,4.103,0,117.538,231.345,22.492,1,40.485,10.483,8.943,1,21.121,92.982,0.317,1,1,1
1,31.0711,0,19.8703,1,1,0,2,6,15.8645,57.294,0,163.834,135.493,0.174,1,17.619,18.264,2.959,1,151.767,97.256,0.757,0,1,0
1,34.1706,0,10.5302,1,1,0,2,6,16.4424,56.225,0,157.061,205.952,25.954,1,47.083,16.083,1.231,1,57.651,34.023,21.987,0,1,0
1,34.8973,0,15.9579,1,1,0,8,2,12.4615,58.244,0,189.533,12.456,3.079,1,76.264,15.713,6.14,0,93.703,88.551,0.672,0,0,0
1,35.3071,0,10.9303,1,1,0,2,6,18.8641,59.114,0,72.169,345.351,6.459,1,37.299,69.918,6.167,1,65.824,48.77,0.383,1,1,0
1,21.5725,0,10.3542,1,1,0,2,2,14.9054,38.617,0,95.574,0.422,32.968,1,42.647,70.219,4.984,1,131.019,8.053,0.227,1,0,0
1,28.0878,0,17.0993,1,1,0,6,2,14.5185,50.836,0,37.752,511.493,0.21,1,66.418,13.239,3.959,1,72.504,213.27,0.875,0,1,0
1,38.651,0,19.9148,1,1,2,0,5,15.6881,56.453,0,574.485,23.316,20.744,1,2.018,277.633,3.926,1,30.709,40.81,1.932,0,1,0
1,38.3476,0,14.0312,1,1,0,4,2,18.6485,79.323,0,91.046,206.344,2.962,1,48.646,46.139,3.983,1,20.269,88.072,0.083,0,0,0
0,22.2655,0,3.9901,1,1,0,2,6,10.2597,66.995,0,135.01,6.382,11.642,1,11.029,13.7,3.946,1,143.671,85.286,0.662,0,0,0
1,38.394,0,15.9592,1,1,2,3,6,13.8907,50.11,0,45.716,218.468,26.522,1,0.668,40.906,3.439,1,8.573,54.823,0.067,0,1,0
1,43.46,0,19.64,1,1,1,9,2,18.9597,56.374,0,20.383,96.098,6.79,0,51.732,46.242,3.927,1,28.489,10.063,1.521,1,1,0
0,28.3072,0,1.1003,1,1,0,2,1,19.2417,41.953,0,120.517,213.727,0.737,1,65.068,148.462,3.03,1,36.203,84.95,1.277,1,1,0
1,38.6441,0,2.8055,1,1,0,2,8,13.5117,53.643,0,87.305,0.189,9.258,1,15.645,34.264,3.089,1,4.46,21.408,0.017,0,1,0
1,14.665,0,16.2021,1,1,0,2,8,13.0294,59.805,0,102.804,197.026,31.118,1,48.08,58.423,4.08,1,13.224,90.694,4.079,0,1,0
1,38.876,0,17.4081,1,1,1,2,2,13.6994,45.244,0,150.028,-1.333,22.7,1,35.292,7.457,7.944,1,61.264,46.953,0.542,0,0,0
1,28.3816,0,15.6533,1,1,0,1,5,14.5044,39.944,0,74.345,76.479,6.458,1,60.491,178.713,3.416,1,31.559,93.767,1.172,0,1,0
1,33.8712,0,7.5054,0,1,0,1,6,18.9925,51.553,0,46.133,598.472,14.231,1,8.054,10.724,0.397,1,0.269,70.877,0.168,0,1,1
0,28.1047,0,9.866,1,1,2,2,8,17.6317,59.528,0,82.31,7.451,18.954,0,82.303,20.256,4.439,1,33.101,1.164,1.623,0,1,0
0,31.315,0,24.0964,1,1,1,2,7,11.6922,50.666,0,74.603,119.866,22.229,1,48.021,60.834,9.952,1,15.781,52.789,1.262,0,1,0
1,48.3006,0,2.9487,1,1,2,2,1,12.6844,44.836,0,633.585,9.106,8.55,1,2.402,142.603,9.785,1,6.266,40.123,0.558,0,1,1
0,25.905,0,13.0204,1,1,0,2,2,16.8545,42.395,0,178.491,-46.929,29.146,1,4.112,46.484,9.739,1,46.16,79.801,8.017,0,1,0
1,34.945,0,18.5487,1,1,1,2,6,17.0051,52.828,0,147.837,-31.553,77.394,1,64.799,46.444,9.711,1,41.504,68.835,14.779,0,1,0
0,34.6229,0,14.9794,1,1,0,0,9,19.5494,56.99,0,115.712,38.526,21.498,1,42.804,99.61,4.034,1,5.608,57.871,11.077,0,1,0
1,28.9618,0,2.5693,1,1,0,4,2,16.7181,53.104,0,91.413,42.892,12.086,1,48.151,16.044,4.979,1,91.625,68.872,0.272,0,1,0
1,28.7852,0,10.9478,1,1,0,2,9,19.4807,59.994,0,124.867,17.756,20.045,1,69.401,68.286,8.771,2,83.127,5.329,0.992,0,1,0
0,35.5005,0,11.0041,1,1,0,0,2,11.4247,41.387,0,12.531,19.548,32.918,1,69.791,51.447,3.922,1,90.664,7.45,0.777,0,1,0
1,35.6191,0,10.9027,1,1,2,2,6,18.4218,52.18,0,142.883,13.579,6.801,1,2.315,78.213,7.516,0,11.659,64.024,0.137,0,1,0
0,28.3756,0,19.2761,1,1,0,2,2,15.0204,60.89,0,147.065,9.014,7.058,1,69.999,70.679,5.989,1,8.48,95.776,0.972,0,1,0
1,28.2507,0,3.961,1,1,0,2,2,16.5484,50.603,0,177.244,20.202,2.714,1,42.438,1.284,2.529,1,61.612,49.38,1.172,1,1,0
